user_id,registration_date,is_active
5b3328a21aca,2024-12-14,True
dd22540942f2,2024-12-09,True
95eb42f82167,2024-02-28,True
b7b79cccaef8,2024-05-14,True
2f0df231b686,2024-09-20,True
e8de75570019,2024-06-10,False
3d55ca8d2044,2024-08-24,True
bbccf7968e8f,2024-05-15,False
003e83856f5f,2024-05-14,True
60ec6e0eb12f,2024-05-10,True
ea72e83413b5,2024-03-03,True
cd39a57d12d2,2024-08-30,True
036443a5bab6,2024-11-26,True
39ae62dad05d,2024-05-16,True
dd067aaf03c8,2024-02-21,True
b168638ce7ca,2024-07-16,True
8802bb96decf,2024-08-27,True
65e6db4b4d10,2024-07-17,True
b862e4069640,2024-10-24,True
72fc1af27ccd,2024-04-08,True
91d85cdbb096,2024-04-13,True
dde9c03e27c2,2024-10-03,True
bf602c8bdbdf,2024-01-22,True
e68d806bf441,2024-11-12,False
0708ca504d0c,2024-08-20,True
a172588a424e,2024-01-18,False
b03e3dd7cfb1,2024-06-03,True
335dccb46aba,2024-11-11,False
90907c41d3be,2024-04-01,True
169beb0c68fe,2024-09-27,True
d7c85a6896ee,2024-12-15,True
bdebc203c550,2024-08-16,True
9e3f007b443b,2024-04-27,True
ab8b40fc199f,2024-08-07,True
b4e05073db5a,2024-08-09,True
88a0f62d46b2,2024-01-16,True
c9ccf867540b,2024-06-27,True
4d83f1be2806,2024-08-02,True
5ee35afe1762,2024-03-15,True
a76696fca445,2024-04-05,True
2ab7466ed6e0,2024-08-04,True
34e6b676a292,2024-04-08,True
5aaed6037d3b,2024-08-10,True
dfcc14685dbd,2024-10-09,True
cf8fec7f9e5e,2024-05-11,True
ea4334e7d792,2024-05-05,False
737d13422206,2024-11-07,True
6fb1298eacd8,2024-02-16,True
5231b946bff4,2024-08-11,True
674fb08dfa49,2024-05-24,True
4cfd01189e5e,2024-07-15,True
12ea16250713,2024-12-07,True
4d2fe6a64ff7,2024-09-15,True
9899ceb4d3bd,2024-10-14,True
6144a4ff9ec4,2024-08-23,True
f4554c67f030,2024-10-12,True
9d3cc3636c18,2024-03-21,False
e7223c15e41d,2024-08-27,False
622ab565061b,2024-10-07,True
36ecd190be52,2024-08-20,False
801d80673521,2024-02-25,True
ef30c1c4ab19,2024-01-28,True
0b42138a9617,2024-08-26,True
19ccc2b7db6c,2024-05-05,True
18c1c904b995,2024-02-03,True
240ec21de446,2024-10-15,False
6935223a3c86,2024-05-16,True
36277580747c,2024-07-12,True
0c447943fbd0,2024-04-22,True
902122f3d952,2024-09-17,True
c99fdbb0ecea,2024-02-07,True
71b78dcbb078,2024-11-15,True
71814e2a7c73,2024-03-02,True
bd9a4251a319,2024-06-01,True
8bcfcf88e9e6,2024-06-27,True
b42a6bb32e41,2024-10-15,True
10e5412161b8,2024-08-03,True
b98dc434bae5,2024-10-09,True
65d1a8d0dc56,2024-05-20,True
80228d5ab612,2024-04-01,True
d20bd3c33f5d,2024-12-11,True
9e694d200538,2024-04-26,False
dce77b8107e2,2024-05-07,True
2a1295b19c70,2024-06-04,True
fd26fe231407,2024-11-22,True
c1f22fceeccd,2024-01-18,True
6a719b62109f,2024-02-24,True
7ec4c269f196,2024-09-03,True
e40ae74ae9c0,2024-09-20,True
f54e5727f70b,2024-01-07,False
e97035fb0758,2024-07-15,True
68de5efda762,2024-12-07,True
180f8de276dc,2024-08-24,True
5a5778fc4b61,2024-02-11,False
d41d275a98ac,2024-05-13,True
6a4eb3fda905,2024-11-05,True
4e68f3a016ae,2024-08-14,True
e439c335f134,2024-07-19,False
7473355f87e9,2024-05-10,True
1c9aae2d5cb3,2024-03-20,False
bb73c42faeaf,2024-05-22,True
2fabbaf5b5eb,2024-01-07,False
8c0104d54d43,2024-04-12,True
2c5eb24e6ad8,2024-07-28,True
6e96ecfe4faa,2024-09-30,True
9a13a339a2e9,2024-09-22,True
e94b33f23e6e,2024-05-25,True
6362e46329db,2024-07-16,True
b1db5f042978,2024-12-14,False
e3cd1267815f,2024-02-16,True
e1aac76da250,2024-01-03,True
413e4d87cff8,2024-05-16,True
cc64112f5602,2024-02-07,True
004d0668c427,2024-12-19,True
d98963907dab,2024-09-25,True
faa7927f6cef,2024-06-08,True
edfea497862c,2024-02-15,True
6b15beaeecc5,2024-11-30,False
3d6937567bf2,2024-07-11,False
92ce35faa213,2024-02-27,True
a23c4513b973,2024-03-15,True
ddc2e9cb459f,2024-03-24,True
ad320774906a,2024-01-12,False
95cd2fbed79a,2024-12-14,True
8985bc36762c,2024-08-23,True
1c745cc027d8,2024-10-03,True
d0a65626ae6a,2024-09-23,True
80663da9c00b,2024-10-15,True
3bbc6df5bde7,2024-05-22,True
8e0cc67d5601,2024-09-20,True
fd7cd085bbc0,2024-01-22,True
1957e007f440,2024-02-24,True
df1d5b9a2c7d,2024-11-07,False
b20f96785d2c,2024-01-24,True
beba1e673105,2024-04-26,True
b6ec79c04900,2024-01-21,True
2b41b8ee5162,2024-11-20,True
9eea61d53c19,2024-06-11,True
b6d7efdd3b93,2024-09-26,True
b530cc520a18,2024-04-16,True
45cee2212749,2024-11-29,True
0f737087bd56,2024-08-03,True
7c90094e69d0,2024-10-20,False
0ba09e49b656,2024-01-05,False
f1cf6bde7d2a,2024-10-29,False
64e9284743f3,2024-07-10,True
ddfe4db605b0,2024-04-11,True
7bb3cd338544,2024-05-22,True
78f2f775866a,2024-09-23,True
660b305c6d23,2024-01-12,True
78aab16d698a,2024-01-21,True
1e5ffd0f129b,2024-02-21,True
edae4d20f3dd,2024-03-30,True
7bed835f9b34,2024-09-19,True
7c991a60705b,2024-01-26,True
529db87e9207,2024-05-25,True
c4d2e7995601,2024-05-29,False
061467ba4df5,2024-03-25,True
45785d4d6a1e,2024-04-11,False
44596d6ce918,2024-01-05,True
12d2c9a16995,2024-05-09,True
393a1c522817,2024-11-06,True
00b01c117bc9,2024-08-24,True
c2db7956a037,2024-10-14,True
8c93375e01a9,2024-12-06,True
c3ed0286dec9,2024-11-11,True
79c9038acd7d,2024-05-13,True
355b868d463a,2024-04-04,True
8b70db6bbd4c,2024-01-25,True
c982405ec609,2024-02-12,True
56d321d2c9b8,2024-09-09,False
b99a2d5643ea,2024-11-03,True
81c3ca0f564d,2024-06-03,True
8d8384274968,2024-03-05,True
519cea3d9fad,2024-11-03,True
b70decb77ec0,2024-02-11,True
1a12adfb9c5b,2024-11-09,True
b3e9c0167498,2024-03-09,True
6ad11d5e9a6a,2024-05-12,True
6f261dcba064,2024-08-07,True
fda6afb7ff52,2024-04-14,False
67214d27df13,2024-07-01,True
d4b7a5b57728,2024-06-22,True
d5e00f7dfa13,2024-10-28,True
ad14edcd293e,2024-09-14,False
2269e4b999bf,2024-07-09,False
783ac1696501,2024-03-12,True
39c8698e435c,2024-03-06,True
05324d3e491f,2024-01-20,True
ce91682d6200,2024-12-24,False
c45b06773f07,2024-08-03,True
5f2436a2d5ae,2024-07-29,False
bf4dd8c7b1cf,2024-07-01,False
45a79fa5de63,2024-07-16,True
40863f2e60d8,2024-04-16,True
2228521e4b63,2024-02-18,True
a1de6c260de6,2024-10-23,True
ab1a87994c3f,2024-06-11,True
2e7f3c9ee118,2024-08-15,False
b49a2ec9eb1f,2024-05-27,True
8ef0c3d4920a,2024-03-09,True
3ae68cd8abf6,2024-11-22,True
5e31980d2eb8,2024-04-07,True
5c1121f034a6,2024-10-20,True
285139c57799,2024-08-01,True
b20e06d451a6,2024-02-13,True
a045c02cf533,2024-09-24,False
d4091bf092fb,2024-09-24,False
29872e71efe4,2024-01-08,True
5595d322af01,2024-03-03,True
1c48fa152227,2024-11-20,True
3ab7c86c8bb5,2024-07-31,True
3fbc7a71c7f0,2024-02-03,True
e6efd4d4a5e3,2024-07-30,False
6b7bb1f20795,2024-09-03,True
c987f88e163b,2024-02-08,True
6f5560226db5,2024-02-15,True
26d27c99d196,2024-08-02,True
fbb9d784b283,2024-03-13,True
e22a3f8ebc81,2024-07-21,True
2b0ea6ec2240,2024-04-29,False
a509b10bcd5d,2024-11-19,False
3480d1150398,2024-01-15,False
2173af8737ba,2024-03-16,True
74f3c395e723,2024-06-01,True
518a25c6a121,2024-08-24,True
0f7492f13001,2024-10-21,False
3918437296b1,2024-02-10,True
90bad1f36ee4,2024-03-12,True
f51ee9b99bf4,2024-08-02,True
b49ecf594203,2024-03-24,True
945b0a6ae441,2024-02-20,True
4023f9d27fef,2024-03-21,True
95dadf78d1e3,2024-10-20,True
6ea857641d3d,2024-07-13,True
bc7270ce9bc5,2024-06-04,True
c10cce63d19c,2024-05-05,True
766973a5772e,2024-12-09,True
bd9107b79a8a,2024-11-10,True
c298f7220e8b,2024-10-11,False
139036b56f09,2024-06-10,True
8f4c9534a41e,2024-05-18,False
ef3c874bc9ce,2024-09-29,True
7c6ad7b0de7e,2024-03-04,True
d31761c137c8,2024-07-02,True
8b141455e8f4,2024-04-11,True
090eed067fb7,2024-08-06,True
66a020a2c712,2024-12-17,True
d72f4676f1b7,2024-01-22,False
1970897d897a,2024-10-29,True
350eb3aa0c7a,2024-05-20,True
c00d072a33cd,2024-12-23,True
4ed642027a7e,2024-05-24,True
aa983d18cb6c,2024-01-27,True
67820ee5686d,2024-01-31,True
ae3e9bf8de63,2024-11-30,True
df8e51badba8,2024-03-15,True
af401093fc92,2024-11-20,True
db57865644da,2024-12-03,True
9eeeb4e22dea,2024-04-29,True
92d39b121942,2024-10-07,False
51c47c708e92,2024-05-25,True
e845a66fb9c2,2024-05-16,True
d7d7a8d05f8e,2024-01-28,True
946234f88b3d,2024-02-23,False
e00aedbbfa3f,2024-06-19,True
140e7fd172b3,2024-10-09,True
2814ed64a37e,2024-11-08,True
6a987b73f129,2024-08-12,True
c8c2e747f810,2024-04-13,True
f9b3c83d5a3b,2024-07-17,False
bb68ce3ffef3,2024-02-18,True
582a2fd7aaac,2024-09-04,True
f433b3e49be1,2024-07-20,True
7c8063c96812,2024-11-26,True
529ff29e03c7,2024-10-11,False
ffd3fb9f769a,2024-12-17,True
2894fe0d54b4,2024-09-11,True
7d98c561815e,2024-05-20,True
3eccd5cef59c,2024-12-24,False
dbc428cb2a39,2024-02-27,True
fa1bf833bb1e,2024-03-08,True
52c337206630,2024-11-22,True
a2bcdcb3f300,2024-11-19,False
2f739ae5a995,2024-01-24,False
97059d332846,2024-02-23,True
017aa152042c,2024-11-27,True
c152af4c34d6,2024-02-16,True
7ae06a43e338,2024-07-20,True
d01d70a6557c,2024-12-22,True
ad1507ca1655,2024-07-16,True
3239d88f702a,2024-03-03,True
4f2c59111978,2024-12-04,True
2761ecb63a4e,2024-06-16,True
9602879f39f7,2024-02-12,False
d8e3711231cc,2024-09-28,True
61988af9d586,2024-05-19,True
d819753ff8c5,2024-02-16,True
e969c3d7ee2d,2024-01-29,True
0f5cd18a29f5,2024-03-22,True
205327f5b7b4,2024-05-03,True
edc367d40403,2024-11-17,True
99a112dae999,2024-04-09,True
2b9befb79945,2024-12-21,True
11de14fc0eaf,2024-03-13,True
4fea4e8cd673,2024-04-02,True
9214a1693f69,2024-09-01,True
a7da8edd3335,2024-11-09,False
5a39cbb8be29,2024-06-22,True
56a7cbb193b4,2024-02-06,True
8e94d5a7c8b0,2024-09-08,True
7b4f4f64dca2,2024-03-28,True
b6459d50013b,2024-05-12,True
931f5ce21f2f,2024-08-21,True
48951301c24b,2024-02-05,True
c4bbe2025a2b,2024-09-17,True
3097edf301c1,2024-05-20,True
71bff50189f7,2024-07-27,True
68bb8949e777,2024-01-11,False
54b866c6f80a,2024-11-25,True
768fa0813e0c,2024-02-17,False
200ef4f0677c,2024-11-04,True
2cf7596c5273,2024-05-23,False
3b5e93d8472a,2024-12-04,True
a67ac1dc2925,2024-07-12,True
c83600598207,2024-11-30,False
b904796fa313,2024-05-11,True
965610040d80,2024-05-15,True
7c9ffd2f445e,2024-02-13,True
fdce6d29bf79,2024-09-01,True
19e5c75ac043,2024-04-03,True
09d67db81c76,2024-08-26,True
bef9bcdb1db6,2024-10-04,False
571953baacba,2024-06-13,True
d93c6e19cb92,2024-02-25,True
e781c7f3623a,2024-01-27,True
cb5fa5a08a28,2024-09-09,False
1748bb6e900e,2024-04-23,True
6117a4fcb634,2024-12-04,False
8f48b707f88b,2024-07-01,True
c685a984039c,2024-01-14,True
db9f9662343c,2024-06-30,True
353043133d78,2024-04-02,True
5c27323c3d39,2024-11-17,True
38db14a4bbd6,2024-10-22,True
9e0e74a90c74,2024-08-02,False
ba0eb611ec90,2024-04-04,False
c99f12db3a48,2024-03-11,True
e2f72fc5f2f9,2024-10-22,True
99e83605ba04,2024-02-05,True
57c672377065,2024-01-11,True
0b4921d19299,2024-09-03,True
281e90dfd5cf,2024-04-15,True
542e663a6ff2,2024-08-14,True
3e62ca364c91,2024-03-17,True
e4efccc5641d,2024-08-09,True
5ac472f467ea,2024-09-12,False
00198d5da7f4,2024-01-13,True
b6a6f628b95c,2024-11-23,True
0d3a88ecdbd7,2024-07-28,False
207f7211c3ad,2024-04-21,True
6aad557e1548,2024-01-01,True
c3de338a8d7c,2024-06-03,True
552db9fdd3b0,2024-02-25,True
3a8d81e3e54c,2024-10-31,True
b3dcb24f9c3e,2024-08-31,True
24967abba965,2024-03-23,False
c40290bdef09,2024-05-16,True
63c395d274a4,2024-04-27,True
ee2bf6524801,2024-06-29,True
6d130b360193,2024-03-06,True
3b281079296e,2024-10-03,False
e63952621d96,2024-08-14,True
52c826573a0c,2024-02-25,False
4ac151f8c13e,2024-04-17,True
7dad83b3361d,2024-06-10,False
5ccbd31f8e99,2024-11-30,True
f8630672f1cd,2024-09-18,True
af2c23163dc0,2024-02-29,False
94d2f4ed3397,2024-09-29,True
2dfca0f10bd5,2024-04-09,True
37ef05539d7c,2024-05-07,True
e566fbcf69d0,2024-08-24,True
50253dc4a175,2024-10-12,False
dcbe4b54792d,2024-05-01,True
cbfad568f4d6,2024-11-18,True
a2055f8677b6,2024-07-11,True
4e6b53d63528,2024-02-16,False
648720258b9c,2024-11-09,True
b7041dbe4ebe,2024-07-27,True
53fa11e745d7,2024-12-11,False
7baf2c427bd1,2024-03-19,False
7d0dcdcbfcf7,2024-09-09,True
7bdd0a64c5ab,2024-10-19,True
762df43241f2,2024-10-07,True
342a268cc146,2024-08-08,True
abbadf8c6aa6,2024-05-27,True
67b0bfb38742,2024-04-15,True
5a614614ee2c,2024-10-14,True
5ff001d1a016,2024-12-06,False
42f8417d25a0,2024-04-15,True
5a1076a8262a,2024-10-31,True
40630569d5aa,2024-11-28,True
16ca3e1839d6,2024-03-29,True
b37668a2588c,2024-11-16,True
20887e077a9b,2024-04-19,True
ad6477626944,2024-07-24,False
31bad5e927ec,2024-05-28,True
dd18222efb34,2024-10-14,True
b9df02938d44,2024-12-20,True
45f46236bae2,2024-11-21,False
5b1236cb9f1f,2024-02-23,False
08fa0257c553,2024-01-29,True
bb5dd536510e,2024-06-21,False
69b65fee2124,2024-07-18,True
d657a4a8f766,2024-09-23,True
b0335c12dbfd,2024-03-05,True
a3bac901f931,2024-09-25,True
bba114a14357,2024-08-02,True
19c8cce2d019,2024-04-02,True
a0a7238dbe0b,2024-08-04,False
1263bac73b5c,2024-07-06,False
907704523036,2024-10-18,True
0ddfe1ceb2fb,2024-10-30,True
8b0d45368f30,2024-03-30,True
c5a3bb30e4a5,2024-02-02,False
1673d58a140b,2024-04-26,True
ce5b07b7ce7e,2024-01-11,True
c24ceb4bc42f,2024-07-03,True
2a46f2fb21b9,2024-07-15,False
38e1c9e75016,2024-02-04,True
e65b422c749e,2024-12-08,True
2b1ab7f6c66e,2024-10-04,True
ccf68321f14a,2024-06-19,True
fea2c47654a9,2024-04-01,True
e56bfaa6cf66,2024-10-06,True
50a4b5b9e722,2024-06-23,True
cb64c0536f45,2024-08-20,False
9089bebd2259,2024-01-28,True
c1e9dd100cbe,2024-01-16,True
16ef64d89cb2,2024-03-05,True
a4ddaae319c0,2024-12-12,True
6a8aebee1365,2024-05-16,True
95836d270971,2024-01-25,True
98e6a8e36c20,2024-08-12,False
c39f66f64dca,2024-12-10,True
f8f6a320d73a,2024-12-25,True
cac473a23c80,2024-03-28,True
498cb8f7be22,2024-04-08,True
af36a4a57f45,2024-03-07,False
55058c844252,2024-09-24,False
d6ada6aa1dbc,2024-06-27,False
8b833dbcfe07,2024-03-10,True
89945d985794,2024-11-19,True
a969fb054220,2024-05-23,False
d30e57e573a0,2024-01-06,False
b93caef296de,2024-03-15,True
f830c1d4c050,2024-04-18,True
e5252ae03836,2024-08-17,False
5273831b27de,2024-02-17,True
9d338002783a,2024-01-24,True
556a669d98c2,2024-12-19,True
a3429df9382f,2024-12-14,True
b3a2a097ccb3,2024-02-25,True
1efe9c46f5a9,2024-12-01,True
97b0a30a5e76,2024-07-19,True
5cbc24ffd0cb,2024-04-06,False
19b4f4645ccb,2024-08-15,False
4e0592752a41,2024-04-22,True
3de12df12c81,2024-10-31,True
4fa9559487b2,2024-05-07,True
9b49695bea09,2024-07-30,True
6461b892e0f2,2024-07-25,False
1d53d3d446be,2024-03-01,True
a86d67de35c5,2024-06-29,True
cfe1f515fb13,2024-11-21,True
78b9d4fc106a,2024-01-23,True
98b32adcb002,2024-04-06,False
923c2ac84e54,2024-06-17,True
98fc7d1fd065,2024-05-05,True
2a251d41e7d0,2024-03-02,False
52e06069b3e4,2024-07-21,False
1a50dc693f74,2024-08-16,True
5b1223c247a9,2024-07-01,True
ae567278dcba,2024-06-05,True
e19d8924a9f1,2024-01-26,True
469673ee26fe,2024-03-16,True
75a0d8cab165,2024-07-07,False
baa6212d8f81,2024-05-27,True
6a116c71f96b,2024-01-02,True
ee9ac7af48c8,2024-10-30,True
f57dbee2e28b,2024-09-24,True
6ef2e2ba0957,2024-01-18,True
6d057e450a67,2024-03-09,True
676e3ee66122,2024-11-23,True
5150cdd2e84e,2024-06-17,True
97386b49b06d,2024-03-25,True
34de60389644,2024-11-24,True
105ae032c866,2024-09-09,False
48c8276888ef,2024-09-02,True
56ac445ab388,2024-09-04,True
d15d6f3d3a25,2024-06-28,True
f5a3361221a6,2024-10-15,False
8b1b49957db3,2024-12-08,True
f75b3dae750c,2024-08-16,True
db1a8b7dbe85,2024-09-15,True
86938d0e4930,2024-09-14,False
6bc96a398552,2024-11-03,True
014e9ea31763,2024-08-27,True
1f2945369744,2024-05-02,True
235ffe88bd3f,2024-08-07,True
f56810cde1bc,2024-03-15,True
c7d9a6511474,2024-06-14,True
4a834c638ffb,2024-03-03,True
8792d9490d4c,2024-04-25,False
43f92a065f06,2024-10-20,True
26a08abde2c1,2024-08-26,True
2ce6015e8664,2024-07-13,False
e243afb82528,2024-07-04,True
a774c2848416,2024-03-02,True
eaf0f7247dac,2024-02-24,True
b73b1423ccb4,2024-03-25,True
48d00754e384,2024-05-26,True
6666a3c96129,2024-08-06,True
a44e4735c417,2024-01-18,True
b8ccc528515d,2024-02-24,True
c97cc9dfae98,2024-07-19,True
1c9951a46bd0,2024-09-02,True
652fc1d9f7dd,2024-07-14,False
46ab77e48743,2024-07-06,True
dc6f52999450,2024-04-12,True
db8c7a630904,2024-11-22,True
de0cf900a736,2024-08-07,True
53c446daf7b1,2024-05-14,True
f7cd1769f4fe,2024-04-17,True
d20f69b3f3db,2024-02-13,False
675fe8f67903,2024-04-02,True
fbd6d407cfdd,2024-07-29,True
47030b9de0bb,2024-02-25,False
d856f12dc7c7,2024-06-28,True
222b4f6e8b58,2024-03-09,True
847a42895bcf,2024-09-15,True
fc7ef7d8540d,2024-08-24,False
be24b7c876dc,2024-03-31,False
ed51e095eb8f,2024-10-15,True
f1f3e403c4bf,2024-03-22,True
c96347f7c8c3,2024-04-01,False
3e2a0e290a84,2024-12-16,True
fa122a12910f,2024-01-11,True
98f9d3a95aca,2024-03-24,True
6c1905720bbc,2024-07-07,True
5093b4bb92e6,2024-12-11,True
95f959dff7d9,2024-12-16,True
94eb88711ca5,2024-04-06,True
50a0246a0f28,2024-01-31,True
4c847c260704,2024-08-19,True
c4bfff031ea3,2024-03-30,False
c8bb5262117d,2024-05-08,True
2dd9a5f225fa,2024-03-22,True
bba254abe5c7,2024-09-15,True
b0684f5ed489,2024-01-28,False
34ddadde5bc3,2024-11-20,True
d8103c684dba,2024-01-07,True
87c993344583,2024-07-06,True
65e287cbf943,2024-01-22,False
d6ddbd1d4686,2024-10-26,True
d43a67f629b0,2024-04-10,True
81accd631434,2024-03-22,True
e4c69bd7c881,2024-12-02,True
b64990193b6c,2024-06-18,False
5e185ae758a4,2024-03-02,False
a0250affe915,2024-03-09,False
c774ee128c2c,2024-10-12,True
bf03afb44ea9,2024-02-16,True
44b6bb9f1421,2024-10-12,True
b762c8ea2fe9,2024-01-11,True
bd55f322befc,2024-09-11,True
64b6236b9dad,2024-01-27,True
9f1ff2c08093,2024-01-26,True
5bc007a9d72d,2024-01-18,True
c3aeccf5cc05,2024-06-14,True
bf0d62c01d43,2024-05-19,False
ba710e378bac,2024-09-07,True
3f70384da72a,2024-07-28,True
ebe9a0ae3cda,2024-07-28,True
a4ea3c55a0cc,2024-05-22,True
1e9d6c6f9d18,2024-08-19,True
7824df871110,2024-10-09,True
6543706785df,2024-07-22,True
a5a4ab7037e4,2024-01-31,False
618e02d7ce53,2024-12-06,True
26aa445c4130,2024-01-13,False
cca519286526,2024-11-04,True
7af0a8bf1ee4,2024-03-29,True
e3525498ce73,2024-01-15,True
b7f037b52821,2024-01-29,True
3432e0d7bbad,2024-10-01,False
0d8f25078afa,2024-11-21,True
e835b92ab396,2024-09-09,True
832629167c75,2024-10-14,False
cf2f5940aee2,2024-02-24,True
9a3a865b5328,2024-09-29,True
cb318d204ebc,2024-02-06,True
7993ff6e4c48,2024-04-09,True
8cb3a86b6d6c,2024-08-31,True
ba8c89962e53,2024-02-19,True
3fc143f5a3ab,2024-03-15,True
13b9c63c1d88,2024-11-29,True
a03a0a6befb8,2024-01-06,True
14eecf6ce80c,2024-11-21,True
324d21f5af3d,2024-09-02,False
fcb07208d039,2024-02-11,False
2bea0a48f398,2024-09-17,True
00c6c2d77f93,2024-02-22,True
e61a8d10c6d5,2024-09-06,True
d46fce603fb3,2024-04-17,True
8e48465d13f3,2024-07-24,False
9c403b612ca2,2024-07-19,True
f4c8c6484685,2024-08-24,True
ad21b0cca504,2024-08-29,True
fa49e59bcbf7,2024-05-18,True
85f85a76c25d,2024-06-09,True
32b4e15b2f0e,2024-09-22,True
769714d7299b,2024-06-25,False
40a3d67d3657,2024-09-09,True
18331ac3aad1,2024-04-02,True
4140f37e3583,2024-11-28,True
c3e023109f0e,2024-10-02,True
17fe96a5d0bf,2024-08-16,True
664832af20b9,2024-02-06,True
49fc73f6fbc0,2024-06-03,True
c4cbebd19870,2024-06-29,True
e3d4b11dba86,2024-04-05,True
a4dc94434fce,2024-12-10,True
eb8fa8be30ea,2024-05-12,False
7294c88c83ab,2024-06-09,True
0659cc93e33a,2024-07-07,True
b981bf23ae7b,2024-11-13,True
72fb51dae091,2024-12-22,True
939b5b488860,2024-06-28,True
8ef0a0e85a37,2024-10-19,True
de43c9da2f36,2024-08-15,True
f9583336ac7a,2024-05-07,True
7696531e3012,2024-05-03,True
84ef00a5d126,2024-04-12,True
f3d1c5212b15,2024-08-12,True
0601b80a186e,2024-07-24,True
7814d1f7485e,2024-01-06,True
d0843fb3fc71,2024-05-28,True
6467d2420633,2024-04-22,True
aa4aee04b407,2024-04-03,True
e6bea09e1c48,2024-08-13,True
386724a2815a,2024-05-13,True
096011b66442,2024-07-11,True
9080f539462f,2024-10-15,True
1656648b459b,2024-07-16,True
f52628047458,2024-03-22,True
13849869bf32,2024-07-31,False
274b7d9db211,2024-07-21,True
510447cf574a,2024-10-25,True
02b78bc3d01a,2024-07-22,True
48a1e7d2ea3e,2024-11-03,True
3dfba9dac093,2024-05-29,True
b3857027bb8c,2024-06-13,True
b0cfa08c6468,2024-07-20,True
0ebf5341c88c,2024-11-20,True
effe7ba21e6f,2024-07-09,True
726f34bebdbc,2024-01-08,True
47fef5bee877,2024-01-29,True
8902908af67f,2024-04-19,False
05e397636b73,2024-08-10,True
c15f3067581c,2024-01-10,True
5a24805aba28,2024-05-11,True
b4a5c434d4d7,2024-02-01,True
adce8d2bb9ee,2024-04-23,True
f369dca57f8f,2024-06-07,True
fca204323992,2024-08-28,False
8e89ccecb1b0,2024-08-04,True
a928827224fe,2024-10-23,False
487e5ce49fab,2024-11-26,True
6d20df70321e,2024-05-07,True
24097ecdf4b7,2024-01-09,True
1735ca91181e,2024-06-03,True
4382cb669396,2024-11-24,True
71470ab2d7cb,2024-01-28,True
253a2cb98f83,2024-05-20,True
453b36448d0d,2024-11-29,True
c5673ebf9044,2024-07-24,True
c5a27c1162b5,2024-03-15,True
bca923367f24,2024-03-01,False
ef25b5ab9e3a,2024-12-03,True
607991a1cc6e,2024-01-20,False
61cc7b42d16d,2024-11-15,True
2368479ebbf3,2024-01-10,True
5b2592cc5a67,2024-01-25,False
a165ab9847bd,2024-05-26,True
9b2a03095501,2024-06-20,True
3962db6f680d,2024-04-02,True
8fac47360ffc,2024-07-12,True
58c5a11992b7,2024-05-17,True
48049fdbe6a5,2024-11-25,True
c7de056548d5,2024-07-31,True
1224417ebfa6,2024-10-26,False
eddcc561adb1,2024-08-22,True
d98ae15d919b,2024-06-11,True
a2e6da8a5dff,2024-05-26,True
c5ef5012fe93,2024-03-13,True
d3031813f3d0,2024-06-21,True
3a4c68f252d9,2024-11-25,True
2d8c910c7eeb,2024-07-14,False
8e082e9e44b6,2024-06-17,True
623a51ac632e,2024-06-17,True
c4b28899966f,2024-03-30,True
24ae84f43147,2024-09-26,True
f6fd518b8952,2024-03-31,False
a39dc7504c51,2024-02-25,True
0a6bc7499aaf,2024-10-19,False
107b0e5793d2,2024-02-29,True
119138418196,2024-02-26,False
1d196d2b9b30,2024-11-11,True
466cc691d5da,2024-05-10,True
e6ce880926ed,2024-03-20,True
8b1eca1aa2db,2024-01-27,True
c3cb2d5f4fad,2024-03-20,True
af3db142fc07,2024-11-26,True
d2a6e89cea03,2024-08-15,True
11afbeca3834,2024-06-16,True
e75927337a2e,2024-05-20,True
7aa0c1a02b31,2024-10-15,True
3214109d5b40,2024-05-13,False
13900b907ced,2024-08-03,True
ac49621fcace,2024-10-26,True
d326d98b5d80,2024-04-17,True
957de74bff7f,2024-10-11,False
19a75492f201,2024-12-06,True
8a431ddf1372,2024-08-31,True
4f909a8e1199,2024-02-24,False
f30630da672c,2024-02-10,True
78c4fada4321,2024-03-09,True
2445830f070f,2024-04-22,True
d62272ab6a12,2024-02-23,False
0c2b27fdf1ca,2024-11-16,True
a3d4c61f6137,2024-08-29,True
4f5c6fef968c,2024-01-09,False
81648a791dc2,2024-07-14,True
acfff7fe43f5,2024-12-07,True
59d23369ef10,2024-11-23,True
a99d31c4dfa3,2024-05-04,True
8b910d5717c0,2024-10-27,True
5ad029120c52,2024-01-25,True
0321d61b28a4,2024-12-01,True
cca222e657a7,2024-08-16,True
3e18946f2f30,2024-07-28,True
3513c5d3e13f,2024-02-23,True
e63f31f3f15a,2024-02-18,True
3a756e39faf5,2024-08-03,True
bb973d199846,2024-11-28,True
78291c093f4a,2024-05-10,True
0afe0c823168,2024-10-22,True
c98d07006ce0,2024-03-24,True
31d8b73d2e96,2024-07-29,True
60e8ca8c7560,2024-07-07,True
69ea8b48ccf9,2024-03-15,True
4693bfe9178f,2024-01-24,True
c41ee81eee06,2024-03-06,True
8629e860ab8e,2024-06-24,True
0dcccef99a71,2024-10-29,True
fac2be1037e1,2024-07-16,False
ec34e1ed97c2,2024-09-13,True
9069bb81382a,2024-05-23,True
eec0b36571e4,2024-06-03,True
1f4c9fb0c188,2024-04-16,True
77ad647442a3,2024-10-26,False
dadde0a14c1e,2024-07-24,True
d96072a660ca,2024-05-25,True
ab37d021a577,2024-04-16,True
d09b2810e5ff,2024-11-19,False
88f154b8cd65,2024-01-17,True
4dec29ce318d,2024-08-28,True
aeea95d57e78,2024-11-02,True
477d1e49d698,2024-07-02,False
7c25f5c36161,2024-02-20,True
03dc5886f7ed,2024-03-19,True
9a018ad72e8a,2024-08-23,True
b9714ec2b85c,2024-02-07,True
5a0d8aa08f09,2024-04-02,True
4b79c13a8564,2024-09-15,True
90415ea88631,2024-11-15,True
8fde3832acb8,2024-01-02,True
4ba072e920f7,2024-09-05,True
a61bacca66e4,2024-08-23,True
d496131758b9,2024-11-03,True
7478edfb5145,2024-09-05,False
54ccb7d62c1d,2024-09-27,True
4d32e691db8e,2024-02-26,True
9854e717ac02,2024-05-05,False
2cd2f843db0d,2024-10-08,True
fed6507e5978,2024-04-23,True
fc59aa407637,2024-07-26,True
df830f30a8e1,2024-11-27,True
07499b2e2892,2024-01-14,True
138e363a09b3,2024-03-25,True
0d8666e8984b,2024-07-22,True
6390125f4fb9,2024-08-21,False
c2eb35934d05,2024-07-05,True
1d4377293698,2024-04-04,True
5342c17e0249,2024-01-28,True
19db96258b29,2024-09-05,True
bcd5ab966a46,2024-10-13,True
50b33a8c4356,2024-02-04,False
01c66f61027c,2024-05-07,True
44b19ca98782,2024-02-27,False
050bdb063026,2024-09-07,True
846d121cf09f,2024-09-30,True
dc8ed014f8d2,2024-10-17,False
895581aa7340,2024-06-07,True
aa07478b05e5,2024-05-01,True
6d5cc0233944,2024-09-21,True
f9a423a79ffb,2024-03-25,True
347e400d0b4e,2024-12-24,False
64656e55fcc4,2024-04-24,True
b2611d2b7963,2024-12-12,False
17b4436b113e,2024-12-21,True
63ea0beb3f9a,2024-12-06,True
75ec923c39de,2024-04-17,True
13ee48073b6f,2024-09-05,False
ee2590da649b,2024-03-11,True
43cfcc117d01,2024-03-12,True
bf36bd428928,2024-03-17,True
0a2edcc750c6,2024-06-18,True
760c210dcbb7,2024-07-05,True
0a57e5cbfc7d,2024-07-15,True
519e1ac0d010,2024-07-26,True
5943e66a8338,2024-10-07,True
9878da9325b0,2024-06-25,True
064e9c9fa014,2024-09-26,True
73a0dbb0d142,2024-01-12,False
77e7075533e1,2024-01-24,True
d25d9dcdf1af,2024-09-01,True
7551d853556c,2024-08-08,True
551d92981e60,2024-11-22,True
f0250dd9be08,2024-01-04,False
8499fb9e279d,2024-11-19,True
851ad7e71235,2024-08-08,True
285a68a8f46a,2024-03-03,True
a607479e4b05,2024-05-12,True
2fd4a7d68bf7,2024-12-03,True
91314d8e9022,2024-04-14,False
e4dcbefcdc38,2024-06-13,True
44072a23d615,2024-04-14,True
e49df7078c55,2024-05-19,True
6a890dad1ade,2024-10-01,True
836b31477bb0,2024-05-22,True
40a14c2c85e8,2024-09-06,True
0b0a373331e2,2024-05-23,True
c4e4a8b2d2b9,2024-02-24,False
79bab7a95370,2024-11-01,True
06c1dc6f7bd4,2024-03-30,False
3262b995018a,2024-08-01,True
b030f3442fbe,2024-02-02,True
030afa8cbc30,2024-06-20,True
f702477545fd,2024-03-11,False
747ae3b0176f,2024-11-15,True
d14644f885e5,2024-03-07,False
11a8ca3cb575,2024-08-22,True
b6b7acd02759,2024-11-04,True
584d329faee2,2024-01-29,True
da2b6f162944,2024-06-28,True
0c11d4bf688c,2024-04-12,True
3d0224253a69,2024-03-18,False
0fef5ddcee47,2024-03-10,True
a23412598867,2024-01-27,True
65f81e2f7c7f,2024-05-20,True
1b1fddf27b58,2024-09-21,True
c48f417d4cc5,2024-10-08,True
09d444047cfb,2024-06-23,False
5652b992ad6e,2024-04-18,True
7bcc428bd5dd,2024-04-04,True
9a71ba25784f,2024-05-20,True
6be6108be67b,2024-09-26,True
ecf38911dd62,2024-03-29,True
706f5c393e81,2024-08-13,True
4f833084130e,2024-08-15,True
c32e55ad9ac9,2024-12-14,True
7bbf6f37fa6c,2024-09-08,True
90d32bcb031f,2024-11-05,False
36a7e1f11a0a,2024-08-04,True
29f7906e4dac,2024-03-04,True
a8de392dbcef,2024-03-19,True
e95668a8ea25,2024-05-24,True
fe1b9f69b326,2024-02-20,True
cf23feb37ce8,2024-01-19,False
c31d2a7f0422,2024-09-20,True
f7b693a1d585,2024-08-29,True
2f1db5fb9e3a,2024-02-22,True
0a58a7377fa4,2024-06-13,True
3ab33eaf57c4,2024-12-23,True
490767bee80a,2024-05-25,True
90f811e586b2,2024-06-10,True
c6e69a15137a,2024-09-03,True
d31c3fb76ebe,2024-02-24,True
bb89e706c914,2024-07-27,True
830476ea0d40,2024-10-11,False
fa80b9a0004d,2024-09-14,True
9c3399598a6a,2024-09-17,True
e4e2c13add79,2024-05-14,True
649efc56ac91,2024-03-13,True
48f000f4764e,2024-08-15,False
2fe141f52ee3,2024-03-14,True
702a7fd9b8fd,2024-11-20,True
f9a108de7dfb,2024-04-18,True
0fb638355a71,2024-09-15,False
781f5fa5665d,2024-10-03,True
7c81da5c7b57,2024-12-12,True
cca665528c00,2024-08-04,True
833f2c174468,2024-01-14,True
09965a66b849,2024-09-29,True
d6eba8fac04a,2024-02-11,True
c9eced396c1f,2024-11-21,True
f690b4293b18,2024-10-04,True
eca71dd19d8a,2024-11-14,False
59e84c0002fb,2024-09-19,True
438f47724b49,2024-08-08,True
a1bc5cbced3e,2024-04-09,False
6fa7c311c6a2,2024-02-22,True
8b861af72ac0,2024-03-06,False
9d49e1df1b40,2024-10-08,False
e1e0b43df217,2024-07-31,True
9ff079f24f2a,2024-06-24,False
2748b07f0ab6,2024-02-17,True
2d75f875c3c7,2024-01-25,False
3b0c9c2b7bcb,2024-12-07,True
46bf09b11515,2024-10-29,True
03d670d90de8,2024-09-22,True
ddcaa305357c,2024-05-11,True
5d347eaf3210,2024-07-26,True
e7814684e506,2024-12-08,True
e1f3cf6f809d,2024-10-21,True
018e3bed6dee,2024-10-20,True
c2630b19aae1,2024-03-24,True
69704ccc5681,2024-02-22,False
9f3799036d8a,2024-10-15,True
df02b0159373,2024-06-20,True
5c56936032a7,2024-03-06,True
c60a100a5405,2024-09-24,True
5c8665fda3f3,2024-06-20,True
11dd7ce433af,2024-10-23,True
45fa021346f7,2024-09-30,True
745f69751a3b,2024-04-27,True
ffe45f1c207e,2024-04-16,False
236dec73a5e1,2024-04-24,True
2e9dc9cc4556,2024-03-06,True
739ba1404139,2024-07-20,False
531341aeb4d0,2024-06-24,True
fa8f247277ee,2024-11-25,True
0bdc2d09d0db,2024-01-21,True
67f3ad98a08e,2024-10-02,True
78ac2745e893,2024-11-29,True
414ffea86fe3,2024-02-21,True
2ee96646a24c,2024-06-26,True
28558a3a24be,2024-04-19,True
61fd460eda64,2024-10-01,True
9a32534f5a69,2024-12-01,False
8ad381164f45,2024-12-23,True
1db7fe6428e2,2024-02-10,True
4a099a931e6b,2024-07-28,True
b2d9c9118132,2024-04-14,True
80e2b198c14a,2024-03-03,True
97b4531897f1,2024-05-14,True
a59e4752f807,2024-08-15,True
476d50e593e1,2024-01-16,True
d4c9c5541b15,2024-11-15,True
4e1a30766f86,2024-05-07,True
a43aec51c845,2024-05-06,True
7ee4542d9409,2024-05-21,True
88beebe1fea4,2024-08-07,True
19f855b4cf80,2024-03-20,False
269a6243a972,2024-03-17,False
816f877405e5,2024-09-06,False
0faa627f6ad9,2024-04-17,True
7ba11b2a9b8f,2024-06-04,False
cfbdc884b3b8,2024-02-14,True
e69d87341ada,2024-03-08,True
a8192d73d573,2024-10-23,True
1e5ce15c62f0,2024-11-12,True
241726d35dc0,2024-12-13,True
85895696fc56,2024-12-15,True
d62e920e4141,2024-02-06,True
0a53c262c5f9,2024-01-22,True
f33c3c8fc78a,2024-01-08,True
cf96530b34c2,2024-08-28,True
18e83877723c,2024-12-16,True
e44658678f75,2024-05-12,True
5b9db5604b29,2024-11-01,False
b2f010877971,2024-06-13,False
6bcd1b972190,2024-11-11,True
c882eac4e900,2024-10-22,True
76bbbc8c6dd5,2024-07-08,True
d763642ff5bb,2024-12-08,True
7b9072f1e59c,2024-11-07,True
9349adb58163,2024-07-02,True
5dba4f6718c5,2024-12-14,True
48b87921d6f0,2024-02-21,False
82c86786cd7b,2024-10-04,False
7e46e8804e20,2024-07-16,False
a214ce71b14f,2024-02-08,True
235d981c22ab,2024-01-08,False
9ef93762a191,2024-03-12,True
283d08551019,2024-03-17,False
32a007b7b300,2024-10-11,True
f0da1bcd715e,2024-10-27,True
18c238dc9b78,2024-06-03,False
40757c637ec1,2024-11-07,True
5120d3ea8fbc,2024-04-10,True
569cc0363e18,2024-10-08,True
9cf15f7073c0,2024-11-23,True
cc4bbb2b8300,2024-02-22,True
eea4014e4a3b,2024-01-09,False
0d62dee76af4,2024-11-28,True
ed79223b2c5d,2024-10-12,True
7491d966bfcc,2024-04-03,True
d344078354b3,2024-11-20,True
f7b0618cb2ea,2024-02-07,True
bbe5cb516289,2024-04-08,True
99d22d6de656,2024-01-21,True
304c3e7b8d2d,2024-08-13,False
c5f125c8d48f,2024-08-28,True
24cf1f057d1f,2024-02-05,True
ef6f0a3d62db,2024-11-04,True
d377d20b328d,2024-01-26,True
47b9492bba68,2024-04-29,True
e44f286a081a,2024-05-16,True
1282035ae300,2024-12-17,False
0ef0dd2e9e51,2024-10-09,True
98063692c030,2024-06-18,True
c2de5056f978,2024-04-22,True
118adc025fe7,2024-03-03,True
827c670baf71,2024-10-08,True
e4ac5a26624c,2024-03-31,True
a43079dc0699,2024-06-14,True
846e60d8f548,2024-12-04,False
705f6c9d19e5,2024-12-17,True
67a78e9fe797,2024-10-04,True
d3aff9ac27b5,2024-06-09,True
dc2b19982a30,2024-08-18,True
3297fc9e976a,2024-11-23,True
955bb30b855a,2024-02-16,True
a9e5eac13b24,2024-01-18,True
4efa4adad7c1,2024-08-01,True
0ce30ebec6ad,2024-10-13,True
c89e31a3014a,2024-02-10,True
b46235146592,2024-07-25,False
648554196ef4,2024-03-11,True
1669ed877477,2024-10-22,False
d6b773003608,2024-04-22,False
551f98aff4c7,2024-02-05,True
f2ce90a526cc,2024-12-12,False
1c8292bad589,2024-04-15,True
2307da1462c3,2024-05-16,True
46fdeb67b45b,2024-12-05,False
7bc3b3630b6d,2024-02-11,True
e36d59fc6fd4,2024-04-13,True
75b03f1b1b89,2024-08-27,True
7e6ef708c521,2024-07-21,True
18ef299ad433,2024-11-20,False
4399008d1070,2024-01-11,True
cf70cc7d0d39,2024-10-07,True
425d7fab5b3c,2024-01-20,False
2d5cc4072351,2024-01-03,True
77b0ae9f1647,2024-08-28,True
199afb63fbda,2024-10-23,False
699376be4522,2024-07-22,True
6d3bb1d4b3b0,2024-02-27,True
62b75e9f471c,2024-01-18,False
6a855ecf4bbe,2024-07-07,True
fe9682acef2c,2024-03-19,True
e85f47969602,2024-11-26,True
36e62fac1799,2024-01-02,False
a1417f0ebe8a,2024-04-09,True
4d7d2b89709a,2024-10-24,True
f0fa787732a4,2024-08-22,True
5daa5608a6b7,2024-05-06,True
39420946f9b1,2024-04-05,True
bee6653c057e,2024-04-04,True
d7e4e9248e02,2024-09-05,True
191f807ef083,2024-06-07,True
846ccee64338,2024-11-30,True
ea7329d33102,2024-12-06,True
5cc8a1e8d3db,2024-10-08,True
5b004b72358b,2024-04-29,True
a0d50c39ebea,2024-12-17,True
43d607ef4bcf,2024-08-17,True
f93d028dbae2,2024-10-03,True
0179c1a3efec,2024-07-25,True
153f1be562cf,2024-07-22,True
54051788a846,2024-01-06,False
9ecc1d7e4010,2024-10-15,True
d98e8a307445,2024-01-21,True
513cae778529,2024-07-08,True
e56dd8b4921c,2024-02-24,True
0b3501d95cdc,2024-04-23,True
a9272f596611,2024-02-20,True
5143272fb584,2024-12-16,True
bc1da20cd855,2024-06-06,True
fffacfa5677e,2024-02-16,True
e54ff9c91864,2024-01-16,True
2c5b6339c717,2024-06-26,False
eb88a89f9995,2024-10-11,True
359831a0df7b,2024-09-23,False
be1da7ffb5e3,2024-07-08,True
34ea0f9e5a6d,2024-08-04,True
9159afd8978a,2024-03-18,False
652348a6bb50,2024-09-09,False
c071a9da5d49,2024-12-03,True
a401d7765b7c,2024-09-11,True
f7983d4dc80e,2024-02-18,True
7197b45fb78a,2024-05-25,True
554fd565c423,2024-02-28,True
7fe2d2b9f70a,2024-06-26,True
8f32c6e0093f,2024-10-09,True
ac0347b0642a,2024-08-02,False
71baee50a0e1,2024-06-09,True
57c11566f0ef,2024-02-18,True
4073da248adc,2024-11-12,True
1a81eb654fcf,2024-05-29,False
96b148cce66a,2024-05-22,True
0ecdb925cfed,2024-07-11,True
0fb767e23f06,2024-10-11,True
851fc7695603,2024-04-22,True
6de6684371a1,2024-07-17,True
a9ba0eb51119,2024-03-08,True
4f94e992353b,2024-04-26,True
37a916b07bfb,2024-07-23,True
2a30377c040c,2024-05-11,False
93d20d3dedb0,2024-04-21,True
9217aa2bcceb,2024-10-29,True
99053bc92104,2024-08-31,True
ddc5ae227d53,2024-07-02,True
d071b832a6f2,2024-09-16,True
df16b9848238,2024-05-12,True
5fdbc112f6a9,2024-01-15,True
d50b18e9771b,2024-02-11,True
e5a693a18744,2024-05-10,True
a3bf5ed79ea3,2024-08-29,True
5ad86a3a6bf3,2024-03-09,True
bcd6eb92b38a,2024-09-25,True
ad77dd36eb88,2024-07-08,True
67b8a8ec0da5,2024-04-04,True
2a44860a80e2,2024-09-03,True
a9f7e64a6f23,2024-07-09,True
242a4a5e3393,2024-08-25,False
d10e9e99d2ed,2024-11-11,True
fdc493c323bd,2024-07-23,True
085bf5523d7c,2024-03-24,True
01438b0ac1dd,2024-10-19,True
d691a5c2d489,2024-05-29,True
a9ef4fe3952b,2024-08-14,False
af3db68774ac,2024-07-07,False
dd76dea0f7a1,2024-01-11,True
08d49d3ea2d2,2024-07-29,True
48c342fe1961,2024-10-31,True
6b9cd6b9cb40,2024-10-05,False
b125df3d06bf,2024-12-02,True
d693668be0fe,2024-08-28,True
66546928884c,2024-08-28,True
8851f4bccbbd,2024-12-15,False
beb7d875681d,2024-03-10,True
32fb65ea855a,2024-04-21,True
5472a0b78d14,2024-01-22,True
482cda626a69,2024-06-01,True
e6aae2755ce1,2024-05-13,True
f45ba6eb6efe,2024-07-07,True
ae3035ffee56,2024-01-30,False
fef79ef978b5,2024-07-04,True
6f9af8b5afd0,2024-12-06,False
21f4d61df8cf,2024-09-22,False
acf6362c2ce9,2024-10-28,False
b5107fd92839,2024-02-18,True
cafc8010730b,2024-11-20,True
d042cbf4b1f3,2024-07-05,True
3145e338fbfa,2024-05-17,True
d495cf4f38e3,2024-11-25,True
6e38493c9cbe,2024-03-24,False
c8cf7b192c32,2024-01-07,True
cde8649cc91a,2024-11-15,True
911e29b89070,2024-08-31,False
4de41d1e0c96,2024-09-12,True
ed62cbc2ead6,2024-03-06,False
e74c4f5066fb,2024-01-27,True
f71a56ab1c7f,2024-12-02,True
be2939fda96b,2024-11-06,True
35396c4e3457,2024-12-03,True
6ac7113f93de,2024-11-28,True
0a02ac31c6e9,2024-09-18,True
6e862bb1885d,2024-12-17,True
3602c7a98e67,2024-07-30,True
0f91f0bbe0c5,2024-10-28,True
286a3e732829,2024-02-25,True
ac78d67b1e43,2024-10-27,True
0164e57e0e0c,2024-01-17,True
9e446fe6a907,2024-07-12,True
4471681a0cf0,2024-05-12,True
14771529f6de,2024-08-05,True
2b7874f34ba0,2024-02-02,True
d09972cbdb74,2024-11-23,False
69ff50ecaacb,2024-03-03,True
a576fb87d0e7,2024-06-23,True
6085c0dbf6f6,2024-10-22,False
748566f4b90b,2024-11-29,True
66c208884e63,2024-08-19,False
9229543d6ae3,2024-01-04,True
91ea71440fdc,2024-11-17,True
1b1c387c3afb,2024-03-11,True
27b1a34f5811,2024-07-03,True
24ed74fce655,2024-01-15,True
45482c470b69,2024-03-24,True
08588310f0fd,2024-03-19,True
59af10d5b723,2024-06-23,True
02f0c75eab0c,2024-04-30,True
db187ba89142,2024-02-26,False
964364cf770d,2024-04-14,False
87ea9ae475b1,2024-12-06,False
9e320b2f2ada,2024-06-10,True
1f7001195424,2024-10-31,True
f33fadb459df,2024-11-12,True
0f2a133f8606,2024-12-04,True
0706ca023582,2024-02-26,True
0e52e1408155,2024-01-21,True
e040cb40e667,2024-03-06,True
111c61faea9d,2024-02-05,True
dfb5466479e9,2024-05-10,False
f31dc49f811c,2024-12-15,True
7e7888f193ec,2024-07-25,False
cc2aff771c04,2024-08-30,True
25b0c6b3e1a6,2024-04-20,True
5865109f76b7,2024-10-06,True
d994bf8efe36,2024-07-01,False
7e6ac45a1a8e,2024-07-14,True
ea0e6fa388ce,2024-07-30,True
afb08ef2bc4a,2024-07-19,True
096c63b077c1,2024-03-23,True
d4c1de1f377c,2024-07-03,True
0ddfdd79b850,2024-06-02,True
0d4e115431c2,2024-06-19,True
39d3b134eff7,2024-03-20,True
98ad6586cfb9,2024-05-21,True
8f8d766eedf5,2024-01-21,True
498ab29b3c88,2024-03-12,True
4a41b95ef51b,2024-11-24,False
116c369de75c,2024-06-09,True
ae866fb49fca,2024-06-15,True
96ea6aaaa041,2024-12-22,True
8c3514c54cfd,2024-03-11,True
4f9797d10de8,2024-01-09,True
23643952db7f,2024-05-15,True
2a706093eedc,2024-07-25,False
9475c0c55b99,2024-02-10,True
b9d214533311,2024-04-14,True
c0dc8c1a483c,2024-10-15,False
4260f1193891,2024-04-28,True
3f56d3a09c3f,2024-06-13,False
917781dffc96,2024-10-11,True
da2f1f824b44,2024-09-02,True
465c042d706c,2024-02-18,False
89d8e2b3e82d,2024-11-09,True
41208ca2e26c,2024-01-31,True
442d14e6bc0c,2024-08-11,True
6812563e4692,2024-03-07,True
390a1579ac5c,2024-06-27,False
cd63eb6b54ee,2024-09-27,True
619a8384bd21,2024-12-09,True
6fb0ee418472,2024-10-13,True
da9723f06997,2024-07-19,True
decad9fcd59e,2024-08-07,True
3cbd9fe63298,2024-07-20,True
491724b592dd,2024-01-10,True
796d3410c8a2,2024-05-12,True
1ff1c4cc2ff0,2024-08-10,True
35a023229882,2024-07-03,True
2c572b775750,2024-08-17,False
70d2afe4271c,2024-11-30,True
cec0212627e3,2024-08-07,True
703c05040bbb,2024-08-02,True
cc163c946569,2024-09-13,True
0be7dbfbff8a,2024-09-06,True
a706dc4cf3bf,2024-08-18,True
4d78013ac609,2024-03-26,True
268063a1dac3,2024-12-20,True
57c083a29aa2,2024-03-16,False
22b6f33e801a,2024-02-29,False
0a800be4898a,2024-05-25,True
50131b614dcf,2024-10-29,True
145401f5b28f,2024-09-07,True
32c767aa6b3f,2024-01-02,True
b02caf18cf13,2024-06-18,True
0c081721ffd4,2024-05-17,True
c84daa8e38e1,2024-05-25,True
a4530ab6a1f9,2024-04-16,True
9bf7eb2cc468,2024-03-27,True
b19d1d5e7c2f,2024-01-15,True
254210dc5827,2024-10-13,True
f99413a8591d,2024-07-01,True
9b4da9a615b8,2024-03-26,False
1b0e61a86738,2024-01-15,True
210a9fac0df8,2024-12-24,True
15fe96519eea,2024-01-06,True
ed90169ef789,2024-03-08,True
85e6404f295e,2024-05-24,True
74967074676c,2024-05-02,False
07625aae049b,2024-01-15,False
b9306c260a4b,2024-01-31,True
7538787a1a6d,2024-10-05,True
481d8196fa22,2024-05-27,True
c76f9f8422a9,2024-11-09,True
445b0c0a07e5,2024-04-22,True
1aff57b19f87,2024-01-04,False
6b6ee1510640,2024-03-29,True
11b0da0246e5,2024-04-15,False
b0be3e4551c0,2024-10-23,False
2561dba2bd60,2024-11-04,True
42f2108dcbfa,2024-12-22,True
3b8f299964f2,2024-09-30,True
9df88b339cb4,2024-03-04,True
69130a64dd73,2024-06-09,True
61cfa2da83a0,2024-01-28,True
5273c2f45eda,2024-04-06,True
0807017bfee5,2024-07-22,True
749f47548886,2024-03-17,False
2d9cca498e8c,2024-07-28,True
1a32708a5e7c,2024-01-28,True
8663e23bc3f3,2024-08-30,False
0f6c8cc8ecf4,2024-11-26,False
7e182e635d1c,2024-03-12,True
c8e6d4c13f1f,2024-08-16,True
9de0e86d4a5a,2024-07-13,True
1902a4195f9f,2024-10-27,True
6620832fc287,2024-03-20,True
b4ffbfb0a5a2,2024-08-15,True
facc11717c2c,2024-04-30,True
2f4eba7773be,2024-08-16,True
65ad2a7df284,2024-07-20,True
29668a21f9d5,2024-11-09,True
f706eff2740c,2024-12-23,True
4b671e096de2,2024-01-23,False
8ca88410254c,2024-01-10,True
244e30fb06a3,2024-06-17,False
10b7772bd15a,2024-01-21,True
28cc047916dd,2024-05-15,True
7a427482a87a,2024-08-05,True
ea7e7a001e0e,2024-01-28,True
fd795a31c38b,2024-10-05,True
6f8226233f82,2024-01-08,True
e82c051d85cc,2024-01-09,True
6abb5e557e4b,2024-03-12,True
270f473afd28,2024-10-13,False
8e54758943e3,2024-04-13,True
74edd7b0d340,2024-12-12,True
e7808ca94ae3,2024-04-30,False
9ff1f608ff83,2024-06-06,True
234e9107efd0,2024-10-10,False
6db70d20b783,2024-11-02,False
d883c82db159,2024-11-20,True
fd07bcfff5d5,2024-07-30,True
bac402c6044e,2024-09-22,False
8aeb9fe0cfa1,2024-04-23,True
2b6d7bb3767c,2024-02-11,True
9fa572668de4,2024-06-27,True
d497b102dff0,2024-09-10,False
0f80055d6630,2024-01-03,True
c7617033217c,2024-11-22,False
75fe6c701e5f,2024-10-01,True
db0cdaae0715,2024-03-26,True
748e4fe97b5e,2024-08-01,True
9dd6421acfae,2024-09-26,True
9890e5ea222e,2024-07-10,True
23cdb78ce0fa,2024-03-05,True
26b36f41dd66,2024-07-31,True
16f92420f3f0,2024-06-07,True
0394200c2cee,2024-03-29,True
391812e5598c,2024-03-20,False
eb02a851cf18,2024-03-25,True
0181323984dc,2024-08-01,True
918183425517,2024-11-25,True
df8cee6fda7e,2024-04-01,True
bcf472523230,2024-11-15,True
f97460243f38,2024-05-28,False
008d123be843,2024-06-10,True
cb3b299a3926,2024-12-04,True
11d2d3487b98,2024-06-01,True
6f1165e5367a,2024-10-04,True
c7d68509690c,2024-04-25,True
0a62046dd0d6,2024-11-01,True
40b96541caad,2024-07-29,True
93ebec4fae44,2024-02-15,False
07ad6d49a239,2024-11-25,True
90bbe5ef3437,2024-01-17,True
b1d659fd1abf,2024-08-05,False
d828bcc5732d,2024-04-03,True
4c6784246249,2024-07-26,True
d11ebae6f4de,2024-09-27,True
45166e594d9e,2024-02-12,True
5f9b67577d51,2024-11-04,True
28192b2dfc2d,2024-10-02,True
01fd659ea541,2024-12-16,False
f10a882e2eb1,2024-11-08,True
7e98b820715a,2024-05-02,False
7a89645b0edc,2024-10-13,False
fae6d844c37c,2024-07-18,True
01df0a148826,2024-07-22,True
b7a208adf53f,2024-01-07,True
22dcdf3dd6c7,2024-09-07,True
5a653d164466,2024-05-30,True
8843eb03d2bf,2024-11-09,True
bfbb32d32fd1,2024-06-07,True
995504da21d2,2024-12-11,False
bef7a0f47bb9,2024-12-12,False
b02ef1a73fd5,2024-07-25,False
d70088127cb0,2024-09-04,False
e6293652cdf1,2024-02-05,True
b4cd14730514,2024-06-14,True
4f9a1009bed8,2024-09-19,True
b1ab703c61ae,2024-04-18,True
a6666e832c2c,2024-05-01,False
a72c06af0aad,2024-02-20,True
b155ac6ac2c1,2024-03-30,True
f05ca952c920,2024-10-12,True
bee03af5b33f,2024-06-18,True
6d9562ade0b8,2024-09-24,True
cf9e51333503,2024-09-28,True
b23eef3a9adf,2024-06-10,True
64d13d049260,2024-01-23,True
cdc415adf4e5,2024-11-20,True
dfa86184eb09,2024-05-10,True
1aa13722645e,2024-09-17,True
616403e9eac2,2024-03-07,True
65d1f4a2b387,2024-03-17,True
c93e91d36111,2024-04-10,False
fb1cbdb1e874,2024-09-18,True
b0583eda8809,2024-03-11,True
7c1689d77201,2024-09-30,True
3cb55aaf2b9b,2024-12-14,True
9bff721ed98d,2024-08-12,True
3694cce607e1,2024-09-04,True
bd09338b7397,2024-06-11,True
988fcb196abc,2024-06-25,True
1db584e4832a,2024-05-24,False
46730fa6a6e9,2024-03-20,True
4d4419d03506,2024-06-20,True
1580cf0d3ee2,2024-01-31,True
e99e6e0d0a7f,2024-08-02,True
3b03d3966a71,2024-06-27,False
b740f03ff9aa,2024-03-16,True
6a69e6820376,2024-03-02,True
c95b327ffab8,2024-08-13,True
e887803b2476,2024-10-11,True
9f832e95fb35,2024-05-17,True
d0d9fc85e04b,2024-06-06,False
7b59ffa228e7,2024-05-05,True
1749859177da,2024-04-12,True
eb6f23676dbb,2024-07-18,True
f31e75cbbcd2,2024-03-03,False
2866472bab8f,2024-11-28,True
3cf110648e59,2024-05-20,True
70b1efca3bfe,2024-12-05,True
daaae55b4781,2024-03-15,True
bfcfe00aa5d1,2024-01-16,False
9de0187b5428,2024-06-30,True
ce21d81ce352,2024-08-29,True
474415618790,2024-10-22,False
99e0f65f90c7,2024-06-08,True
481fe7d322bf,2024-07-20,False
561266b4f294,2024-07-14,False
46d607a900c9,2024-04-06,True
dba9fe90f3dd,2024-07-20,False
45bddf2933fb,2024-06-06,True
bde31740e92d,2024-07-15,False
923b0f89ef4d,2024-01-24,True
ec8209f1a9d5,2024-09-18,False
87cbceec36ef,2024-08-05,True
d29398d55e06,2024-03-16,True
d09193f44a23,2024-01-01,True
fc5451c6daf4,2024-03-27,True
9e67ffa2c962,2024-05-22,True
ecfdad2359f5,2024-09-18,False
378ff3d07267,2024-08-06,True
d89c8b3c68b3,2024-11-12,True
5498786e469b,2024-09-08,False
0564b41bc921,2024-03-28,True
0938891cb294,2024-10-10,True
d5d2c6083a10,2024-05-05,True
c17475fb17ff,2024-01-18,True
6b9d1b18974b,2024-06-03,True
a56d8c471074,2024-04-22,True
0c08ddfb3bcd,2024-12-23,False
ca4ed09512e8,2024-06-08,True
7954508bbce9,2024-07-02,True
1cf269a6c30e,2024-10-23,True
b4c187c2235c,2024-07-23,True
23c4cf87ea09,2024-05-01,True
3215812c508e,2024-03-06,True
73613109d798,2024-04-20,False
3459b6d6ae44,2024-03-13,True
9c7e0a1e1f5c,2024-05-21,True
4c7c015eee49,2024-11-11,True
78c20562e253,2024-08-19,False
ff41c64a8951,2024-09-26,True
3c27ccbff349,2024-03-17,False
c84e835c4e1d,2024-12-01,True
a7e98d3687d2,2024-03-19,True
9edd4c84a775,2024-10-15,True
38c3b94aa9b2,2024-01-04,True
95b72e412577,2024-08-27,True
b3522958ba86,2024-04-22,True
92c98cb66676,2024-08-07,True
8c36dc0642b1,2024-07-12,True
11c634c6709a,2024-09-04,False
a7175fc28154,2024-05-31,False
eb4a8c751047,2024-09-15,True
39a0112e772e,2024-11-30,True
76c0160a89c7,2024-01-09,True
085b85f0dc3a,2024-02-22,True
4cc6946c7ea0,2024-06-22,True
b9673c86ca88,2024-01-21,True
1cd970ccf2b5,2024-01-30,True
704a81bf1d69,2024-03-07,True
01ca86669541,2024-08-25,False
e0dbd266e6b1,2024-06-08,True
4d33e59c6d6a,2024-10-26,False
0d6d4ac421e6,2024-09-22,True
d7df83c21c70,2024-09-05,True
6c4024665bfb,2024-09-25,False
55376c744a73,2024-03-07,False
c79ee2c1bc47,2024-03-29,True
1ea47ddfdb9b,2024-11-18,True
357bb980284a,2024-07-17,True
f1d6b26a1728,2024-04-19,True
b62496a9acce,2024-11-21,True
264b99d1863f,2024-07-06,True
fa8d9df0c997,2024-03-01,False
3c55bbd70d22,2024-05-25,True
33fcf0c4ed26,2024-05-24,True
38ea584577ba,2024-05-17,False
4c03d2248e41,2024-02-26,True
d4052e9c3b81,2024-08-14,True
5b5670b2ba24,2024-02-06,True
2307efd2dcec,2024-07-06,True
038be77168a3,2024-05-12,True
6f48964fa56b,2024-06-07,True
fd5ec5743874,2024-01-09,False
c7b9758a72d1,2024-01-13,True
488b23e02444,2024-01-11,True
0f292b6da15a,2024-05-25,True
78bbd95744c3,2024-10-28,True
0f80cec93ecf,2024-04-16,False
3d86a2217b41,2024-12-12,False
344c33f9fcb2,2024-01-27,False
89b683d188cf,2024-04-14,True
f7867a3f6331,2024-11-06,True
f57aea9e354f,2024-01-14,False
7ae41b877a37,2024-03-21,True
ebc8bb6c5337,2024-10-31,True
b8d81cb98c18,2024-03-31,True
c708a7c16f64,2024-04-06,True
cab041f20e89,2024-08-15,True
0b29da75e05d,2024-10-29,False
4f04555db66e,2024-07-04,True
0f2f78ec9bc7,2024-10-26,True
5952bf3ffa08,2024-08-11,True
de304f5e27a2,2024-10-08,True
17d1436cb149,2024-11-14,False
64a4236c0acb,2024-04-04,True
730c43f6cd74,2024-03-05,True
a1fd002e64a1,2024-03-01,True
68eb041a6bb5,2024-06-21,True
ffd08318a95a,2024-04-14,True
6af1b41393f0,2024-07-23,True
4e35f189662d,2024-07-12,False
acb6c0ebd1fd,2024-09-14,True
f0a953cb8f5c,2024-06-13,True
b3aeb4094c03,2024-03-25,True
4fd54efb0975,2024-01-03,True
cd442967d08c,2024-07-20,True
d2e91da81919,2024-12-02,True
8eb120aa2482,2024-08-22,True
93cd7187c8ed,2024-07-26,True
a52a872929c9,2024-10-18,True
b8893e7a44ec,2024-02-19,True
e8ae28b9b0e4,2024-06-30,True
b984e47df202,2024-01-21,True
b1fab71013bb,2024-06-07,True
688986c7bbc7,2024-04-12,False
880cc19742d7,2024-11-07,True
fb2cae0f1e32,2024-08-10,True
d9ec9fe2087b,2024-09-25,True
cf0853117d31,2024-04-05,False
69fc578e342b,2024-02-20,True
6dedda9b69c6,2024-05-18,True
f28c25aaf3b5,2024-01-06,False
832d7345231f,2024-04-17,True
852d7c0f5ceb,2024-05-11,True
b6b4943683fa,2024-11-23,True
951af28e24ea,2024-04-05,False
0184c6f410a2,2024-07-27,True
419467c1e594,2024-07-19,True
3d759a03ef52,2024-01-05,False
317e8e552349,2024-03-22,True
5db56cb0d611,2024-08-31,True
52affe1e3203,2024-01-13,True
8524edf27d95,2024-03-09,True
67a4479c894c,2024-05-11,True
daa84c5aba46,2024-10-26,True
57ce38b0bf43,2024-04-03,True
78707e65baaa,2024-07-12,True
0a367cdcd5a8,2024-03-08,True
775efd22ab99,2024-12-02,True
b42d3ba30b45,2024-06-06,True
f2a86b007842,2024-02-15,True
91fd75f78ff6,2024-10-19,False
a4a4ea0cd11d,2024-02-28,True
819d43a03ade,2024-01-21,True
06ad72cd66c2,2024-08-31,True
6d769ab02994,2024-09-23,True
b6b45c4e1ef1,2024-12-10,True
4b722718b17b,2024-09-21,True
0025284fa124,2024-06-15,True
f5cf0667dca2,2024-04-09,True
62c6fe3bd570,2024-01-28,True
d34c0a203b0a,2024-03-28,True
4a8e74c2413e,2024-02-07,True
cf53d7ae3635,2024-04-04,True
41e0d47f0ada,2024-04-11,True
0d48b9225524,2024-09-30,True
261f4f95eae9,2024-12-09,True
f7c97011449a,2024-06-17,True
1e546aa2228f,2024-12-07,True
ad27fa0e1a70,2024-05-12,True
e3a76e2f1090,2024-04-15,True
230a43fce07d,2024-05-13,True
909ad9d1ed65,2024-02-08,True
2ae10ce855a9,2024-03-25,True
606ed4a032c3,2024-03-03,True
05857130c1a2,2024-10-26,True
76886111304b,2024-02-14,True
41992d08f179,2024-01-30,True
894ef6feee38,2024-03-29,True
99bf8e32e020,2024-11-30,False
7fc598ed6f2f,2024-06-19,True
b3938098a159,2024-08-22,True
f881ff737ef4,2024-11-19,True
213b79e8f5b7,2024-10-10,True
c85d88058aeb,2024-04-09,False
ce7880c04e81,2024-12-20,False
17cc23454178,2024-06-02,True
0a4736c360a2,2024-05-12,False
aaa872bc0126,2024-09-02,True
ff7d6e05af01,2024-03-19,True
135e756b7d0d,2024-07-15,True
8c3db5872de1,2024-10-10,True
08001b54575e,2024-11-22,True
b93a65e9d9e5,2024-03-14,False
77f71f59526a,2024-03-05,False
42a04f529dde,2024-03-10,True
700657710931,2024-05-23,False
15ef758bbdbf,2024-03-02,True
7834d7ead2e1,2024-04-26,True
cdc8384efd78,2024-08-28,True
73e6cefc37b1,2024-11-21,True
c883686735a6,2024-05-30,True
c8f6b2de4ab0,2024-04-06,True
02e777eca21e,2024-09-08,True
cae2097ff0de,2024-02-22,False
af6ed3097d4e,2024-07-17,True
0d4d73a2181d,2024-05-12,True
d4c8fd0c64cb,2024-04-25,True
f08d7dcc5921,2024-05-09,True
47ba9cd92300,2024-08-20,True
fc90f859eb40,2024-10-17,True
f5518c6ef203,2024-01-22,True
3e4107b52478,2024-07-19,True
ac2f57deed13,2024-12-23,True
611b9f1ad6f6,2024-02-13,True
92f66f376f19,2024-01-31,True
1198483da6a2,2024-09-10,True
76732522f454,2024-09-20,True
f888b3e9aa85,2024-03-17,False
fafc24d03351,2024-12-18,True
c96654bede85,2024-11-12,False
f033d9a4c597,2024-10-28,True
4e6b2d70b0ff,2024-11-27,True
083335aa93c1,2024-10-28,True
8131635139e2,2024-02-09,False
6f36ccd7b257,2024-04-07,False
6f022a665748,2024-03-03,True
958b8e439daa,2024-01-11,True
c880d8c811cb,2024-05-29,True
564af3c59a21,2024-04-11,True
e13a5dadaf75,2024-05-19,True
8b44a7063698,2024-11-02,True
35aea7b2f6da,2024-05-26,False
60e1f63452ff,2024-06-25,True
4b32c30f58f2,2024-09-14,True
8cfeb279aa82,2024-02-27,True
56e8d3bc254f,2024-11-13,True
9f446f5b4184,2024-03-19,True
ac319fb4098a,2024-10-18,True
d1d2bc30ea4a,2024-03-29,True
4dbd42f0e788,2024-09-20,False
33fd1bcebfac,2024-12-12,True
6aee8faac63e,2024-01-15,True
fc8203fa2d86,2024-09-19,True
4ee7976f9cf5,2024-12-05,False
8ef20e97b6ca,2024-10-04,True
f197085b5ce3,2024-03-02,True
1e80dd0ec893,2024-11-06,True
aec751ba109a,2024-04-17,False
f5c813bac51e,2024-02-21,True
72253d83fa0a,2024-12-22,True
cd62353b6f59,2024-02-18,True
ae7ad0fe09a5,2024-10-04,True
082edc08a6df,2024-05-09,True
1ea3cac0dece,2024-06-25,True
ec4feb9722cf,2024-09-20,True
ed1d163d25dd,2024-10-28,True
dc75de4f2473,2024-10-01,True
405b6bb946e3,2024-05-05,True
58dd8c71e684,2024-02-02,True
b2c277e39175,2024-02-22,True
be64cb347a20,2024-10-01,True
26821e4014f0,2024-11-17,True
c16b68fc4467,2024-06-30,True
ffbd0d0c9e40,2024-01-23,True
d74f198b5ecc,2024-01-08,False
75b6b1ee595b,2024-08-22,True
01bf2e2a221b,2024-12-19,True
43236ed04e25,2024-10-15,False
8f78ff7f263e,2024-04-06,True
77a4af63a0b5,2024-05-28,True
c7f56190dda8,2024-01-03,True
a3c45b748a20,2024-09-22,True
7241f0cf5df4,2024-04-21,True
2e6ce7b6790b,2024-03-08,True
cdc83e6ecd8c,2024-08-02,True
1ca8fb0c40f4,2024-04-11,False
cb1777cd5a09,2024-04-03,True
56c797844b8a,2024-05-17,True
54ce256beac6,2024-10-30,True
cb8cdbd1b6bd,2024-06-14,True
7a0f7256aae3,2024-06-01,True
7ae112b3c943,2024-01-29,True
7ae5b2623941,2024-12-01,False
14d8c31a3a77,2024-08-19,True
7d93a5387ee1,2024-07-25,True
e1cfc4c5c9f5,2024-08-05,True
1955bfdde4d7,2024-02-22,True
98e5a166ce8c,2024-05-13,True
da6326504a7e,2024-06-29,True
5576709b6ae0,2024-09-22,False
741da3456b30,2024-12-09,True
5924bfa26d03,2024-11-04,True
939359c794e2,2024-05-26,True
f4602c356cfd,2024-02-15,True
938b01039c2e,2024-02-29,True
17e34aa62537,2024-11-02,False
cbff1c2e11e4,2024-02-26,True
0cd3130f6bf6,2024-11-23,True
6d88b78b2403,2024-11-07,False
7fcf0f28a47a,2024-12-04,True
14b79bc3ec4e,2024-03-31,True
ed0cb0b3dc3f,2024-04-16,True
a55ddde790c3,2024-10-29,True
78d91123f27d,2024-03-15,False
4ff2e565418b,2024-04-25,True
7b61909b772f,2024-02-19,False
e8c985edc0de,2024-03-24,True
985646cebfa4,2024-01-13,True
9beb42b007eb,2024-03-27,True
c29d21f780b9,2024-09-11,True
ec7b4b902657,2024-02-19,False
af5d576fe72c,2024-02-02,False
d0f5d4875145,2024-01-21,True
dd9208259d12,2024-08-03,True
141cc1cc962c,2024-06-03,True
50b968ebbaea,2024-11-11,False
8bf36bcf0a59,2024-02-27,True
a5644c94ed5a,2024-05-28,True
5a8a1f59acca,2024-02-09,False
8f5446845346,2024-08-31,True
7c828a714597,2024-11-14,True
403c14b0d423,2024-03-25,False
012311d7d19c,2024-11-02,True
ceebfe5b6f87,2024-10-11,True
06b11945b443,2024-11-07,True
e41f45f8e018,2024-09-30,True
f7fd1b3ed54c,2024-06-22,False
273982df164d,2024-05-26,True
5d057f97ba06,2024-06-14,False
b6b052cbe415,2024-07-14,False
1f3855e9b547,2024-07-05,True
1a63ba3b13ae,2024-02-08,True
85851bd555a9,2024-04-10,True
4632c3dd83cc,2024-12-21,True
3af566b5b3b5,2024-09-05,True
66bfc22d8026,2024-02-17,True
48755816c76d,2024-03-11,True
32a9ccd5cbce,2024-11-19,True
a6579eebd0da,2024-03-29,False
ad2606fd1e6a,2024-11-30,True
12981c482aa5,2024-09-13,False
96cdc160aba1,2024-09-10,True
65c68ad4dd6d,2024-05-29,True
2d91416702c3,2024-12-19,True
b1d49034a648,2024-10-26,True
2d36037513a8,2024-09-23,False
0c1611aeb851,2024-11-29,True
49090842198a,2024-11-18,True
7b863ed06589,2024-11-08,True
727c96f03dd3,2024-05-18,False
c5d82fcb37d1,2024-02-28,True
38858a8e455c,2024-12-19,True
f8fdd3ffa47c,2024-04-21,True
d0feab1e4010,2024-05-19,True
c5817b52e94b,2024-08-07,True
d3b322d4acb9,2024-02-26,True
54f68b44093f,2024-06-29,True
25c3a7123395,2024-01-23,True
f26e11518971,2024-09-21,True
6da333c434ac,2024-02-07,False
657b63cc6857,2024-02-06,True
e19ebfb8cefb,2024-03-09,True
a1bef96d683d,2024-07-09,True
df26e565cdef,2024-08-01,True
7e9182bcc80f,2024-04-15,True
871f42f74593,2024-11-27,True
3fc6a4f7ca32,2024-03-10,True
5c04f46438a8,2024-01-19,False
992840a78a28,2024-04-13,False
ba9f318fac1d,2024-09-15,True
95fa4c287c56,2024-01-19,True
bc44eb7bfb7d,2024-09-20,True
0169eb0bd40f,2024-02-18,False
6a791fa6a350,2024-11-13,True
93f420e19488,2024-01-03,True
da40104d3bb2,2024-04-18,True
abac23f3493c,2024-06-26,True
c304c80433c2,2024-09-27,True
5254ac06f14b,2024-09-13,True
6854e5aa2529,2024-09-11,False
1e65fbb6b80d,2024-10-28,False
0be452c04b80,2024-08-24,True
f995e6db02dd,2024-03-15,True
209749bd1619,2024-03-04,True
2ad70b83ff6b,2024-05-09,True
e800236363c2,2024-04-09,True
41e903caa0a2,2024-03-23,False
dd8f1207315c,2024-10-18,True
0818fbe9891f,2024-01-17,False
09c14f3c7bbe,2024-10-30,True
0b7e100465bf,2024-04-04,True
422ac841744c,2024-02-25,True
272267f8ccd2,2024-10-08,True
a251316f6b7d,2024-01-21,True
f1f1594afdc0,2024-04-25,True
035ab18b584c,2024-05-10,True
06cb349e3de3,2024-12-08,True
3a80382b22b7,2024-07-21,True
5fd192591e56,2024-10-30,True
7e8b6268d02e,2024-03-10,True
f0a632dea9c4,2024-03-28,True
1be9664fe4cd,2024-05-08,True
54da81ee4ead,2024-02-26,True
7b9542b88c7d,2024-06-13,True
8878bb1f055a,2024-01-13,True
de7932758e3f,2024-10-26,False
26fd10e95a60,2024-02-07,True
e2172d103e22,2024-04-02,False
928762957836,2024-04-13,True
d7716a769f6a,2024-12-08,False
e364cb10e721,2024-07-05,True
5320b930c89f,2024-08-26,False
86a0bebb84d5,2024-02-04,False
e1f6eb985d79,2024-01-23,True
ac11f95c908c,2024-02-11,True
96a96454c1ad,2024-08-15,True
cd890586d5b4,2024-10-26,True
385fd79be921,2024-11-10,True
d3f7eb78e8f5,2024-03-12,True
845849e0645b,2024-07-09,False
24675c6a1c0e,2024-04-23,True
3814081cd9b1,2024-04-17,True
cda6519e9377,2024-02-03,True
5d743f101346,2024-12-03,True
81b7bb56e32d,2024-11-22,True
68def029001b,2024-06-03,True
fb348669be57,2024-09-23,True
e1acda02acc4,2024-02-28,True
cc25d165d412,2024-10-23,True
975b17b849c5,2024-02-29,True
d5f443c8d0e0,2024-04-11,True
75cb587db195,2024-06-19,False
04f7f3f311f6,2024-10-11,True
2031e3b8f064,2024-03-29,True
50d078468356,2024-11-11,True
b3b61c99a7b5,2024-10-31,True
78271dd5d7bb,2024-01-09,True
4806612515a2,2024-03-21,True
8817534099b9,2024-10-13,True
67898e87be12,2024-10-29,False
342e7b36390a,2024-05-24,True
710f3660b5e7,2024-11-06,True
8e18c868e2e2,2024-06-18,True
29283b7b5e1e,2024-09-19,True
c3d7d077b1b8,2024-12-24,True
c1a9496a0bbb,2024-05-06,False
f1d135c780b7,2024-07-19,True
223bb46bcd88,2024-08-06,True
e87a3e881332,2024-08-29,True
9b09bab34b3a,2024-03-04,False
e6ea379fa762,2024-07-22,False
a59da43b4efd,2024-02-18,False
7ff8ca8cfad9,2024-07-14,True
547e8cdacada,2024-02-22,True
534631376438,2024-10-13,True
7953e52aea37,2024-06-16,True
ac5c21bd3248,2024-03-27,True
3ca6b212bc48,2024-06-12,True
7f4818c3d092,2024-08-16,True
6d1ddd936ae5,2024-04-08,True
eacea09d3efb,2024-04-07,True
d9edec67d4b1,2024-11-30,True
98bef5bfab19,2024-06-10,True
db55394eb370,2024-06-28,True
e0bdffdeff04,2024-01-18,True
5f21d3b44449,2024-03-12,True
076be23dda58,2024-03-11,True
0649a0a89c9f,2024-01-15,True
f28aed50c9cb,2024-05-25,True
2e5eafb6dde4,2024-12-09,True
660e6df909d6,2024-10-01,True
333e59082c97,2024-12-08,True
270696d01fdf,2024-12-09,False
50d5e99e7fc4,2024-02-23,True
5b7f3de8fe6f,2024-01-27,True
0884b373d210,2024-01-24,False
194ee579dbaa,2024-11-05,True
4fb113d615d6,2024-11-03,True
62fed90af1d8,2024-07-16,True
90372952ae9d,2024-03-22,True
e1540786b252,2024-10-09,True
6b4acf5cf001,2024-05-25,True
dde577a5d872,2024-05-04,True
27d28a352838,2024-03-24,True
14d1bcaf9562,2024-06-04,True
c93ed6f12277,2024-04-07,False
c874582e1d55,2024-11-27,True
a0d69e727879,2024-05-30,True
57d1fb8e28ce,2024-07-12,True
c1fb71c98700,2024-08-30,True
83519938b221,2024-11-20,True
2d6958d30406,2024-01-04,False
2e180ecebd04,2024-09-18,True
7746e301e390,2024-02-22,False
166519f07ab6,2024-05-02,True
afc79983fb7c,2024-08-25,True
11d7da113623,2024-04-20,True
08bad8ae2eb5,2024-06-26,True
4930cd0bc2c0,2024-12-04,True
76a5ff97becb,2024-12-15,False
5031602b16a1,2024-03-02,True
538d85d89613,2024-02-24,True
86d6663ba306,2024-07-14,True
ac881cad5f3a,2024-03-20,True
4cfdb2b1da27,2024-10-28,True
a643c17ac8bd,2024-05-11,True
0b4dc1216c6c,2024-01-11,True
34e6f703072e,2024-02-06,True
de9e3cfc1a2c,2024-11-12,True
2052dd632e6d,2024-02-28,True
9170bb51f4d4,2024-12-07,True
5494605dcc37,2024-05-15,True
4d8a3f54feef,2024-12-20,False
046f68341f27,2024-06-17,True
09a8cc143102,2024-05-29,True
bc75223bc4b7,2024-02-08,True
71021e67ba11,2024-02-21,True
50c99903cb5f,2024-08-19,True
123c932f4944,2024-11-23,False
978db35dde46,2024-12-19,True
55af8bb2ec4a,2024-06-23,False
4132c09e2f1c,2024-11-17,True
3f739eb0608e,2024-02-08,True
f4fc371afbe1,2024-04-02,True
0c6562b60717,2024-12-24,True
861b93011875,2024-08-21,True
f425c7f75b76,2024-08-19,True
eb267275fad0,2024-05-17,True
b04675cc9306,2024-05-09,True
659b595aed74,2024-06-21,True
2b511006f7ae,2024-02-28,True
c171f3628f3d,2024-03-23,False
82a179902de5,2024-05-15,True
8e26deda138e,2024-07-22,False
85066e118b94,2024-07-22,True
99f770761920,2024-02-07,True
28ac0b98495c,2024-04-10,True
ca13ba4ef8e1,2024-11-20,True
34fd3d906584,2024-06-25,True
88faaddde56e,2024-03-25,True
f422cd9dff6b,2024-12-15,True
9afa54450d29,2024-05-25,True
a04a319a2e3c,2024-08-17,True
ac41c927e82a,2024-05-26,False
70d4145d4bcd,2024-10-13,True
4121c256876c,2024-09-18,True
804d5c4ec6cb,2024-02-12,True
efab4a3fb2fc,2024-04-26,True
bb1af5df5ac1,2024-10-07,True
cc2882b60c1e,2024-09-26,True
cc54dd7d431b,2024-11-23,False
20e5725f1a75,2024-06-21,True
20c38cbec3ae,2024-09-24,True
4057a89c44a7,2024-12-23,True
57ff9c8a481a,2024-01-18,True
b2c414a16d38,2024-08-30,True
91b77faccf0c,2024-03-12,True
878dcfd38278,2024-09-16,True
adbc3ac32148,2024-05-03,True
347c41b1947b,2024-02-15,True
44e822d0eb20,2024-11-15,True
0c3b32b978a8,2024-11-11,True
ef7e60da6bda,2024-11-14,False
78626f9cfcd6,2024-09-12,False
0f45f1d9dfd3,2024-04-27,False
18eba1e8b298,2024-01-07,True
5034bd94e89a,2024-05-26,True
37a3fd96245a,2024-12-14,True
584748fbd554,2024-12-17,False
edd43334fb9a,2024-12-10,True
c8b9f7555ddd,2024-08-03,True
3cf3ff2444c8,2024-05-24,True
99ecc62fde3e,2024-08-24,True
08629919155a,2024-01-27,True
cc805825f23c,2024-04-04,True
4ee4abf5b02c,2024-02-04,False
12f8e8e9b22c,2024-03-09,True
52120fd95f94,2024-07-21,True
7e082ffb420c,2024-12-22,True
ee09fe87076a,2024-09-08,False
74b19fe8a41e,2024-04-21,False
80b5a2e0b65c,2024-09-20,True
e86e6aeadfda,2024-08-07,True
5f501521e374,2024-05-05,True
f5e3029d54fb,2024-03-05,False
77ca1f28fe4f,2024-12-13,True
845d421c379c,2024-03-30,True
b12f0afde4c9,2024-03-02,True
b196f318d1c7,2024-04-21,True
c20b0c582602,2024-07-05,True
72f7b6f6a8ec,2024-09-20,True
0201eeef1bea,2024-05-08,True
6cc5df06c7cb,2024-02-18,True
e2119ec28edc,2024-05-13,True
84330007b8b7,2024-02-02,False
987dba5434e7,2024-09-11,False
6318339c1675,2024-10-19,False
36fb9fe23cfa,2024-04-05,True
fc3451b27cc3,2024-04-11,True
693c3242163a,2024-11-13,True
a3b5c91761c1,2024-04-17,True
c2cb29e2c123,2024-08-04,True
2c94caafe207,2024-09-15,True
320f9ffde227,2024-04-25,True
1bf3f8ac4ed8,2024-05-21,False
a932f89194f7,2024-02-11,True
e1bfa46f0d08,2024-01-09,True
15fd12d06b66,2024-04-09,True
9de1df35c108,2024-12-22,True
b4bbcd405511,2024-09-28,True
f4daa6b190a0,2024-08-14,True
591e6ff84d2b,2024-05-11,True
e1cd1af8bfdf,2024-07-11,True
868d7a14a4e6,2024-04-14,True
c12cb19aed68,2024-05-01,False
10e154bc72c2,2024-03-09,True
cbee529bc34d,2024-12-12,True
27b6e659e2af,2024-04-02,False
6bdcaa3417b7,2024-05-27,True
9cfe3643352c,2024-05-12,True
63a1d9b6999a,2024-09-11,True
1a5c621929e5,2024-04-08,True
974515659e7c,2024-02-03,True
c2c20c2fc7d3,2024-07-30,False
01c7b0e90ea6,2024-09-27,True
4da0ba628a8f,2024-07-10,True
cd8f453d66f4,2024-02-20,True
f64b03ab26bd,2024-01-21,False
17400ffbbb70,2024-08-17,False
18a5a1e6562d,2024-08-03,True
47c5cecd32e8,2024-03-14,True
7f40ded06e15,2024-05-31,True
15175b71f565,2024-10-23,True
68158dd0bb7a,2024-08-19,True
03505421e7d3,2024-02-04,True
bb35f847342e,2024-08-30,False
51b918c30221,2024-06-05,True
37664f5a03fc,2024-05-20,False
5e04ea2cd794,2024-10-14,True
6fb444749c7c,2024-03-14,True
657631315e1c,2024-08-16,True
e1f1483c3c9b,2024-04-09,True
7dac6c2fac2d,2024-12-24,True
7eda870b6233,2024-12-23,True
88604b755583,2024-06-10,True
cf2b0404b9fe,2024-06-17,True
28397c7a928b,2024-03-19,True
f2079ba3fba2,2024-12-04,True
d4aa81cd1839,2024-08-09,True
200504dda158,2024-06-11,True
69f7bbb0e596,2024-10-13,True
e5549cad58bd,2024-03-19,True
a876effe572c,2024-09-06,True
b3e39543f2d9,2024-11-30,True
a788581a4622,2024-12-10,True
abb1e19bf5e4,2024-10-25,True
3f128399f107,2024-03-28,True
be13fd36092f,2024-05-28,True
7b5a65072183,2024-10-08,True
266f18b62960,2024-05-02,True
8becd65bc1de,2024-12-06,True
5c2ef9eedb94,2024-03-27,True
c5115a23b275,2024-04-16,False
fb836be841b6,2024-02-27,True
c0b24703e676,2024-04-20,True
f78808c8f3c9,2024-07-27,False
41092459eeb8,2024-09-05,True
ff5b3eb8ef03,2024-01-12,True
4f915b94c045,2024-03-30,True
975915744179,2024-04-12,True
4a2b1388cce7,2024-06-01,True
2825887fa2d4,2024-02-13,False
918fb76aec36,2024-02-22,True
12da626a0a10,2024-01-14,True
c086f1839ef0,2024-08-29,True
511caae516d2,2024-10-10,False
e1b2e81e300b,2024-06-02,True
fcf4ca797c78,2024-09-27,True
d1dac0f00a6a,2024-10-22,True
7ec0d23eb195,2024-11-23,True
41cd6d7fa30a,2024-01-05,True
590c511d9550,2024-09-28,True
80f9c5bd9c47,2024-01-20,True
1a632e41f22e,2024-04-11,True
fc4d1546b817,2024-05-27,False
4e50e3ec5201,2024-05-20,True
57cf4f070b23,2024-09-13,False
198a4e922550,2024-05-06,True
67966e1fc0cd,2024-06-10,True
33ebea864fcd,2024-11-03,True
7d26560cc12d,2024-04-09,True
3d33a21d7093,2024-03-24,False
028fabb1743e,2024-06-29,False
47092713c238,2024-02-21,True
5fd87304dece,2024-09-13,False
eec1927b2d20,2024-05-22,False
4201321f7080,2024-09-11,True
dd4022d5a177,2024-08-02,True
752406fea10d,2024-12-21,True
31f6ee1f215d,2024-02-18,True
058ddd503c9a,2024-03-01,True
4b673c909a76,2024-01-13,True
2cadf7d8185c,2024-10-31,True
594e02fd8b4f,2024-06-12,True
299811abb967,2024-04-15,True
d8795a8477f4,2024-08-18,True
a5787f15acce,2024-06-15,True
fec121d68e40,2024-10-08,False
02a4af009f71,2024-02-06,True
bea37b7f3779,2024-10-20,True
9ec4bab849be,2024-03-01,True
1c8dd533aff4,2024-01-19,False
acdd8220a18c,2024-04-03,True
0ada2ecf5d5c,2024-03-19,True
62649b01d92a,2024-09-14,True
36c29d1f48af,2024-10-18,True
b371230003ae,2024-02-17,True
d5c72cc4c169,2024-03-24,True
1d9e45c65c75,2024-04-10,True
acf7c2ed6b0e,2024-04-11,True
d138030347e8,2024-10-12,True
734de3f977c2,2024-09-12,True
b7a5eb218dd7,2024-03-25,True
b9c4be49bb02,2024-07-19,True
e6d2270a7435,2024-04-15,True
26e30aa95b9b,2024-09-07,False
60866486ec4d,2024-09-28,True
babaaca7fb86,2024-10-01,False
0a2fd07dd937,2024-03-20,True
fe0ec2f110d1,2024-11-12,False
c697951544eb,2024-01-01,True
5410c00278ad,2024-08-10,True
b09e9c1369c6,2024-07-08,True
cadf7d02337e,2024-11-03,True
ad6aadf35f7c,2024-09-24,True
666c3c23b839,2024-03-06,False
6dbfc12c3823,2024-04-21,False
afa7f658ad9e,2024-04-22,True
0d4a941be0af,2024-06-06,True
25995e6db339,2024-04-24,True
161018e1ad13,2024-08-08,True
4d0b66fb7bc2,2024-03-20,False
3615928c820d,2024-09-21,True
0b7373665fb1,2024-12-07,True
898d521fae31,2024-12-04,True
c9266e568a5c,2024-09-13,True
7ddbc4cbc1c3,2024-10-25,True
a3a8e0d62ad9,2024-11-04,False
5f010ba1914f,2024-10-10,True
9064e0ab0e6e,2024-11-15,True
ea1d1089b8df,2024-11-14,True
06a2ef6af37e,2024-02-27,True
0984280d6d3e,2024-04-05,True
e85c91ff35f3,2024-08-24,True
90a1ab7029d9,2024-08-03,True
7bbba9646ded,2024-02-07,True
e5317ff15a09,2024-12-18,True
7223d39a396f,2024-08-05,True
8ab7c4d0f426,2024-11-24,False
e9a420487ee7,2024-01-30,True
316838420243,2024-08-31,True
57bbc23cbfa3,2024-12-11,True
df84179b24db,2024-03-10,False
2e28bac4e639,2024-03-01,True
bfbced81d830,2024-04-29,True
60073a4d3b0e,2024-03-05,True
91ccdd1e2ef8,2024-07-27,True
2e70f1ad92ef,2024-11-11,True
bd417007c0d7,2024-06-11,False
0ab923491810,2024-03-24,True
617eabbb268d,2024-02-20,True
1390dbd18416,2024-02-23,False
970510489f68,2024-08-13,False
cb9a2aa8105b,2024-07-27,False
c06cee0a5b8b,2024-07-31,True
f77fa7ac4e8a,2024-06-19,True
b78b2b806a23,2024-08-19,False
cdc3956c52fa,2024-08-01,True
107c7b4fdc74,2024-01-18,False
8b77e2db273e,2024-11-28,True
592918aaa262,2024-11-14,True
96087cc5da0d,2024-02-01,False
f155a65d525a,2024-03-09,True
157ca7ee67ea,2024-03-10,True
c4ff363d3f15,2024-08-05,False
03e16cb3b7c4,2024-03-10,True
804f4dadac77,2024-09-12,True
5d21e0b15993,2024-09-10,True
2712712842b3,2024-08-04,True
14ef201dc520,2024-05-16,True
96ade67892a7,2024-10-30,True
466f4ca02b2e,2024-09-14,True
383ed6ee0bab,2024-07-23,True
a00303b96a37,2024-09-30,True
08c4f8d0e214,2024-09-25,True
4e03e0788176,2024-09-13,True
1ab29e5cda4f,2024-05-13,True
c166acf64a8c,2024-11-19,True
4714bf3ef73c,2024-03-11,True
68d0ec859b12,2024-04-13,True
ffe82ec89dbb,2024-09-21,True
7c5b91ba2772,2024-11-10,False
891f2837e5e8,2024-07-09,True
eb8c3643502d,2024-03-11,True
65a512052527,2024-01-05,True
b6e1dca8064e,2024-06-26,False
5a7d41342dd8,2024-05-16,True
47f7b8e6d5ed,2024-10-09,True
8dce39e73f05,2024-04-08,True
682e11b670f3,2024-11-14,True
c46e03d8a5cb,2024-07-04,False
20e049e03b91,2024-12-25,True
bbd22f2948ee,2024-09-04,True
27ef5677f190,2024-02-07,True
74606e89271b,2024-07-28,True
aae3c094d85a,2024-10-06,True
0c820aae8c6e,2024-05-11,True
d53c91209ff0,2024-02-24,False
a328c3bf5182,2024-07-07,True
d9b7242112e8,2024-06-30,False
758f75b21a30,2024-10-20,True
ce22f781a72a,2024-07-25,True
bd595bb1e359,2024-03-25,True
79dc150953e8,2024-07-18,False
78a541f2d401,2024-10-08,False
2b1decb5b387,2024-02-17,True
c0837ba5417e,2024-12-04,True
af4b9a748b73,2024-10-15,True
20b7a0a99aa8,2024-01-09,True
a56e53a1a1b4,2024-03-09,True
7ac996de062e,2024-10-29,False
aee4c7b9bb39,2024-12-18,True
2d00d294ef7f,2024-12-20,True
3ef333df9a5a,2024-06-06,True
f6798aedc3df,2024-09-15,False
38401701e634,2024-04-07,False
41bb34a15408,2024-04-17,True
58b16a6ea4a2,2024-06-02,True
835187ea1dc4,2024-07-01,True
aaf88b7bef8d,2024-03-10,True
2e8c2036f790,2024-01-06,False
ab2dc09f9010,2024-08-14,True
bd4892969bb5,2024-12-15,True
e1284043aa32,2024-06-22,True
430ca4077000,2024-06-03,True
d137ed21d19c,2024-05-17,False
5d47944bc392,2024-03-27,True
c3121e806b49,2024-02-02,True
752abac74687,2024-04-29,True
6e183044e214,2024-10-06,True
d69ba9604a1b,2024-11-16,False
729414baf995,2024-06-27,True
48b55b8b8161,2024-06-19,True
f5649eb1e9bd,2024-02-05,True
f5c4b702458d,2024-11-19,True
6da7aa42859b,2024-12-16,True
74bf6480cf9a,2024-02-07,True
09fbc7606cfc,2024-11-05,True
39e90537f775,2024-09-12,True
76ee94b2949a,2024-08-10,True
874583269634,2024-05-01,True
36f039f37c3a,2024-10-27,True
b97ff824671b,2024-09-10,True
7228ef2b97b8,2024-06-17,True
d16521b00936,2024-07-29,True
73e24e843aef,2024-04-12,True
a89eb44b7327,2024-01-07,True
f0758c2c3fc6,2024-12-13,False
c5ab03055112,2024-11-28,True
384d6e2bb3d7,2024-10-07,True
866b68dd7011,2024-08-13,True
1491fd45d5d9,2024-03-24,True
6f5126014b6d,2024-02-06,True
244ea1842332,2024-08-24,True
f16e942eeb72,2024-02-11,True
1d175a2f530b,2024-05-28,True
b4ea42aa8061,2024-11-04,True
d3f9cde5d063,2024-01-05,True
6a523f65a274,2024-06-27,True
8915c64485ce,2024-07-03,True
042de038c5a9,2024-11-20,False
40f7433d8429,2024-06-11,True
a3c8c63a7a91,2024-07-18,True
a7b091319135,2024-09-28,True
3c481844227c,2024-09-11,False
3977a94456f4,2024-01-12,True
f6aace8c5b17,2024-04-19,True
6d1e52959ca1,2024-08-18,True
4fb887f29931,2024-09-27,True
345fcdac2885,2024-07-18,True
2bee99f29ec8,2024-11-28,True
a8d35f84a7b6,2024-01-21,True
a8431e61b796,2024-02-16,False
a7ad08df2992,2024-06-03,True
1db57e34abd0,2024-02-07,True
a6d8c3d64ace,2024-01-26,True
d28719dacb6d,2024-12-01,True
1e4ba43590a0,2024-01-28,True
25f4a9d5ec28,2024-02-23,True
80e631fe2b7b,2024-07-02,False
05914e13d8bc,2024-07-24,True
fa4321972eb0,2024-08-01,True
9856da5f08b3,2024-10-27,True
d0faee146246,2024-12-15,True
1cf8d27f30e8,2024-03-22,True
79e632ca45d4,2024-06-27,False
1d1e113102f2,2024-03-25,True
774173686302,2024-04-27,True
1fbc019bdd13,2024-08-22,False
96e206462c18,2024-05-16,True
97ab765acfd1,2024-03-17,True
e57b7a207b48,2024-11-10,True
b343c411a406,2024-11-21,True
3755813d1273,2024-08-26,True
5b697e4e3537,2024-11-09,True
0da1adcecd33,2024-05-18,False
7dd0062457b2,2024-09-09,False
6bac76bd6aa2,2024-07-27,False
a6d090ba03e6,2024-01-27,True
174172865f1d,2024-02-12,False
83db9458d0b9,2024-09-05,False
324ff764017c,2024-12-03,False
154a1cd54108,2024-03-08,True
bc95d650ee9d,2024-12-06,True
a974d0694437,2024-08-31,True
b5d28b882fbf,2024-03-03,True
ba57bd9d2502,2024-08-15,False
196f75144d6e,2024-02-11,True
9e36c4b27040,2024-01-30,True
a3c57d265523,2024-05-18,False
966ef8951c3e,2024-01-01,True
4f9866c2a3a4,2024-02-23,True
3660a0094c53,2024-01-04,True
52d5cbb5f01c,2024-12-08,True
7eab4f6088e9,2024-12-08,True
e1f6e8c0dd8e,2024-12-06,False
81dadd2cf8ff,2024-10-01,True
ff0e70cb9da0,2024-12-08,False
f0de1077424b,2024-03-24,False
731a9ba4d89c,2024-08-15,True
8bc4988afa0a,2024-12-23,True
9e235b925557,2024-07-25,True
761241a84164,2024-11-06,True
a144159e0e0a,2024-05-02,False
08a6cccbb202,2024-06-09,False
9b13ecae0705,2024-09-26,False
2125234fc152,2024-09-28,False
50e18a97fd66,2024-06-16,True
cddc8df38c68,2024-12-06,True
b9c978f87010,2024-04-29,True
fe5518bc3c64,2024-06-22,False
acdf27f05d56,2024-03-04,True
3fbb1c3526b0,2024-08-09,True
4bd15bbb316f,2024-02-15,True
512b15c680c2,2024-10-06,True
1e77b1d8a281,2024-11-30,True
fcf5ddcc3353,2024-08-03,True
4415c983749a,2024-09-30,False
f35f748385ab,2024-05-19,False
e5f7ee2017b1,2024-02-17,True
f5ebbdff4602,2024-07-09,True
bd4b0bc91660,2024-03-30,False
8ac9c80b5364,2024-01-19,False
8b1a21524f0a,2024-09-29,True
0d72fbebf915,2024-09-26,True
b4ff308ed0f0,2024-12-07,True
dcec4d113aec,2024-04-27,True
11438774005b,2024-06-25,True
ab35841337e2,2024-03-29,True
0479756eab1b,2024-04-27,False
ecc552e55420,2024-08-27,True
c7591c5215b8,2024-09-03,True
dbb65e159c94,2024-04-03,True
5afeac39177e,2024-06-04,True
62a88146c78d,2024-06-13,True
e6476a9d1560,2024-06-09,True
b777614a9181,2024-01-12,True
d35634046d74,2024-02-27,True
c886766910f3,2024-07-08,False
a6f9aef26705,2024-04-24,True
cbd85b1dfbe5,2024-07-06,True
776aac26a128,2024-06-23,True
cdc259ac3a81,2024-09-17,True
ee07fd2fcc16,2024-03-19,True
3af066a69e9b,2024-08-27,True
4fabde51dc3a,2024-01-24,True
121cb5eef589,2024-01-22,True
2206d8443e58,2024-08-12,True
e966b0562615,2024-10-26,False
51388a88c173,2024-10-24,True
ad0c12052fa0,2024-11-25,True
3723c7c94e78,2024-09-12,True
6b6c4b514486,2024-06-15,False
b282f0a31dff,2024-08-05,True
473e41611746,2024-10-14,True
6778e89d6364,2024-05-01,True
fe736a3ad94d,2024-12-20,True
1c0ef42a6645,2024-03-27,True
e24d9a7e9335,2024-04-21,True
008a3e6f5772,2024-03-19,True
ac277c731eb4,2024-08-07,True
1c9dd6ad7786,2024-08-28,True
dbb94bced0c8,2024-02-11,True
c43545f5a5dc,2024-08-10,True
93eb2463b0ec,2024-10-21,True
b0a107f9704f,2024-02-08,True
74eb48d7a86e,2024-08-09,False
5888b2d07e7e,2024-09-01,True
0ab425c2b7ab,2024-07-20,True
f578896b03c9,2024-05-27,True
fd4f01c8d78d,2024-08-03,True
23dc012cf094,2024-10-19,True
7b595eccd73b,2024-01-31,True
4479ad67a1c2,2024-08-07,True
2dad2e715950,2024-03-06,True
21bddd07e603,2024-09-05,False
55c54e9c30ca,2024-10-10,True
92f41584882f,2024-07-24,True
2fe2e2591745,2024-09-02,True
4d4979ee0c67,2024-01-16,True
0f7e57850174,2024-08-20,True
8bfc198659ee,2024-07-28,True
d01bcb7fa244,2024-01-13,True
b1d058c72658,2024-04-09,True
dc9659438db5,2024-02-13,True
bfc5d8a5f5dc,2024-03-11,True
cba8ec5b2bcc,2024-09-05,True
f7d1e2d8ce71,2024-10-30,True
228c037a3b2b,2024-03-04,True
7cf5c2be51c0,2024-05-07,True
870a744dc298,2024-02-04,True
2461b94515df,2024-09-23,True
b86683654aac,2024-05-28,True
429ad26e7a64,2024-04-09,True
39e2c676bff7,2024-10-03,False
98350a6c66db,2024-04-30,True
8dbe115108ca,2024-04-22,True
49895738adf4,2024-03-24,True
86ce61a4b554,2024-05-11,False
fa152476a822,2024-11-07,True
f8c54c24b0e8,2024-12-07,True
1ab9526672f5,2024-05-09,True
59c868005027,2024-02-07,True
65bc5fbf20ad,2024-05-09,False
d1b4615b97be,2024-12-18,False
7e4f4fc26e4f,2024-01-31,True
28b90c4363f2,2024-09-01,True
9766687ca408,2024-08-13,True
b651c75bcaa3,2024-07-11,False
cb24742aab89,2024-01-25,True
9c3b4e4f3075,2024-07-02,True
e424d55a89ae,2024-07-11,True
d20f1d2af919,2024-01-09,True
19ebb711e9b6,2024-09-09,False
9a1828112b5e,2024-05-16,True
9422da9ab6ea,2024-02-26,True
3a4f287c4f6d,2024-03-10,False
6895b3027e9c,2024-12-08,False
b09003fac902,2024-10-11,True
c4f93f429dd2,2024-10-09,True
138043da5f5e,2024-11-01,True
bd0491f443b6,2024-12-06,False
6b26604555de,2024-05-23,True
2ee8246ad40f,2024-08-30,True
da00af41a0ff,2024-06-05,True
f9cd54d73907,2024-10-13,True
859c7a76ad46,2024-03-26,False
b8271d451901,2024-12-01,True
09fe9d817d9b,2024-08-05,False
ba90e18d05f5,2024-11-12,False
5948f1d35d7d,2024-11-18,True
1cc1eed76808,2024-02-29,True
878789c85004,2024-06-24,True
a3ba60a093e2,2024-01-21,True
8c9e11854634,2024-09-29,True
f4616d6bf853,2024-08-22,True
24e85a98f91a,2024-06-14,True
6b821864b30e,2024-04-16,True
5644b59c6324,2024-06-25,False
f3f4b2b82dbf,2024-10-24,True
64e9a5bc452c,2024-08-27,False
87b419c61a30,2024-03-13,True
14d8247016cb,2024-06-03,True
7daff4f11db7,2024-07-20,True
4b730564b66e,2024-05-25,True
d51d083d1d56,2024-03-14,True
c5ea32185960,2024-07-11,False
49b95f27b3ab,2024-06-19,True
ceab9a6d0c39,2024-01-15,True
f54641388caf,2024-03-05,True
94a73fc727cb,2024-10-12,True
8af8fda2c8e9,2024-03-29,False
fc4ad2fecfdc,2024-04-26,True
3df2811065ad,2024-09-25,True
86d99c33aa28,2024-01-19,True
c9b524a3da5c,2024-11-30,True
1dacfb023113,2024-10-09,False
d0565737ec8c,2024-10-26,True
eb4714fea6b5,2024-10-09,True
2d921b210f4b,2024-10-24,True
0a7da525992f,2024-01-16,True
c7b7db6a3d38,2024-07-28,True
5d9138860566,2024-11-25,True
30c8235e904c,2024-10-20,True
077ec7565fbf,2024-01-25,True
9c29ddde726a,2024-12-16,True
277d3d3f0fce,2024-02-18,True
f114eeaebc02,2024-03-23,True
66b0f7e68b67,2024-06-15,True
cd2c1eb9c2bd,2024-07-28,True
bcfe8c2a9a59,2024-06-26,True
af11ea5630ee,2024-03-09,True
33814fa1a22e,2024-01-15,True
bdb0005195d2,2024-05-27,True
0a397ebd693a,2024-03-11,True
1d51b0f87695,2024-03-27,True
ec76c8013394,2024-04-24,True
66332dac7755,2024-05-06,True
3763b11d3897,2024-05-19,True
222370c54007,2024-11-29,True
0222d179f2f0,2024-07-29,True
0b8c4debde45,2024-01-12,True
a6e8b238c960,2024-07-05,True
7eccde912e6d,2024-03-07,True
966c1cfbf141,2024-12-04,True
f116f2c1870e,2024-11-20,True
639a068f6023,2024-05-30,True
4a0528b6112a,2024-06-12,True
2406e9116f03,2024-09-05,True
88c003c9c01b,2024-06-14,False
71d4c5b5ea3d,2024-05-30,True
75f9a356fe6c,2024-01-07,True
48d8d20afa79,2024-04-14,False
4e1b1c9dfb00,2024-11-11,False
c906e717c9db,2024-01-20,False
f6af119d5ace,2024-09-16,True
49384835f771,2024-06-02,True
66680f79b6f5,2024-03-16,True
00d28a1d9206,2024-01-12,True
49c67499eb02,2024-03-27,True
ef2208ec2582,2024-02-13,True
1050900bc337,2024-11-04,False
1b7f768f097f,2024-01-22,False
f01b438dc531,2024-10-23,True
7289ebb885e0,2024-07-17,True
239c75bc44ad,2024-04-23,True
f9e0b86fd7a1,2024-01-12,True
f0b68a9cea99,2024-12-03,True
68c044d36f79,2024-03-02,True
2b526d1e4036,2024-10-27,True
025a4646ddfb,2024-03-28,True
9decc358ad89,2024-11-21,False
5b67490b7229,2024-03-04,True
c342bf65cf21,2024-03-23,False
4aad2ec09894,2024-11-26,True
f7ada491f6a4,2024-07-20,True
139805eded56,2024-06-15,True
90cfff6c4786,2024-07-12,True
0b76406912c7,2024-09-28,True
c7dbcbbfabf2,2024-11-09,True
3c066d2c9cd9,2024-01-10,True
0d4e7fe73f4c,2024-01-16,True
cf845b41d0e5,2024-01-17,True
ad041e59c3b4,2024-06-16,True
99b004650f20,2024-04-02,True
67d96fe25fbb,2024-10-07,True
c1198c04582a,2024-10-02,True
f21fa6ea2c3d,2024-01-23,True
ac8595a72f6c,2024-09-17,True
e14480147f38,2024-01-08,False
32fd43e26ccb,2024-09-20,True
3593abaa8dd3,2024-11-01,True
4e1388eaaab2,2024-03-16,False
8efa8ee5da8f,2024-08-13,True
4de19ab21cb5,2024-04-28,True
a825ea4ab9e4,2024-09-04,True
85f8b46a2314,2024-11-06,False
24ff769dcee1,2024-10-21,True
81d00a4ba4df,2024-07-28,True
d62f7d7ae23c,2024-04-16,False
04259bc0070a,2024-03-07,True
287893bc48a4,2024-06-17,True
f908faa667a7,2024-06-19,False
6da37b7f2bb8,2024-07-19,True
1ca0248c590c,2024-07-28,True
ec602f267214,2024-10-05,True
955eae97b556,2024-10-11,True
a75ee56b253b,2024-06-15,True
4f8b4d34a18e,2024-06-19,True
bdad1509dacd,2024-02-04,True
4c93c5a229fc,2024-03-28,True
c7250b45fbb1,2024-10-28,True
2876af6b508c,2024-02-25,False
b8d5cb824272,2024-07-15,True
4b7e82556628,2024-07-03,True
d2943e437e87,2024-11-04,False
ad05d5fa3295,2024-05-28,True
dac824dca324,2024-12-04,False
5b638ac11210,2024-11-20,True
738d2c16f291,2024-01-04,True
39a1fb7db831,2024-09-23,True
c812cbe1f7a9,2024-03-23,True
27abd1428751,2024-03-13,True
881c71dd5062,2024-06-09,True
87d21622b821,2024-12-06,True
b8b1357b8070,2024-02-23,True
8aca2e60219e,2024-03-28,True
84ac70e0f38f,2024-12-17,True
7f6b520273d5,2024-09-13,False
4fd592faee5f,2024-01-11,True
6e40f613ea26,2024-01-18,True
66757df5406d,2024-05-24,True
030453cd4980,2024-03-18,False
1092299d3e37,2024-04-25,True
4aa33dd78a1d,2024-08-09,True
944ad1a0dbb6,2024-12-17,True
422b04c710bf,2024-07-27,True
726bfe22fd7f,2024-10-21,True
1689a4b5bf5f,2024-09-11,False
d21531c2e3a0,2024-10-19,True
9db7b0cd37b0,2024-03-01,True
60f5f7ef84b4,2024-12-18,True
91d5b9a682a5,2024-04-13,True
9ee65b3d6ebf,2024-06-08,False
36b47bb20d81,2024-08-30,True
a8071692f935,2024-09-19,True
ac9740b18ca2,2024-01-01,True
2082863f8d0f,2024-10-04,True
29c48918b629,2024-04-20,True
843d43f71a74,2024-01-14,False
9221537affc2,2024-04-18,True
174032dde8cd,2024-09-26,True
c680619ad871,2024-10-23,True
16f517c92b90,2024-10-17,True
925388257e7c,2024-03-21,True
d543c7fefb3d,2024-12-03,True
4a7349db7f71,2024-12-06,True
e59e28d34877,2024-06-08,True
6ae8a5aa3c71,2024-01-05,False
6075d72e9426,2024-08-15,True
acf1a8cc2c07,2024-02-06,True
dfdf6a0e4998,2024-11-15,False
2d653411ac38,2024-03-25,True
22a3f20de639,2024-07-02,True
8213b0d1943d,2024-09-18,True
37e690d51c77,2024-04-10,False
882a95599af4,2024-02-15,True
17a227551daa,2024-06-18,True
b666d6c2a0da,2024-09-23,True
f7eb75e2ab19,2024-01-03,False
828f7cd0fda3,2024-01-18,False
ca105dd9ce54,2024-04-07,True
a72a85b3bdc1,2024-10-12,True
95635cb93da1,2024-11-13,True
b0b1fa39edd4,2024-10-02,True
341cc26b23eb,2024-01-21,False
4ff1842e55dd,2024-06-04,True
5a71120ea8f8,2024-07-17,True
974d630a9bbf,2024-03-30,True
4a5454a6d179,2024-01-05,True
92c0b1213d2d,2024-10-25,True
5277386e1f26,2024-01-31,True
30f2411ad260,2024-10-19,False
2e499d663d99,2024-05-25,True
2ec48ef68edb,2024-06-13,False
496f60abd0cb,2024-12-19,True
6a27de602a6c,2024-03-30,True
f307903de7f0,2024-06-08,True
94e014c47511,2024-07-13,True
fc970e748423,2024-03-10,False
22f59a3cf3cd,2024-06-02,False
2147f2cea5be,2024-01-29,False
bc8cd29dac86,2024-12-08,False
fc55654985c7,2024-09-17,False
2c962f12f15a,2024-06-05,True
59e6c2336eb6,2024-08-10,True
dfd737e9a66d,2024-11-28,True
da49d1188e2f,2024-10-08,True
f452ada41f9c,2024-03-25,True
3aa003812ce4,2024-11-20,True
8bb7cc9641ac,2024-09-04,True
48b296bd4717,2024-12-16,True
462a746fcfc6,2024-12-16,True
b1cba3bcc744,2024-02-25,True
272e7402dbcc,2024-09-20,True
2dfec5086da5,2024-12-22,True
1da3f60f798f,2024-05-15,False
23bd4ceb8316,2024-02-04,True
196b7c312c51,2024-06-02,False
494fef4487f2,2024-12-04,True
8fde4de41b64,2024-12-02,False
befb9208d964,2024-01-31,False
844d643334bd,2024-06-07,True
3a009862c9e3,2024-08-23,False
81d8661b8e5c,2024-01-11,True
c6f11a13a263,2024-09-21,False
45b35498f3ed,2024-05-26,True
5fd52da8fa11,2024-10-08,True
2d0d39687937,2024-02-21,True
0cdf43f1965e,2024-09-03,False
8a3345578a70,2024-11-25,True
ecfca7e70399,2024-11-29,True
e87d0b82d78e,2024-01-06,True
d04bbfe62b5e,2024-02-25,True
183883338a9e,2024-10-18,True
d7e86dc68c75,2024-12-23,True
ed07fc1ca3c9,2024-09-06,True
df5e323dd9af,2024-07-06,True
e4bb30bf0c56,2024-10-19,True
9140ed664599,2024-10-19,True
5b5e0c5565fb,2024-09-24,True
739b11f9725e,2024-08-30,True
e779bd3a6f3e,2024-01-21,True
1263bbe14513,2024-12-03,True
5bc7175f2233,2024-01-26,True
13ee15b8ad5a,2024-06-14,True
5dc6ab101fa4,2024-01-11,False
7e332d8772c6,2024-08-15,False
97be1e179a8f,2024-03-21,True
89d238e03658,2024-06-26,False
7e1e30e83fa0,2024-11-18,True
bd19333ee18b,2024-12-12,True
9a1cd38979a1,2024-09-11,True
c30038393b2c,2024-05-03,True
adf51b4d58df,2024-08-02,True
283e3e82a0fc,2024-06-03,True
efd2cd20ccb6,2024-04-14,True
067babb94fce,2024-01-27,True
ae2c0d0c701c,2024-06-15,True
7eb29a9d9a17,2024-08-18,True
44ce6b9ab4e9,2024-02-23,True
c75cc5d2eec3,2024-10-05,True
633e72d4184d,2024-02-27,True
6c8723a8f9d0,2024-09-30,True
b90f02fd3af5,2024-08-15,True
9b24076d6733,2024-06-29,True
6e077708a23b,2024-02-25,True
4b2f7c6394f5,2024-08-20,True
17efb391aab7,2024-06-12,False
5cdb04fc75fe,2024-07-07,True
f924865137ec,2024-02-14,True
ed4da16efe6a,2024-12-21,True
9efb098f11ec,2024-02-23,True
69d3616e8b27,2024-03-05,True
7342203454aa,2024-03-13,True
6e19d63f2d18,2024-05-08,True
fd758d32c103,2024-09-01,True
2ce2bb2a7e84,2024-03-30,False
16ec7e892030,2024-05-14,True
62ef8d20bf21,2024-08-23,True
772167c5dfcb,2024-02-13,True
cb9ae9b0ae2f,2024-08-21,True
4c3715647436,2024-01-29,True
e7f43a306bc3,2024-06-29,True
93deeae86b5f,2024-02-10,False
11afc18cbf08,2024-05-04,True
aa9269af5ccc,2024-05-13,True
521edf0546a8,2024-11-13,True
42ed1d27fc9e,2024-11-13,True
44726c995c87,2024-11-25,True
0d77edbe4a24,2024-04-12,True
4461ba721b1e,2024-07-22,True
99333a02f732,2024-05-31,True
0c84d619c29b,2024-02-29,True
bb0338db1302,2024-01-12,True
aeeeca229728,2024-08-07,True
c9f396d6b4f8,2024-04-02,True
2640500ef6fe,2024-02-12,True
090b4e0cbe3c,2024-10-11,True
0bbb62882657,2024-12-04,True
5497e4f2b7d7,2024-07-31,True
f4f2eac766aa,2024-03-02,True
3cda096e1924,2024-09-18,True
6fdd160d1289,2024-05-10,True
fcb4d5105f8b,2024-01-21,False
4dccbbd7bdd0,2024-09-04,True
dbb723792c40,2024-03-23,False
71e1cb4b9a13,2024-12-24,True
e32e6bda8716,2024-09-30,True
235af5c660d3,2024-04-22,True
01f2b0331f30,2024-02-23,True
99dca26cfcf5,2024-05-05,True
551335b4a5fe,2024-03-12,False
7be1364f2347,2024-04-05,True
1de85394f1de,2024-10-23,True
197fc6163afc,2024-02-28,True
ac5c9afc9ab2,2024-06-21,True
f8a06c2a8430,2024-03-11,True
465b1e102f69,2024-03-04,False
a80866627866,2024-07-05,True
d174940fe6a5,2024-10-29,True
c7726c1afd27,2024-08-30,True
7c0d68fe6760,2024-11-24,True
efe3b11d5dc3,2024-07-15,True
2ad970935b00,2024-04-01,True
2e302c3ee22c,2024-11-06,True
0c1ae1d21315,2024-12-20,False
a04b46bf6459,2024-01-18,True
118edbf7e5a3,2024-03-29,True
ed2b1461e871,2024-10-11,True
d7dfa00350d3,2024-08-28,False
57553d1dda06,2024-02-02,True
2edca345c983,2024-01-03,True
c202ae22ac85,2024-08-31,True
5768c0014852,2024-10-23,False
a650a563aeb2,2024-07-31,True
099bbf5d2afe,2024-03-10,True
b305d92dba01,2024-10-24,True
9e840d5bf921,2024-04-08,True
ad6fae2ad52b,2024-07-29,False
859bba6aba49,2024-03-30,True
5ffd19e66e3f,2024-06-28,True
576dbc870ecb,2024-09-20,False
61d03327ecac,2024-01-02,True
dc7971634a0e,2024-11-12,True
c417041a69de,2024-04-03,True
f843963f9c9e,2024-05-01,True
4112cc383197,2024-01-27,True
40c67a4e8758,2024-05-28,True
6c4da34b65e4,2024-09-11,True
3faef61b9c27,2024-01-31,True
9304b5b12803,2024-05-08,True
61f6d0fc0a39,2024-06-07,True
43f3fd796b02,2024-06-06,True
646bf2e2bfc0,2024-08-11,True
09cf0cea7243,2024-02-19,True
74c57dc5d42c,2024-08-09,False
bbccba106066,2024-08-03,True
99b4416b1afc,2024-08-10,False
4bb4dc8df373,2024-09-22,False
7026f9a6349f,2024-05-19,True
2b6845c56920,2024-10-03,False
c3812a01e94e,2024-03-18,True
cc5b6e678959,2024-07-09,True
adbd7c61bcd7,2024-10-28,True
5602a478bdb8,2024-08-17,True
78d000f476e7,2024-08-08,False
ff2676aa8ee0,2024-01-12,False
238013b8f773,2024-03-03,True
87c6c1640672,2024-01-18,False
9803682e9d0c,2024-11-02,False
df1db58d68dc,2024-06-10,True
501f0672c0e0,2024-08-13,True
499398f4e9e6,2024-02-04,True
2bdc06e14265,2024-04-19,True
37834a396d0f,2024-06-01,True
19cc6b29bb24,2024-08-22,True
06f23f0ef1a2,2024-09-02,True
c6f6f74fafa6,2024-03-27,True
00dceee39694,2024-12-07,True
078ae314edbd,2024-04-22,True
dd0561a5b41d,2024-05-21,True
d8945989558e,2024-04-05,False
320606662ca4,2024-08-31,True
b9e9a8526b78,2024-01-26,False
244fe60c7f58,2024-12-06,True
645a402791f1,2024-03-12,True
181c8fc55e34,2024-12-07,True
d6bd56611ed6,2024-05-27,True
8c91871074dd,2024-07-27,True
8e0e2276926f,2024-01-22,True
ff431e9b961b,2024-07-29,False
f7955bfeb407,2024-02-23,True
5ca89227b46a,2024-04-16,True
1fe0da93a6b1,2024-11-14,False
1f8d64d756d2,2024-02-25,True
573a2480533f,2024-04-15,True
c8db8628058d,2024-01-16,True
3d23c864f28e,2024-08-22,True
9db10bf34b7f,2024-10-07,True
87c2bc44380d,2024-11-19,True
9bffb0e91d2b,2024-02-29,True
2773016633ce,2024-09-04,True
c5a9d9aa5e8f,2024-10-24,False
b16b3749557f,2024-01-19,False
64d6ad9e1fe1,2024-12-04,True
26c5b026a825,2024-07-23,True
297d8aa36bba,2024-02-22,False
072585fb403e,2024-10-20,True
912086ae3e91,2024-08-17,True
be69a723c835,2024-03-13,True
46e7c543b9ef,2024-04-06,True
5248246cde61,2024-08-11,True
d7096052265d,2024-05-05,True
cd0747f0377d,2024-07-25,True
f88d07f4c371,2024-10-10,False
bed197238407,2024-08-01,True
cc2a8e635f42,2024-05-20,True
6cd14295e953,2024-07-15,False
85fbc7b93377,2024-04-30,False
487b48ae03e1,2024-06-08,True
d8102b34e819,2024-09-10,True
2e08c979d7c0,2024-01-31,True
56ba65b962e4,2024-07-23,True
3b26d835c8e3,2024-02-21,True
c8f5050bd5e2,2024-03-11,True
76263008ae2d,2024-07-31,False
a9e8b15d24eb,2024-07-26,False
5a17499a4497,2024-11-28,True
cb7538a5195e,2024-08-02,True
825958359caa,2024-07-25,True
63a028ceef95,2024-04-11,False
61d3f5101490,2024-03-24,True
83408998ba83,2024-12-06,True
0be4eea94340,2024-03-15,True
e1ab5b46ac31,2024-02-25,False
51f5bcb5641f,2024-12-10,True
280b69f43572,2024-05-12,True
0279021d8219,2024-04-05,True
6089e999881e,2024-03-22,True
a41a07efb89f,2024-01-19,False
d4b3212e3c2c,2024-03-29,True
a68d68dd6891,2024-03-17,True
2ee04b532ae4,2024-12-16,True
9884cc5b377d,2024-10-07,True
e6c28e4a063e,2024-01-23,True
fb2af7665985,2024-06-14,True
973f95be98e4,2024-07-13,True
0a28d301759e,2024-10-05,True
08b2b5c0227d,2024-09-22,True
c52ac5b64c64,2024-10-09,False
52ba61632a26,2024-02-26,True
9241448d94b2,2024-07-09,True
70a153f9d86f,2024-04-23,True
698c02cc72da,2024-06-30,True
1e8f62325476,2024-01-02,True
dbabdeb16a56,2024-10-04,True
d0300b807b8b,2024-04-11,True
d157a3a33862,2024-09-12,True
6c6abc28fcbd,2024-05-27,False
3a47f6834e14,2024-04-05,True
bdd106a17f1f,2024-09-30,False
a17d8ffbf549,2024-11-20,True
da1b07daa6c4,2024-03-08,True
5a323e6a07f3,2024-04-16,True
609bfcbbcdcc,2024-06-25,True
df68c8cd19f0,2024-12-01,True
cb8397637f4a,2024-09-06,True
771d28a9f345,2024-01-21,False
2085e069cd88,2024-09-27,True
9b2421b8987c,2024-06-05,True
79f8be3469da,2024-04-08,True
1c68f1c5c2fd,2024-02-23,True
ae1069d33982,2024-04-22,True
b8e63ee252ad,2024-01-23,True
f9dccaa6a0e6,2024-02-21,False
0f0786548bc4,2024-07-13,False
e61dfef5a91e,2024-02-24,True
ad2ab25e872e,2024-06-24,True
a8c70e28270c,2024-02-28,True
6831f7a1848b,2024-12-12,False
9b72e15324eb,2024-09-20,False
df6d99b003d8,2024-02-25,True
292cbb4d9954,2024-02-11,False
6c4ef75c4243,2024-12-14,False
a1b74c7d40f1,2024-12-10,True
3a9d971e887c,2024-01-22,True
1e433ebdd3c3,2024-11-11,False
dfecc1954cfc,2024-04-04,True
b17fb17386d2,2024-11-09,True
d6732fc96e79,2024-07-24,True
a9e0ae23d8ca,2024-06-15,True
afbb0191bac2,2024-11-15,True
66201803d2a6,2024-06-28,True
0e11f6060ed0,2024-10-30,True
2bf20e92a509,2024-01-05,False
a4bd9076824b,2024-04-17,True
43ff5dde59c2,2024-12-19,True
37ddd9e0b6aa,2024-04-29,True
d94e12376ec5,2024-10-02,True
38248656999f,2024-01-31,False
a8552595ba06,2024-03-23,False
1b5bcc53e9cd,2024-11-09,True
04d1beb2489a,2024-08-21,True
d26cd50ab70e,2024-01-04,False
2874daa4b07c,2024-02-11,True
121734c32762,2024-10-06,False
c2e558e558d5,2024-02-17,False
ad3dcb24adc4,2024-08-01,True
8c61a57726ca,2024-02-16,True
ed219765d5d1,2024-02-14,True
de167e592103,2024-05-15,True
2de27a22dd3e,2024-08-26,True
a0e86628a0d6,2024-09-29,True
2a8a1d2d672d,2024-04-29,True
709dd495c148,2024-10-24,True
27f8340c7850,2024-09-25,True
c20600885564,2024-03-19,True
3d2978a4d81f,2024-04-30,True
94d77adf3734,2024-04-06,False
979e4cf9eae7,2024-10-04,False
4f28af134d41,2024-10-02,True
418d18a0e741,2024-09-06,True
0c24495a0a1f,2024-01-06,True
cf3e576e662a,2024-04-09,True
06e08771ead1,2024-01-17,True
db39d01b6778,2024-01-18,True
e1ca7158ef5b,2024-08-16,False
ef00ebaf5a58,2024-10-26,True
2dea8d79b927,2024-09-10,True
e99a53ab0661,2024-03-13,False
2758d685d21f,2024-11-09,True
df56089f196d,2024-02-03,False
4f06b34c048b,2024-01-11,True
a0ee1ad27d2f,2024-07-22,False
d42f931b4889,2024-02-28,True
4d1fa81e4a19,2024-04-04,True
55cb51b8fb95,2024-03-19,False
b575d5ad9902,2024-01-13,True
96191ddc907f,2024-04-15,True
009a59726076,2024-04-16,True
db983575cf73,2024-05-05,True
62a35c4df12a,2024-05-04,True
00a76d8e1ce0,2024-03-21,False
440ea81878a3,2024-05-21,True
f4b55b7926b2,2024-09-25,True
8982f0527d80,2024-10-29,True
92965eb21e03,2024-08-10,False
3c521792cbbe,2024-06-04,True
2191f2b2c17b,2024-02-26,True
08792e957745,2024-11-14,True
1f7024b83c8c,2024-11-08,True
f1174f8f334a,2024-01-07,True
05b93a9f3106,2024-06-18,False
04195598334e,2024-10-08,False
4ea4547f647e,2024-11-07,True
863f15b8a62d,2024-12-17,False
74608dcfbed6,2024-06-22,True
6053f7fa06ad,2024-03-06,True
dfb82b032129,2024-03-23,True
7f681d291e5d,2024-10-12,True
83681b055fa2,2024-10-24,False
4080be018440,2024-02-16,False
34ab6213d95d,2024-01-26,False
3b267f174d93,2024-12-18,False
a767456b2d15,2024-12-13,True
7550d6c370d9,2024-11-28,True
3b7c5d4e4146,2024-07-11,True
be5ad7e2bf6b,2024-09-17,True
521553852b03,2024-11-07,True
83bac2a6497f,2024-05-21,True
708b2cfd36f5,2024-01-20,True
e2aa1348a18f,2024-09-12,True
28e50c0f9c7e,2024-07-29,True
aedbee5c389e,2024-03-17,True
dca4ce80178c,2024-03-01,False
774fae52bc78,2024-08-08,True
48db6eb169a3,2024-07-21,True
6bbc7638987f,2024-09-10,True
a1db5e6960fa,2024-06-26,False
1c75655fcce0,2024-10-07,True
f546c5ec77dd,2024-03-10,False
603f9ffc2cbb,2024-12-05,False
b3c00ce11ca4,2024-02-27,True
16d6863669de,2024-07-01,True
5e5441f10b6f,2024-01-18,True
4702dcd0420a,2024-01-05,True
e81d26685e49,2024-10-04,True
0d8d92a25552,2024-03-01,True
a8b237c3da82,2024-03-12,True
2c01b198f5a7,2024-09-14,True
7ddfeb205fb6,2024-03-05,True
91ebfa42f3b8,2024-05-24,True
db12a2b09e9f,2024-04-03,True
47107cab2342,2024-01-06,True
0482976a8121,2024-12-14,True
0f7e30216f4c,2024-05-11,True
a322f77cd7e0,2024-03-09,False
fed773cb04c1,2024-05-14,True
3f91282bfb2a,2024-09-05,True
d71808cc61dc,2024-04-22,True
02f179d9a0bf,2024-08-02,True
eba4fef6c823,2024-10-20,True
8f205ec24d02,2024-09-20,False
8dce0ef8d2e0,2024-06-08,True
455c51af110c,2024-11-24,True
2c723d07d7a0,2024-06-04,True
12f158ee8788,2024-06-09,True
b54d4e2a5c0b,2024-08-20,True
47af5315eedf,2024-08-09,True
2fba0971e79d,2024-08-03,True
81d718420f4a,2024-10-28,True
7c656e7f35dc,2024-06-25,False
5c42fabc38cc,2024-09-16,True
b8094f971f0d,2024-04-30,True
269e06b7d570,2024-12-22,True
dd885d7c1579,2024-12-02,True
1669f66e2054,2024-06-04,True
4c9b6084c6c3,2024-08-08,True
b97e87d07317,2024-02-11,True
f40587b102de,2024-04-28,True
60c61e777e74,2024-10-21,True
f9f5ba95db29,2024-11-20,True
2d8f6369eb57,2024-11-07,True
4744c84bec5c,2024-09-25,True
a7f26946bb9d,2024-03-06,False
2c92e70519a5,2024-12-12,True
9339c6fd2f81,2024-01-11,True
5ed63c7ffb0e,2024-04-16,True
61c748f0d119,2024-07-19,False
c5a71e5c4ec8,2024-02-05,True
2fad29e6057d,2024-07-06,True
4a313489c3f9,2024-10-10,True
564b09a8e9e5,2024-05-21,True
beee4ce42345,2024-02-19,True
2201a648cc37,2024-02-18,True
24be15b2f750,2024-08-14,True
3f2f4535019c,2024-05-14,True
7df9abf0169f,2024-05-11,False
8e6e46dd07f6,2024-12-25,True
ecfe75c4db90,2024-04-22,True
82f907e085e4,2024-05-05,True
0963ab51112a,2024-05-18,True
d14187d22303,2024-09-04,False
e5db766543f8,2024-10-06,True
b47c9cdd5785,2024-09-14,True
1adc032803ad,2024-08-09,True
0488b7f79534,2024-01-19,False
f3eddeb698c0,2024-11-10,True
ce57cb5fc746,2024-07-19,True
83c42f006dc3,2024-01-25,True
5c57f7a6fd67,2024-05-29,True
4a17ae74b265,2024-05-27,True
23da117b04b9,2024-06-15,True
a7bbcbeed7e0,2024-10-09,True
c2a7676b97e9,2024-04-10,True
319870807d62,2024-06-25,True
0e3496c9ac6a,2024-02-28,True
639d6290460c,2024-05-07,True
78d1b3c354aa,2024-02-05,True
31e81d6b9ede,2024-12-14,True
27d879067dd4,2024-08-29,True
fd2f198bb4cf,2024-01-06,True
71dfdab52081,2024-05-21,True
3ab58b18334e,2024-05-13,True
b931d1b36884,2024-09-01,True
d750cc474765,2024-04-29,True
1bdd15d3bff3,2024-06-30,True
17e254b32557,2024-04-09,True
fdf6e31fff80,2024-10-11,True
b36f739f1f00,2024-04-08,True
c4860ffffec9,2024-07-16,True
09b63770727f,2024-01-17,True
ddab2a1c3d5d,2024-11-16,True
c9e8e6b4a594,2024-11-21,True
246a0582616e,2024-03-16,False
7ca10512e59d,2024-03-27,True
d9843c9421ed,2024-08-07,True
12d6690f0ff8,2024-05-09,False
8ff5dee15b16,2024-01-04,True
e86b0927204f,2024-12-02,True
89f3273f9297,2024-03-05,True
c4271236b7be,2024-03-15,False
506e1c90b6f9,2024-05-17,False
b99528e833c6,2024-07-22,True
9c8ba55bd018,2024-04-13,False
10ffb145abce,2024-08-19,True
2f369984ccc9,2024-04-24,True
d76b6e0e6b66,2024-09-01,True
058228dd5c0b,2024-09-10,True
c0b214a83f07,2024-09-15,True
29b07f4d1b08,2024-03-24,True
a1b020154e21,2024-05-01,True
ec169c596ed6,2024-08-08,True
62d2512778dc,2024-08-12,True
b993544876ff,2024-07-03,True
4cf755a2bcee,2024-05-30,True
a7552eb356c7,2024-12-19,False
3dbd4a9dab0b,2024-08-12,False
46921c10b243,2024-12-22,False
171c85690323,2024-09-23,True
6f558d48547c,2024-04-09,True
97be84d17844,2024-09-28,True
2e241b15b831,2024-03-03,True
d79e19dbe188,2024-03-03,True
9946652bd32f,2024-07-19,True
6eaca2fd4a62,2024-11-18,True
54e56dc2e570,2024-04-03,True
7a3b9976cf29,2024-11-04,True
c61884e1a214,2024-04-19,True
35590abda6fa,2024-05-09,True
d6d56de53e41,2024-04-10,True
af627060db44,2024-04-29,False
af234f4d8d33,2024-01-13,True
57b509884c5d,2024-04-02,False
7d69a611fa39,2024-10-23,True
2a7a54877c16,2024-11-27,True
f73d0b73f3cc,2024-09-30,True
878602d65ee1,2024-11-03,False
5fe5bcddb08b,2024-08-14,True
e590761de1e9,2024-03-08,True
5fd0b3ec313d,2024-05-29,True
3ee49fedb2bb,2024-08-30,True
fa0dd6053c7d,2024-05-22,False
2503940f6c31,2024-05-27,True
a9dd620c07a8,2024-08-10,True
f04245ff08b4,2024-11-07,True
cf0702c2da25,2024-04-22,True
d7e76939b5d6,2024-03-22,True
6a4c5a70ef32,2024-09-08,True
c1a455807ae1,2024-07-03,True
f667da8fa402,2024-09-17,False
ad3f6d6f5ed9,2024-02-26,True
df1a5cd5b9e6,2024-12-19,True
baa24e056cf9,2024-05-13,True
66e93b1ea6a7,2024-02-02,True
74cd17e6eea2,2024-08-17,True
796afe677c26,2024-07-15,True
0a6f6f2ca7a6,2024-06-03,True
2736850135b4,2024-06-07,True
e30891b919ad,2024-08-24,False
cde1dcd1b42f,2024-10-18,False
d4b2ca59cf53,2024-09-01,False
4b14e2f4c248,2024-04-07,True
8ece9537a5cf,2024-11-11,False
09b2256b51c5,2024-10-23,False
5a0c4844a9f9,2024-04-11,True
8c920b1893e2,2024-06-23,True
b67e03d623d0,2024-10-30,False
dd4277c07480,2024-09-24,False
df51c2c7d782,2024-08-09,True
84a7ed8c2736,2024-03-09,True
61643e889ab2,2024-07-16,True
b01937c87077,2024-03-04,True
b9b3358305e5,2024-10-06,True
7ca01b468e6a,2024-05-22,False
02eee572df3f,2024-03-27,True
03f481d7f0be,2024-10-14,True
3b7751d0d6c1,2024-01-18,True
cb9a36c2f1ae,2024-03-25,True
1906f3913b2b,2024-10-19,True
cd9fedac32ca,2024-01-30,True
1aa46f72891f,2024-07-08,False
7e7972e5a944,2024-04-17,True
cc5417844c61,2024-10-07,True
3d0f08fe2a47,2024-08-03,True
b5bbb673e369,2024-11-25,False
27886fe0c080,2024-08-10,True
d3d450e4c4fe,2024-03-14,True
16057f197d1c,2024-05-15,True
14e2e2e09110,2024-06-27,True
b73fef2cdaa9,2024-10-25,True
786a6d5e50ac,2024-07-16,True
011bc7d33993,2024-12-13,True
a233c8cdf3ed,2024-07-30,True
c1d4d7542341,2024-11-13,True
cc2308196d5b,2024-08-05,False
190534602f35,2024-07-30,True
7c63864a5528,2024-01-11,True
6db1104f0a19,2024-05-03,True
0c6e68d560c2,2024-02-24,True
315fe278d73b,2024-06-15,False
efa749b02667,2024-09-22,True
aac475c7b5e7,2024-09-18,False
83373738814b,2024-09-26,True
1e03c811aa92,2024-11-09,False
4113e770b979,2024-05-29,True
ca2fe32f15bd,2024-01-11,True
a34f6cbd4cf6,2024-12-05,True
692da5263e92,2024-10-28,True
fe4c1ccf8f98,2024-03-13,True
8150564143a4,2024-12-19,True
161c2f0948b8,2024-03-25,True
ff6c57247acd,2024-06-12,True
2741618ace95,2024-03-17,True
ff0310529217,2024-02-10,True
5d8683fabbdb,2024-07-06,True
efad634dc1c1,2024-10-18,False
919b774a6c10,2024-09-21,True
8e7363756871,2024-05-10,True
90870b1f0096,2024-03-12,True
71658d0fb865,2024-07-18,False
c381190963c6,2024-06-14,True
e66351d62442,2024-03-08,True
68712800011d,2024-06-12,True
bebc501105aa,2024-08-01,False
7174489686d4,2024-06-27,True
bab0290f136e,2024-03-07,False
ae1ddbc4efa3,2024-09-03,True
8180fb2c8566,2024-01-15,True
d68214b4d18f,2024-09-02,True
31d392eafc75,2024-03-02,False
2f8c3ebf2cf3,2024-01-08,True
8efe6321a8c0,2024-08-08,True
a4c7055d5528,2024-10-27,True
29d606f57ac7,2024-04-09,True
6f0eb7c9dbc3,2024-02-12,True
f0154b726292,2024-08-18,True
8b06f1b2b138,2024-11-20,True
cf858547b17b,2024-12-08,True
82130896cad3,2024-08-12,True
80aeb6409c5d,2024-11-04,True
1a27fd07bd07,2024-10-27,True
0603e4cab51c,2024-10-25,False
0680f458d999,2024-01-27,True
c41778433699,2024-09-12,True
73d71169c3b2,2024-11-14,True
d7cf1ec1d503,2024-09-20,False
77791e71ada2,2024-09-02,True
b8ce722125b5,2024-04-14,True
efa59ebf5ccb,2024-09-21,True
1e0dcf5b84a6,2024-07-28,True
569f95255a61,2024-07-14,True
566478734d03,2024-11-02,True
d1e7872f78de,2024-10-18,False
be74714151d5,2024-05-01,True
0701da9d41fc,2024-09-16,True
70587a71412d,2024-10-18,True
5d01cd22ee08,2024-11-08,True
173e67eff6d9,2024-04-08,True
03d3b0348c57,2024-02-05,True
29be8f706d46,2024-10-19,True
64bb58204d89,2024-08-30,True
3eaf8f48028b,2024-03-11,True
a9b450410a8c,2024-03-27,True
70ea44cd75b3,2024-06-30,True
411983fbf42f,2024-06-29,True
802d3105861a,2024-12-05,False
1e9086ccbfc6,2024-05-30,True
8d6d135ed94e,2024-01-08,True
0b452250bb79,2024-08-20,False
b3f658bdabc9,2024-11-30,True
c006d683075c,2024-09-20,False
8366660b388a,2024-01-01,True
e13a7080b4de,2024-10-17,True
22a2450b9139,2024-02-01,True
47781780c42d,2024-07-25,True
673708875dd6,2024-08-07,True
d7f473c0649f,2024-01-08,False
37d0f2e08cc8,2024-11-11,False
4a6cfac308cc,2024-02-22,True
2967b76bbb53,2024-07-26,True
d6eb60015222,2024-09-01,False
a889335c6344,2024-03-06,True
daf7a7657486,2024-01-13,True
837443aab3aa,2024-12-05,True
a2ad87e79248,2024-09-16,False
48bd42b125d2,2024-04-13,False
667a6f38eb99,2024-05-15,True
350f80fb84ab,2024-08-01,False
ed3bb7b41ff6,2024-11-09,True
d93dae358d28,2024-06-26,True
0a1b9c83b101,2024-05-13,True
1072c735e691,2024-08-27,True
0ee0425f09ee,2024-09-16,True
8cc33aac3b2a,2024-05-09,True
6ec60830010e,2024-12-24,True
1ec07807966b,2024-11-22,True
602de4431c7a,2024-02-13,True
c12e4423ccc1,2024-09-11,True
d178c099626b,2024-10-19,True
b6a020803011,2024-02-07,True
54c914c469fb,2024-10-14,True
e945c21f9939,2024-09-24,True
d646fbd918b6,2024-12-02,True
23ad6f53e57d,2024-02-25,True
7884d0a5d7af,2024-12-09,True
252600d5ee93,2024-06-23,True
f2954c95dbd0,2024-06-08,True
96ee10ef7265,2024-07-15,True
5399cd0dc5db,2024-09-23,True
5ff3bad1952d,2024-11-18,True
9d01ef9e5e0c,2024-06-10,False
fa05752deb9e,2024-03-25,False
f6fa760c93f6,2024-01-13,True
865fbd5e6158,2024-08-31,False
26b4edf33e4b,2024-10-13,True
58f49d244346,2024-08-10,True
190131278abb,2024-02-26,True
0377dfa96b68,2024-06-03,True
283c1b584f54,2024-09-15,True
6b61f8fa1a6a,2024-01-11,True
bdd8fe34cb5e,2024-06-26,True
adc4780bb610,2024-09-14,True
9367d2c7d347,2024-04-17,True
802483b57e73,2024-05-28,False
cfa512d8ab95,2024-03-30,True
faeb38b84195,2024-05-26,True
ecbf95597777,2024-09-30,True
b2a20dc3e968,2024-09-28,True
03eb7f04665a,2024-03-10,True
d6babc4d0857,2024-10-08,True
8dc96ed68d0b,2024-03-19,True
9017978e093c,2024-10-05,True
a8aac632653a,2024-06-10,True
407d2dee1460,2024-05-29,True
b51da92e4df0,2024-03-12,True
42e4d537c3fb,2024-04-16,True
58312ed5ad18,2024-04-29,True
7611ba7fecf5,2024-09-08,True
1fd732fa1774,2024-07-14,True
89a53f3658b5,2024-08-04,True
f328f2beffae,2024-07-21,False
de9396199b0d,2024-12-13,False
52f642450afb,2024-07-11,True
6422886fb51d,2024-01-30,True
095d0ded27f4,2024-07-24,False
0ce250c0cbb8,2024-03-12,False
0cb23cc28308,2024-04-27,True
36b701f3c95a,2024-08-18,True
400300423efc,2024-04-12,True
6fe22746546f,2024-03-04,True
6d2dfb41e1bc,2024-05-04,False
6afdd58f6532,2024-01-09,False
ea15deb433e1,2024-05-26,True
a347f7c163b7,2024-03-04,True
6c6b557aa9d9,2024-08-06,False
f0b32b2a7a7d,2024-09-12,True
7c310c83b9ef,2024-07-01,True
b9a128f56f8e,2024-11-17,True
e972982274c1,2024-08-08,True
0279440409ad,2024-08-15,True
59ae7029b650,2024-04-21,True
0db045098246,2024-09-29,True
f8c3521ba84d,2024-10-02,True
b756652b7119,2024-03-20,False
9793419f5bfe,2024-03-18,True
b2d115f4e8d1,2024-02-20,True
240dac0321a3,2024-03-22,True
ee9c94a57136,2024-05-29,True
eb0b96bb8233,2024-11-27,True
59a892111c10,2024-12-18,True
e9774b81d42a,2024-01-10,True
5689b8a0e1a9,2024-06-15,False
d9a9fb3982ad,2024-04-30,True
09cddd994ef8,2024-09-13,True
72afd7817413,2024-05-01,True
3ba083c6e5ad,2024-04-16,False
14a2bfb233d3,2024-09-27,True
12c52c2ff893,2024-08-31,False
2cf76211a4fd,2024-05-09,True
089209289a2e,2024-01-18,True
15dfa9ed3283,2024-03-06,True
f7227f334876,2024-10-12,True
464c9c53c6a8,2024-03-28,True
b829343a7546,2024-06-21,True
51bfe9c1f630,2024-03-09,True
40387a3c1a14,2024-02-11,True
5386c24b2156,2024-12-07,True
27a8e8dfe8ef,2024-05-05,True
a0d178168a70,2024-12-14,True
e78558c74397,2024-08-02,True
8c9cf78cc31d,2024-02-14,True
35782a38373b,2024-11-17,True
8cdc783faafb,2024-01-18,True
65cb0db7e983,2024-10-24,True
96c0798a4ae6,2024-12-20,False
43e74eb79e07,2024-01-14,True
11c8ba26ed31,2024-01-07,False
439cad519802,2024-04-02,False
54fbde194e76,2024-04-30,True
b8fd7c768da0,2024-08-16,False
4c721d2618c1,2024-08-20,True
415d544c4abb,2024-05-18,True
934d340a20f8,2024-07-15,False
bb702f6ae9c4,2024-12-22,True
2d2698ef2211,2024-10-13,True
c63de61f06cc,2024-07-19,False
883b8099cc6c,2024-01-04,False
ffd8e6b56dba,2024-04-16,True
81b5be874c80,2024-08-05,True
ae15d5bfcfe6,2024-03-19,True
a1e0e88c349c,2024-08-31,True
239d5dbaae42,2024-01-15,True
1b0132aa15a5,2024-03-21,True
3dadfb20e4f6,2024-11-14,False
2e85570e31e1,2024-10-06,True
9b02b9321a63,2024-11-13,False
e3e936130612,2024-03-22,True
49abbdbfec0d,2024-01-31,False
85895b556413,2024-07-10,True
dc8595adffd4,2024-04-18,True
88e677776d8f,2024-01-05,True
19c118460808,2024-11-23,True
aec9a6156a22,2024-10-05,False
2c9b518af1b7,2024-06-18,True
15c5153b4ad6,2024-01-26,False
d84b0094f48b,2024-02-02,True
4737d13f5f21,2024-07-19,True
141db7848b83,2024-05-12,True
28c619a36481,2024-11-16,False
2a41aed13232,2024-03-27,True
3a6916447aaa,2024-01-13,True
b6be73c0cdd9,2024-09-27,False
8386a482270d,2024-11-19,True
0f0b1f8e3a98,2024-04-17,False
a6a175e97aa8,2024-04-15,True
f0e7bfb75738,2024-07-30,True
e32f9c2d12cf,2024-12-24,True
560dcc5a4231,2024-11-08,True
86e5d0a99172,2024-10-14,True
9e1603b1ec1e,2024-07-10,True
2d910517c350,2024-12-06,True
c0b18adb6bb3,2024-11-13,False
f578074f22c0,2024-04-12,True
e3653fa2f9ce,2024-12-11,True
a7c60650f1e4,2024-07-22,True
8b00cde2a7d2,2024-02-08,False
55e49beb91e3,2024-12-16,True
3977721f89e6,2024-03-31,True
04b7e1666818,2024-02-25,True
7df8f32c5725,2024-08-06,True
3af65dfeec21,2024-07-15,True
32a26054e29c,2024-02-16,True
c7b490f2b767,2024-01-24,True
8f3de1be59e1,2024-07-13,True
d0f6dfefc34f,2024-04-20,False
5bf532d6ab26,2024-10-11,True
f6818ad19221,2024-05-13,True
890184dbfa6c,2024-05-22,True
1612bfbe8bd4,2024-01-03,True
0bf7a39522ab,2024-07-24,True
e03eda5dbbfc,2024-09-25,False
e17eb51c8920,2024-06-03,False
6850e3223d1c,2024-05-19,True
93b472466c46,2024-01-27,True
1113d22d2dae,2024-10-13,True
4b6a93914f06,2024-10-31,True
702c862bebd9,2024-04-04,True
b8c0b211954d,2024-11-09,True
8a66e6eee83c,2024-06-23,True
ead0b046e134,2024-04-09,True
915ba4dae859,2024-08-13,True
780e5d55d7c7,2024-07-14,True
ec906d5527bd,2024-06-17,True
c93f3ba2716b,2024-09-02,True
8d04701a3861,2024-01-28,True
3d6f83f02e66,2024-07-04,True
84557f6db84a,2024-04-07,True
086944ac5a4c,2024-07-22,False
cab895b51d40,2024-03-30,True
7351675985be,2024-05-05,True
88cec7964265,2024-10-10,True
b6abf1455da4,2024-06-23,False
2b5c12d5602b,2024-05-07,False
1c3eb7f02f3e,2024-11-13,False
ad58d022e683,2024-10-22,False
b4e8da5dd9b5,2024-02-28,True
6497c3cff20b,2024-09-27,False
f290a108a474,2024-06-06,True
60003c110d89,2024-01-29,True
ba60f036a6da,2024-11-26,False
a7de368eaa39,2024-03-05,True
f3b01c6d2283,2024-05-19,False
d9752abd062e,2024-06-29,True
36bb242fd139,2024-06-16,True
369943acda31,2024-08-18,False
313036adce91,2024-06-17,True
51d3f3bab214,2024-04-02,True
88b0e5589a98,2024-10-04,False
091999a1b2d0,2024-02-10,True
310a9ee5f04d,2024-09-01,True
36f306cb0b77,2024-10-31,True
c04d25be33de,2024-08-12,True
d3dfea4d8cf5,2024-11-07,True
c0f3c035f61c,2024-10-18,True
2673f3592353,2024-09-24,False
a64a44410510,2024-05-26,True
fecb4f908f69,2024-06-27,False
17b499d12725,2024-09-28,True
c74076352f47,2024-05-22,True
b12c0d652ea6,2024-11-05,True
26c767f31ca5,2024-06-30,False
81669c46bc67,2024-09-29,True
c06bc0b677a8,2024-11-19,True
d802215320bc,2024-01-15,True
cdcace2c7465,2024-09-15,False
04ddf6161819,2024-03-26,False
3ba436629549,2024-05-18,True
da7b86b1eceb,2024-10-10,True
660b10e1a629,2024-08-28,True
893bf10ad750,2024-11-17,True
58bd4ca23fbe,2024-09-16,True
7f76b5973f59,2024-11-13,True
12f803ad9e8e,2024-08-28,True
b014fcd4bfdb,2024-09-14,True
20f1c062c5a9,2024-07-30,False
3b4ca0681bde,2024-12-21,True
c1c43b274233,2024-07-29,True
d738e7fb6a47,2024-08-09,False
0cc6dff0a1d9,2024-07-27,False
edf50c75ea4e,2024-10-16,True
5b254eb123a5,2024-09-07,True
b790e80f864c,2024-07-19,True
0743c460a303,2024-05-25,True
8042da7f9462,2024-12-25,True
960c32d0474e,2024-01-05,True
97d1ee7b95d3,2024-10-22,True
2859b8a3e915,2024-06-01,True
51741a00dedb,2024-10-05,True
4e68ba485799,2024-01-29,True
988c89f6aed5,2024-12-08,True
6e833824a564,2024-03-19,True
20b1cb51a522,2024-01-22,True
525e6d615fd8,2024-01-29,True
ce636313e72d,2024-06-04,False
15400a37704a,2024-03-27,True
7794831cf7ba,2024-10-14,True
d25d01edfa74,2024-02-15,True
d081c63e9679,2024-11-04,True
1a495ffc1abb,2024-03-05,True
0d81840db1b5,2024-08-27,True
55de6289a95a,2024-07-19,True
a44ae9d42270,2024-06-02,True
c3657464b7d0,2024-08-15,True
dbf2053f507a,2024-10-12,True
88f23a327b24,2024-04-19,True
b19f63de1f33,2024-11-08,False
caa19d757032,2024-12-06,True
3baca8bb2681,2024-10-06,True
30e8e7c4e893,2024-06-18,True
9b831b96535a,2024-02-25,False
137a63f3e668,2024-03-21,False
31d04f68966d,2024-08-22,True
a3943634194b,2024-12-01,True
4388110b55e6,2024-06-16,True
8b649f36a482,2024-08-11,True
d64461109fac,2024-07-04,True
2787dc7e6fbb,2024-05-17,False
d7a910fcf92a,2024-02-29,False
d7bd415cec4d,2024-05-19,False
e7da0c886818,2024-11-03,True
413a0a2b90ae,2024-05-14,True
a194907fa4f5,2024-03-18,True
ac8dae4ddc2b,2024-06-03,False
9d2b64facd13,2024-01-07,True
0b4aad0c3503,2024-11-20,False
b03b5cd49a70,2024-06-13,False
6edcb15c3610,2024-06-23,True
e64d46e1296f,2024-06-11,True
8b6953e81e13,2024-09-01,True
b834f47567ff,2024-01-22,True
a5fb490fb979,2024-08-20,True
00181f2effff,2024-02-28,True
12fc386b903c,2024-08-12,True
cb85b3695461,2024-09-05,True
ea99c0d2a113,2024-01-23,True
f0d905c72929,2024-10-21,True
ebe5e8baa65f,2024-12-11,True
e4103c95bbac,2024-10-10,True
70262671b9b3,2024-12-03,True
32136a64b57e,2024-09-14,True
dde0559c3007,2024-03-27,True
f764ed1e74f0,2024-12-13,True
333b5b8a388b,2024-09-29,False
ea5d6e122fc6,2024-03-28,True
37136242d794,2024-03-07,True
14fa66f0cb04,2024-04-20,True
4818f7d245dd,2024-04-05,True
470e1d3dfaf5,2024-10-28,True
0b298a8d32dd,2024-06-12,False
ebca28d0344f,2024-12-09,True
96493cdef80a,2024-02-18,True
36c295f0b2d8,2024-10-26,True
d5ab630aa1d8,2024-04-25,True
9785a412cc63,2024-07-28,False
fc93c6c15a2c,2024-05-09,False
567c004651b7,2024-09-24,False
eb1989c42526,2024-03-16,True
71aa35751c6f,2024-09-20,True
480a4c480281,2024-10-03,True
03798b9b172b,2024-06-27,True
4ff341a5eec9,2024-02-06,False
fbe177ef85c8,2024-04-14,True
8a66c64ab8bb,2024-12-07,True
b0c69ed82f73,2024-10-15,False
830e8e95e706,2024-11-15,True
06cebdf0db6b,2024-07-12,True
1f5dbe71dac9,2024-07-06,True
07901ae4a28c,2024-01-04,True
898d725fa77a,2024-08-17,True
a60dcfd23f7d,2024-12-07,False
c4fc99be636c,2024-04-04,True
2f0d37547a12,2024-05-28,True
1da01fa2af52,2024-02-28,True
8c6e43327076,2024-05-31,True
73210e33d97f,2024-04-15,True
a950349ce776,2024-05-05,True
2ada3231183f,2024-12-04,True
68e21762bcd3,2024-04-11,False
23ece91457a0,2024-12-10,True
e750a4eefeb2,2024-05-31,True
788cdd498ede,2024-08-07,True
e9401a256428,2024-05-11,True
b73c41cf4580,2024-09-06,False
5c1abf9e2157,2024-12-23,True
bc3031a16c84,2024-12-08,True
9c14460620b6,2024-04-06,True
0c0a53e69f38,2024-11-05,True
b3b8af08b305,2024-12-25,False
bc9e9256c5d7,2024-05-26,True
844b4d956507,2024-04-06,True
c52a96dd677c,2024-12-09,True
86fd417efa16,2024-07-20,True
f9544d67c415,2024-01-04,True
bbda18509c36,2024-04-04,False
c3df5c123281,2024-08-13,True
506e2fe773a7,2024-08-14,True
4c53009c2517,2024-09-18,True
f49744354b31,2024-07-02,True
5c66a1ad118c,2024-01-13,True
118f601e8dde,2024-02-09,True
9ea1190074b6,2024-12-10,True
71248af52ac3,2024-03-29,True
c0cc344b483f,2024-11-13,True
d3f29bf689b7,2024-12-19,True
322629e83a2e,2024-10-24,True
4fde08bc1bf9,2024-10-26,True
5629530567e3,2024-09-13,True
67d3e4b00d84,2024-04-28,False
30f45d70f28f,2024-10-21,False
1f043cb0d376,2024-03-05,True
9aef7dd8825c,2024-01-03,True
8d5c498babd7,2024-08-24,True
a9405fea82f4,2024-12-24,True
86442d0c51c9,2024-10-27,True
ac935a8ff6de,2024-04-09,False
5b0264f8f046,2024-10-05,False
3cccc6ba340d,2024-04-27,True
9f1980b8835b,2024-11-03,False
617add7add61,2024-12-18,True
d5621c347dbc,2024-09-11,False
91b1e8d89151,2024-08-05,False
2bb960359e94,2024-09-02,True
c56071da1b44,2024-05-12,True
8e7164341e40,2024-06-17,False
9bab7a4b140c,2024-01-19,False
2a9d9a753405,2024-06-15,False
c0674e15a7f4,2024-09-05,False
b7eb541f599c,2024-08-23,True
216abdc26977,2024-08-31,True
2751b424a3b5,2024-08-02,True
3304fb355772,2024-06-08,False
02db7cf39641,2024-05-07,True
8fa290f33883,2024-12-09,True
fbddccad80b0,2024-05-17,True
caf3d2a79bb4,2024-03-23,True
cda4ed0a8b0f,2024-03-09,True
5524f7c668a5,2024-01-12,True
3c7f3ee0e007,2024-06-23,True
7e755122a682,2024-06-18,False
fd718fc7e18b,2024-11-14,False
b98be3d000c2,2024-06-12,True
e77c43068203,2024-08-20,True
22fafaf8517d,2024-11-30,True
497979339eb8,2024-08-06,True
7db543da54fe,2024-02-06,True
70afdddeb401,2024-11-10,True
de52f4ef55e9,2024-10-26,True
a9a5570de9a1,2024-09-07,True
c396b2896ae7,2024-02-25,True
c4a35f6cb9b1,2024-12-09,True
3d735998dd97,2024-06-12,True
ab663cfefdf6,2024-03-30,False
3f583bfaf065,2024-05-25,True
97b726d25f03,2024-03-08,False
4cbe85357948,2024-09-18,True
f8769e8cdb84,2024-07-01,True
168acd783149,2024-10-06,True
b5589bfb6cdd,2024-10-22,True
0fe474a7f00e,2024-04-16,True
899f9ec33bb2,2024-06-28,True
7e8f5b26a0a0,2024-02-03,True
e6629aa3efdf,2024-04-08,True
27c80a843c6e,2024-08-22,True
b73beec667bb,2024-04-06,True
36471020bc2f,2024-09-23,False
8aee942fa152,2024-05-28,False
90727ae90982,2024-12-17,True
c98bcd8f5ca2,2024-08-25,True
98deacc00874,2024-03-21,True
6ae44d22d813,2024-12-17,True
cbe24b3af609,2024-10-16,True
bbfd7a4f1b86,2024-01-21,True
cb5a32e54815,2024-04-04,True
0ed2577832cc,2024-10-26,False
4df3a4dfc264,2024-03-20,True
04afc9d97215,2024-04-27,True
6c2b63f89ba4,2024-02-20,True
7a9fad854818,2024-08-24,True
8b70fb2752e5,2024-05-05,True
0393c0d70e31,2024-08-15,True
beb869b96eb1,2024-02-04,True
b161420f9d19,2024-05-07,True
72b5b526a1ae,2024-03-26,True
ed762ef6691f,2024-08-20,True
0db4ae90eee0,2024-10-04,True
394f0f503c40,2024-11-11,False
f2d9eb3cd132,2024-11-27,False
18a3d45c4401,2024-03-29,True
9ddb861033de,2024-09-03,False
a88f2e05003c,2024-05-04,True
18395322f2c7,2024-02-01,True
a0ed7151abbe,2024-10-15,True
72c2c33bf0c4,2024-10-14,True
e5be1ef2c34d,2024-01-14,True
17b015718900,2024-07-16,False
b90cd27c16c7,2024-05-01,True
30b7fc44dd51,2024-08-03,True
3b0d98366641,2024-08-20,True
3049788064a9,2024-09-06,True
270428024e42,2024-03-05,True
a9c0b156ad36,2024-07-31,True
11b11dfb5586,2024-05-23,False
c6f54c8ad85c,2024-03-17,True
44019c7076e1,2024-09-08,True
de88e5e16b76,2024-06-12,True
c73259e3b7e8,2024-02-16,True
0ebd87ce16bf,2024-05-09,True
a0c0b5edb5e2,2024-01-25,True
ba6ffa1216ed,2024-09-14,True
f61df6698488,2024-03-26,True
725188152204,2024-08-17,True
aeeeb407fb8e,2024-01-09,True
83546de95073,2024-10-01,True
76bd19863b5b,2024-09-03,True
a43060983a61,2024-07-04,True
bd0e838c89d6,2024-06-01,True
704fd430e14b,2024-03-19,True
5353f3e161b3,2024-12-23,False
c40c9ef94dbf,2024-01-17,True
4e3c1dcd6894,2024-07-25,True
ab7ce861d817,2024-01-18,True
33ef5fa23956,2024-12-22,True
a3a70b4fd7c1,2024-02-23,False
182dd5c57e84,2024-12-14,False
b095b00b4cd0,2024-02-01,True
b41cc17e1231,2024-12-13,True
85c9d21b0451,2024-05-10,True
cfbc20f4ce83,2024-01-15,True
323cdc683ba6,2024-03-06,True
321a426731d6,2024-06-24,True
1b2cad08f4f5,2024-03-09,True
d2a697cc0be0,2024-11-24,False
e54ae45c3ed0,2024-09-18,True
2d62eec237e7,2024-05-25,True
580d2da09df6,2024-10-25,True
974a53c31acc,2024-02-27,True
5f65926dbb62,2024-06-09,False
6cc133e0889c,2024-09-18,True
dc02da0f14b7,2024-08-13,True
05b2b339db23,2024-03-19,True
fb8b104da750,2024-05-04,True
07a7f5506cac,2024-03-05,True
d1b08708f0e4,2024-04-29,True
f03d64516e46,2024-09-14,False
60db9faf1e72,2024-06-01,True
e571305c2888,2024-08-10,True
5367d5b1c56e,2024-10-15,False
76a2e43ee103,2024-06-19,True
b60be5421890,2024-10-12,True
b74d3ca42f2c,2024-08-18,False
bf325ebce47e,2024-02-03,True
c3a1af5d10e5,2024-08-19,True
5f5494e57fa3,2024-08-20,True
17cca3140299,2024-08-11,True
361699bec833,2024-09-03,True
8a80b9267051,2024-09-28,True
e97b10aa3512,2024-06-11,False
ee1b94821cc0,2024-08-14,False
e4ba4ecf7565,2024-08-03,True
4af4cfce8c4a,2024-11-15,True
d4fea37ca646,2024-07-17,False
720930d82c09,2024-07-17,True
0581a65eef95,2024-08-31,True
0d01d6aae44b,2024-12-07,True
955d46900cd4,2024-10-04,True
83423e31c241,2024-08-30,True
d93ba82773af,2024-12-15,True
03558b548553,2024-07-13,True
83e38088148c,2024-07-29,True
14cb178c0071,2024-03-22,True
9a17dd5b7ae4,2024-08-05,True
adc96844764e,2024-11-23,True
975e4b1ff5c7,2024-11-07,True
c4c65e3eb53f,2024-08-10,True
3a2e42be11dc,2024-09-23,True
90fc6db0eb4e,2024-05-19,False
27a3944f5136,2024-03-06,False
01fa8965cbcc,2024-01-30,True
eeedb283010e,2024-01-27,True
d98fc8f21799,2024-11-15,True
18fb62200931,2024-10-29,False
3fb40b0936ef,2024-12-06,False
48b155b09a50,2024-04-28,False
a05635204332,2024-07-13,True
4eecf226fff6,2024-06-05,True
195fa8be4645,2024-09-08,True
7cab9772330a,2024-09-24,True
98dea17c2a98,2024-03-11,True
d8afeec894d4,2024-04-27,False
306fade8179d,2024-04-01,True
fe267cd55fb7,2024-06-30,True
c4b253bbcbbd,2024-03-15,True
70f8efc3548c,2024-10-18,True
a07092eb1f55,2024-04-16,True
c683296760ad,2024-02-25,True
bc1617825b01,2024-03-19,True
1bd9f3787a60,2024-07-18,True
67693f6b2d33,2024-04-26,True
777b60d96c4f,2024-09-17,True
724a783630c2,2024-01-30,True
7d6e57df2ce2,2024-05-01,True
cd3568c9d6e9,2024-08-04,True
17411756dfa1,2024-02-14,True
8458c2c920b1,2024-03-08,True
16d62d4dfe97,2024-11-18,True
bb27c4b0f062,2024-01-19,True
6dc85dec300f,2024-07-08,True
849f60cb18cb,2024-01-18,True
e9e2b5b6a2c5,2024-05-20,False
dbcb7f5f3dcc,2024-07-03,False
1ecb5c0a1756,2024-12-16,True
0f149e3224c9,2024-06-02,True
43f4d16a7422,2024-09-03,False
bde6347bee15,2024-09-13,True
4424e53312d6,2024-06-12,True
0fd412e49997,2024-01-01,True
06994cd590b3,2024-11-10,True
975f7eb66597,2024-10-26,True
3d484ef032a7,2024-01-11,True
b9b6958ab045,2024-11-17,True
b45966c0c42c,2024-07-06,True
b75cb5ac8fe5,2024-09-07,True
8217654049f9,2024-03-11,True
9fc7a653558d,2024-07-03,False
51c5094ab481,2024-01-19,False
602d7341c9cf,2024-01-05,True
4ec38d6e5746,2024-04-30,True
b226b03ace36,2024-09-07,True
d2c56f9a031b,2024-04-24,True
ea8cee554ff7,2024-08-27,True
c590b8e0c2b5,2024-08-27,True
8c29ba611698,2024-03-31,False
ead59e7daaa0,2024-12-02,True
13c957e4199b,2024-10-23,True
9d8ab0e1dc59,2024-01-23,True
9803232cac8c,2024-08-24,True
75c66770104c,2024-11-04,True
8264245bab8d,2024-01-30,False
8cb7febaa28a,2024-03-27,True
d8f5f5a1478e,2024-01-03,False
72450c42a110,2024-08-08,False
ef788e7a7e7d,2024-02-21,True
b86447b19205,2024-09-22,True
2d97c8790436,2024-08-06,False
7d107887a57e,2024-06-21,True
695caa2304be,2024-05-20,True
ca9333a25603,2024-11-24,True
8919145e4404,2024-03-15,True
613b5fa4f730,2024-10-20,True
a1b9e61658df,2024-10-23,False
f97df3b54506,2024-10-23,True
18c7ae2b6e3e,2024-06-14,True
4a0389b38dd8,2024-12-06,False
c261eaecdf51,2024-06-06,True
56fecb10794d,2024-11-08,True
ebbfc0b7437e,2024-09-22,False
d7a9b5d3e3f2,2024-12-14,True
3547edc33a0d,2024-10-03,True
3ca2c977c9dd,2024-08-14,True
dfd6be6533e9,2024-03-29,True
48af9c039e05,2024-12-21,True
57b87140408a,2024-01-18,True
80aa0bd582ea,2024-03-18,True
bd0e52b5462f,2024-12-18,True
95d138699e11,2024-12-21,True
fe4f60ad4c60,2024-05-07,True
50f6c6dc4871,2024-04-29,False
69d118dd642a,2024-06-04,True
14b21ce6f180,2024-05-16,False
ff3d7a10f3a4,2024-02-02,False
5306e789955e,2024-07-17,False
1495a97f6eb0,2024-01-05,True
7c2eb1fe2ad4,2024-02-16,True
7655f17e474c,2024-04-24,True
b7485903aa7f,2024-05-02,True
03e517e8e176,2024-05-03,True
500af2c2c06e,2024-12-10,True
3e45fb02972e,2024-11-25,True
fec65434e32e,2024-02-18,True
fe51da490caf,2024-02-25,True
20cd6e754763,2024-01-12,True
450a3e00e12c,2024-06-01,True
b72089eb4b56,2024-05-23,True
d2d8b5fb7e74,2024-02-09,False
b9964a9b4420,2024-10-04,False
e132bf3253d1,2024-09-21,True
e09485831aed,2024-05-27,True
0efd3fcb28ef,2024-09-11,True
6b956b8307df,2024-08-09,True
b1071aa239c9,2024-07-01,True
2ef8f838df7d,2024-08-31,True
12bf521e4ba5,2024-05-23,True
2eeaa01b770b,2024-03-27,True
0cd46c1e50a3,2024-10-29,False
45695d45b61a,2024-10-25,True
3f5dfb26b3ed,2024-12-08,True
de1b1ab22efd,2024-06-14,True
d3f5080e9c08,2024-11-28,True
cb07ab5f84b7,2024-03-15,True
38f6e8c46d87,2024-12-01,True
eef5b584a57c,2024-05-22,True
57feae5ad526,2024-03-28,True
8b143fafb2e7,2024-10-11,True
9676044db42e,2024-05-08,False
5ae257b24f40,2024-06-06,False
b7a616fa4bc5,2024-06-15,True
96a286b7818c,2024-11-12,True
3fea4cdc2d5a,2024-05-23,True
cfabd8e17ecb,2024-08-01,True
db5c6bbd5607,2024-05-09,True
a08e99ba28bf,2024-06-19,True
d56e2ba03d29,2024-08-30,True
dae2738ad4a2,2024-06-23,True
49ed5bb156e6,2024-11-06,True
744dc125a547,2024-04-20,True
ab9b11dc197b,2024-08-04,True
ba236972c6b3,2024-01-20,False
7139deb8802d,2024-12-22,True
30efa36ecf3a,2024-07-31,True
02ca1f71f861,2024-06-18,True
0327b10cc832,2024-04-14,True
a943256133ad,2024-12-21,False
95299d277efd,2024-01-26,True
122c37f0dbeb,2024-03-21,True
2ddd30cdd59c,2024-08-20,True
e788327702e4,2024-08-22,True
8bcb9921e8b7,2024-08-02,True
a737b15df2d7,2024-03-03,True
810db5c461a6,2024-02-01,True
6552d04d50ab,2024-05-20,True
0257deb4b28b,2024-02-24,True
9efd80ae396f,2024-09-01,True
835a3d23e386,2024-03-01,False
2f7cab90d740,2024-05-30,True
ae93808aa301,2024-03-31,True
942348ffbaf0,2024-12-06,True
daf49c2ac836,2024-01-08,True
756d466d9585,2024-06-14,True
9c01765a22ce,2024-08-16,True
6c51374e530e,2024-06-19,True
917822b54547,2024-10-12,False
f5d4db281778,2024-12-03,True
781a0d9e1af1,2024-01-12,True
8f53fc48cfcb,2024-06-29,True
88c5d5faf524,2024-01-31,True
93b9d02eb0be,2024-02-27,False
6cf6786fb780,2024-02-09,True
9918b11e50a7,2024-03-23,True
d5750d3fa24e,2024-12-23,False
f97c3e45f868,2024-02-08,True
1e3b3a2ba847,2024-01-04,True
b5ef152d56fe,2024-11-01,True
94289f283ecc,2024-06-21,True
76f0538ef389,2024-02-12,True
2b2f1efc6829,2024-05-16,True
8f53e7d97bdf,2024-01-11,True
eb9375e9ca2c,2024-04-03,True
f0312c8705ab,2024-06-29,True
e8b03b3472b9,2024-12-23,True
8f896d0f87b7,2024-01-12,False
c8977b6f79af,2024-06-23,True
a5e50f64b868,2024-04-11,False
3b5f0490256f,2024-11-05,True
57f8a3fcb6b3,2024-09-03,True
45953c352e4f,2024-11-15,True
3e67aa2caef0,2024-10-30,True
a7fdf9961c8c,2024-01-09,True
84c147467cbd,2024-01-04,True
a461c567d75a,2024-11-06,True
243f5a617f93,2024-08-10,True
a1efbc6e928e,2024-12-23,False
4ce0cf84041e,2024-01-22,False
e344ae2dbad1,2024-10-18,True
e7731ebb0ea3,2024-08-14,False
af6466e746d9,2024-03-15,True
da1aa658e954,2024-06-15,True
cc813241ecc0,2024-12-07,True
4525833a73ef,2024-02-06,True
df48c3e75807,2024-12-23,True
4dd5185cca29,2024-03-12,True
8cc37df484a2,2024-02-28,True
5da3513316fe,2024-12-18,True
8eea3c651104,2024-09-16,False
2e3b84e4995e,2024-02-02,False
21b3026833b5,2024-04-08,False
4265e193c70d,2024-02-29,True
2db0a4763bac,2024-02-07,True
33dc6a86ac77,2024-10-27,True
c342c98ed470,2024-06-18,True
3056714c57b2,2024-01-12,True
20e5d335ffe4,2024-09-16,True
cb932620bf14,2024-05-19,False
d806db6984a3,2024-07-13,True
cf57bb43bb31,2024-04-19,False
0af400d84b4f,2024-05-19,True
ef0724c8d2a6,2024-12-05,True
20260bf00ba2,2024-11-21,True
2d4ca2f9bac7,2024-08-23,True
3cb971eacea1,2024-07-13,True
039693234048,2024-05-29,False
18466e3a4351,2024-07-31,True
fe32fe093887,2024-06-20,True
e25be9585773,2024-10-08,True
5a6475ab46bc,2024-09-26,True
f8f9fec25bba,2024-08-05,True
57de5b346064,2024-08-13,True
7b299b740c33,2024-02-20,True
e2fa4d3be5a6,2024-10-21,True
4df4f8ffb9f6,2024-05-29,True
8f519b7bee2b,2024-08-24,True
eaf181622207,2024-04-09,True
a73f9acc463d,2024-06-18,True
f30ad5f62d94,2024-10-18,False
f52fde9cae18,2024-04-10,False
3d87ff709654,2024-02-23,True
d586bc157f73,2024-10-23,True
82f762637d03,2024-12-25,False
d80bcaf1fee6,2024-05-26,True
b187075bee8c,2024-03-04,True
16e51d98bf21,2024-07-02,True
378bd1832d35,2024-07-03,False
8fbed71c6983,2024-12-14,True
4e582abac887,2024-10-28,True
48cf2ce061bd,2024-11-12,True
9de55242bba3,2024-04-24,True
64039e2957fc,2024-05-09,True
070131ea9af1,2024-03-08,False
162d335d7cae,2024-11-29,True
09e57a4d2f19,2024-01-04,True
2cb82ab065ee,2024-07-23,True
20eea465b554,2024-04-27,False
9119cf785135,2024-02-28,True
e915ff814574,2024-01-03,True
27c1d8665277,2024-08-01,True
3e6d8fb4a262,2024-05-28,False
9b3d095ea4ff,2024-11-08,False
74244bd50c54,2024-10-01,True
02c97a42e7cf,2024-06-17,True
ab7440e533bc,2024-01-30,True
1ab1b4d74a97,2024-01-18,True
1ced52e08608,2024-08-30,True
836c7258b9f9,2024-11-29,True
93016367aa78,2024-02-16,True
24c7571eb935,2024-08-25,False
eda478c53a41,2024-07-22,False
93f0127abd3c,2024-03-10,False
7dd9314eca0d,2024-01-22,True
b03dff09a049,2024-12-25,False
ed41d56109e1,2024-03-29,True
4a3f9a931aa3,2024-02-16,True
701febb1a62f,2024-07-01,True
81bf3aaa5028,2024-07-17,True
5d5c78273157,2024-04-04,False
329882e1cd8e,2024-06-14,True
9726a39b16dd,2024-03-22,True
2816ac25f5e9,2024-04-06,True
6fac49779635,2024-10-31,True
9cc70dc8818c,2024-09-01,False
3445c0fe9751,2024-12-05,True
33058361aa1e,2024-03-23,True
1a19fb6f2419,2024-10-27,False
20a3095497df,2024-02-04,True
aeff26427e75,2024-12-11,True
a185b2fd485d,2024-09-27,True
e88ffc9f19a0,2024-07-27,False
71391f37cde6,2024-04-13,True
eac7c4ee2bfb,2024-07-27,False
e377aed6ab9d,2024-09-21,True
153efbe238dd,2024-04-29,False
05e560f26264,2024-04-22,True
d4148585ece0,2024-02-18,True
dad9cd1cd39c,2024-07-24,False
88ee1794ff9a,2024-12-16,True
95661aadb0a0,2024-07-12,False
000f784dd409,2024-03-08,True
73fac4357e50,2024-02-17,True
35960c82a342,2024-04-04,True
c5019ce84719,2024-03-22,True
5f8c8c58f8f6,2024-08-10,False
1cd888ef567f,2024-09-01,True
822dc93b5c4e,2024-02-23,False
db3c54629733,2024-04-02,True
66aa052b7757,2024-10-25,False
e862a35c77fa,2024-07-26,True
09439ba5285d,2024-08-25,False
e95062650fef,2024-07-29,True
6f50f7102ca8,2024-09-04,True
d8f81486113c,2024-05-24,True
a3e8292c7099,2024-08-07,True
fc1d2696fde4,2024-01-10,True
2114ae1ce9ba,2024-05-13,True
94b39d9b95a4,2024-05-07,True
d705ac38bdd1,2024-10-25,True
38633e252080,2024-06-25,True
5b2ef1efe870,2024-07-13,True
fa09b90f2b9f,2024-04-02,True
cc1b8cf66ae4,2024-06-18,True
1c0a40ba704d,2024-05-01,True
0e8df872b281,2024-07-31,True
d36e53d09a0c,2024-04-07,True
e2edd2afc1a8,2024-04-19,True
1d5678d34aec,2024-04-29,False
0d6b23bc6e86,2024-11-21,True
ae55f3dc203f,2024-02-15,True
dc5c80975fc3,2024-11-14,True
fbb31d088e00,2024-09-13,False
fc29eaae3257,2024-05-11,False
72ed2560d6a1,2024-04-10,True
b131b95ce869,2024-05-08,True
0507fd8325d7,2024-03-20,True
6d8d8cb12c4a,2024-10-28,True
fe0dbdc44b27,2024-07-23,False
5cc47e2e129e,2024-07-02,True
d642a3ca4f10,2024-09-01,False
543a8ad6f42e,2024-08-19,True
f3a3cbf6ee97,2024-05-21,True
f86b2622eea3,2024-04-16,True
708dcfc3437c,2024-09-04,True
a1e9e95c5a00,2024-11-23,False
8095b84e3d12,2024-10-28,True
f8cb31bf28ad,2024-05-27,True
c1e4800b3304,2024-07-19,False
b321953a63fd,2024-01-13,True
362cba186939,2024-08-24,False
29505ff8f57d,2024-08-11,True
12582b0fb365,2024-03-16,True
ba4b6a04565f,2024-09-01,False
6907d1b5b5e1,2024-02-22,False
b5586e50bb41,2024-06-16,True
833bc7a286c6,2024-10-31,True
806c19ceb0bf,2024-09-11,True
79307100fc9f,2024-10-08,False
8a34d3bcb3e3,2024-12-12,True
bc5cba0f5f8a,2024-02-24,True
68e4cd838575,2024-12-20,True
f8c0d47deef2,2024-11-23,True
1c2204ef4a78,2024-09-10,False
e2a372db30e8,2024-10-15,True
041e1bd9654d,2024-05-09,False
3f90941f9677,2024-04-02,True
5ad751f96f20,2024-06-12,False
e2489437c83a,2024-12-05,True
b458c3f9f074,2024-06-03,True
a1c2dea8e11e,2024-02-11,True
b00f2a7face7,2024-10-25,True
0a30a40c4ed3,2024-12-18,True
f79a014f5ec1,2024-03-08,True
40b5c3c7806c,2024-01-26,True
7e516fd70b7d,2024-09-02,False
6ae2abcc8f9e,2024-07-30,True
721717733261,2024-01-27,True
f5c98282377a,2024-08-01,True
fe41f68b094f,2024-02-07,True
10dbceb95ac2,2024-03-26,True
ec99923e7336,2024-06-17,True
adbde1f3da65,2024-07-31,True
44e7d46c0d3e,2024-08-29,False
d6fa6fa7cbfd,2024-06-03,True
966a02ee0644,2024-09-25,True
a001c81d4e0e,2024-09-23,True
fa1d8a6c5e07,2024-01-12,True
918ca289b64f,2024-04-22,True
1bebbf4770f7,2024-04-19,True
42afd726201c,2024-02-07,True
a7402ab34e4d,2024-04-18,True
f87238eaa7b0,2024-10-16,True
85bd0b97eff3,2024-02-17,True
c7d41a87838d,2024-06-11,True
93ed25e9db31,2024-08-23,True
9d789cc93603,2024-12-21,True
11ef7d68c18b,2024-09-13,False
84476bdece59,2024-09-10,False
5daffb3174be,2024-10-14,True
ff9a5d956e6c,2024-04-19,True
94f4eb4e6473,2024-07-18,True
7e8e88bcde10,2024-06-29,True
c53e49355c8d,2024-10-27,True
90150b72146d,2024-11-17,True
bba253c5a530,2024-10-23,True
c2fdef3a05ce,2024-05-07,True
ac10286e3192,2024-03-04,False
6b8261972719,2024-10-19,True
a78d47449338,2024-02-19,True
03820b9177fa,2024-05-28,False
297556124871,2024-04-28,True
925f63d78e58,2024-03-08,True
47fb99a8b9ab,2024-05-22,True
53adfd875efc,2024-12-08,False
352021f9b0ad,2024-01-02,True
dff4e2a4d813,2024-04-25,True
0e38958a446b,2024-01-18,True
5f8f015368ac,2024-08-15,False
e7079b7f1d07,2024-01-02,True
1a7da5af4f83,2024-01-19,False
8c5c3a0b6003,2024-02-15,True
7c11a777fb8a,2024-11-16,True
53711d38f139,2024-07-28,False
6e53928eb6c9,2024-05-04,True
41321ac00b98,2024-05-19,False
f31cfc4070bf,2024-11-30,False
ab9acf83ecca,2024-11-24,True
e9306dc58f10,2024-08-10,False
c516a238f9fb,2024-03-25,True
b2c8edc0c76a,2024-04-26,True
231485043a5a,2024-05-02,False
73b637759fc5,2024-10-07,False
4e51a8838013,2024-01-26,True
27fc0b40a64f,2024-07-03,True
1139fd141c29,2024-06-28,True
382b3b54e56a,2024-11-23,False
fab1b19b74d9,2024-01-09,True
055255322bef,2024-04-18,True
cba1634f3492,2024-10-22,False
90b5e4032a9f,2024-10-16,True
f087b91f9890,2024-02-24,True
78ca4a58397e,2024-12-24,False
a23aa2cce1bd,2024-06-17,True
e9f5b9e88c19,2024-11-19,True
adcd55c46de4,2024-11-01,True
49ab9897e41d,2024-04-11,True
9e20deba54d8,2024-06-06,True
2f8522fce832,2024-07-06,True
0b9e13d1dff1,2024-01-25,True
add02e65e301,2024-01-24,True
3477bf9d3922,2024-08-01,True
6d48c6ad6b23,2024-07-29,True
97b572344b92,2024-03-02,True
73be89803bc8,2024-08-13,True
107e90e7fc0f,2024-02-20,True
0108df9ba376,2024-04-16,False
e0c635400465,2024-06-07,True
27c7f37351ad,2024-10-16,False
8015b84cd8eb,2024-11-10,True
f83a06047070,2024-06-19,False
386fc4e957b0,2024-12-09,True
743b7759a733,2024-01-01,True
2afd6d85ec63,2024-07-19,False
bf6c3ce558a9,2024-11-05,True
a6054b230578,2024-03-20,True
d752ff4ba85a,2024-08-03,True
c9d5e6de778c,2024-10-16,True
88e0b813596d,2024-07-07,False
f9a6f403da93,2024-08-17,True
e8efd6774bd6,2024-02-10,False
d2ff1a8075c8,2024-11-25,True
52166eace03e,2024-01-27,True
a0ead963d55e,2024-02-17,True
1608613f82da,2024-03-23,True
0cf86dc639a7,2024-05-28,False
2678cc40a1d7,2024-06-09,True
711a2192ba7b,2024-08-26,False
31418b7c23e5,2024-03-20,True
eb6e7bb9ea5d,2024-08-22,False
105af91d8cad,2024-05-01,True
dd7940b34435,2024-01-07,True
14f34261eacc,2024-09-20,True
baaccdb0c6a8,2024-11-26,False
50cc79f97add,2024-06-29,True
854d00b04c1a,2024-03-25,False
0705a6d197d4,2024-06-15,True
117876b2a0bd,2024-04-07,True
e9814bb8753d,2024-09-11,True
35660eee2ccd,2024-05-04,True
895035273594,2024-03-18,True
b3954bd14ba8,2024-11-07,True
423d51f50114,2024-09-14,False
f4bf96d67ccd,2024-06-01,False
74355f57dff9,2024-02-09,True
3b359bef2956,2024-10-25,True
f2c3b1bdab28,2024-06-18,True
44e5bcb084fe,2024-12-11,True
5b721bc84fc4,2024-05-12,True
a28987aaf7b9,2024-05-07,True
105697dcc9ea,2024-11-13,True
60ed18064f10,2024-09-28,False
e669c38873a4,2024-09-17,True
884ea8db5239,2024-10-06,True
3d56422c8f3b,2024-07-23,True
7dc7c7755e88,2024-12-21,True
964cd21afd1a,2024-11-15,True
8c30ca06aa31,2024-10-10,True
d54e32cdc761,2024-01-09,False
f6acc8c01352,2024-05-23,True
c00d23f9934c,2024-12-05,True
955b4ad5345d,2024-06-16,True
15900999d20a,2024-08-26,True
8b59e70b07d8,2024-07-25,True
c583906113f6,2024-06-27,True
d45cd6d40e75,2024-10-23,True
342c78461ed7,2024-12-20,True
bee72475c708,2024-08-23,True
a9cc9f0a19b9,2024-09-15,False
8660f10c57a5,2024-05-02,True
13a0ed08593d,2024-04-17,True
ad03b5a08200,2024-06-28,False
995be4bfff7b,2024-03-29,True
56852bf7590d,2024-09-05,True
531865ef42c9,2024-05-31,True
bc4b51a83657,2024-09-29,True
8694565e13af,2024-04-16,True
f31dc4bbe625,2024-03-14,False
4e3b007fffa7,2024-07-01,True
7cf8a627449c,2024-10-20,True
14c9ec9689e4,2024-12-22,True
7bbe3bbe0460,2024-06-12,True
b758aefc4d7f,2024-06-10,True
e9d2620780fe,2024-05-12,True
30cab5953981,2024-06-19,False
561ae5a05b19,2024-11-07,True
09523a0cf1cf,2024-09-16,False
398c38c30442,2024-10-25,False
bcda30418212,2024-12-03,True
cf0eae9fd5f2,2024-08-15,True
832194b53dfb,2024-08-31,True
cabd9a8fc016,2024-08-17,True
25fb8bc46505,2024-12-10,True
6cbb9f6af88f,2024-06-22,False
dd8b7846a45e,2024-05-10,True
613b0d6f9e9a,2024-10-20,True
c8437a8cd209,2024-12-17,False
721fb8d0ceff,2024-05-06,True
25fddfc30e67,2024-11-10,False
585ed8942c03,2024-06-22,True
3731e6b1d8ad,2024-08-03,True
7d5c973fa29f,2024-02-02,True
70e5ba69eb54,2024-10-11,True
2126fb568e71,2024-03-20,True
a0a3297cff9d,2024-09-30,True
e524d5cd6f2e,2024-02-19,True
b003f943636b,2024-11-14,True
049f297c9e53,2024-10-08,True
c2821b3796b5,2024-09-04,True
c8dcfd6071e4,2024-12-18,True
049b2ccd6e08,2024-10-22,False
cd70db62c746,2024-10-30,False
2ec29d577672,2024-07-26,True
c3b68d74b706,2024-09-08,True
a688374cfaeb,2024-08-24,True
e6bb2a0fec4a,2024-08-12,False
4a27ed831e8f,2024-04-21,True
c6665313eef5,2024-08-17,True
f221e282ff9e,2024-07-06,False
03027a8b4d98,2024-03-31,True
7a5b7eb57d3e,2024-03-10,True
f0d64a686895,2024-10-13,False
1401d9b72d8b,2024-07-31,True
2ca469beff49,2024-07-23,True
ac946a4fb4b8,2024-10-19,True
87f5faa9991e,2024-01-06,False
0faa809ff2a5,2024-12-01,True
346a58b56c1f,2024-11-10,True
b5fab692f81d,2024-03-02,True
20e467d49a4e,2024-05-22,True
cfe89064dc21,2024-01-19,False
16684a44acb9,2024-09-23,True
f6041694b796,2024-04-05,True
2a8d908120b2,2024-12-15,True
867e2ea250aa,2024-07-05,True
986249bc8954,2024-10-01,True
d29281a6e75c,2024-03-26,False
784c0f76ec97,2024-05-03,False
c69e650b7565,2024-10-19,True
19a03f236642,2024-01-14,False
e75afe520fb6,2024-02-23,True
5c971b2a2e7d,2024-05-02,True
0f64a1e20c79,2024-01-31,True
2ef6e2f093a7,2024-02-05,True
25876d5835de,2024-06-21,True
aed500023f19,2024-03-23,False
c6a6cbe0c349,2024-12-16,False
80c7a5a1e79c,2024-10-28,True
fb85bad2ca11,2024-04-03,True
f08e85fd6f2f,2024-12-15,True
218ac620c15e,2024-11-11,True
11092abfd560,2024-08-02,True
d98bf6bca578,2024-03-16,True
b8c5245cdc8b,2024-01-22,True
bc9743051a6e,2024-08-26,True
cb9d9b4072d2,2024-10-05,True
e7c51688bbd2,2024-10-12,True
e9250b9dbb91,2024-04-01,True
39f31c8c7221,2024-10-01,True
280c15cf6b10,2024-06-19,True
dfe78301b19f,2024-11-09,True
d330f18abd5a,2024-10-10,True
98e0e1c3a02f,2024-02-26,True
5273df248339,2024-10-14,True
ff23d3ad4aa4,2024-03-14,True
e517712be6a6,2024-04-09,True
4b2c70f6f4d8,2024-12-17,True
74e958a84930,2024-08-31,True
a5b377ce64e4,2024-06-14,True
e65ed5118cf4,2024-03-19,True
0435a410c896,2024-01-31,True
a13879dddad1,2024-02-06,True
af6aefdee77e,2024-08-08,True
26a5d4230b68,2024-01-30,True
5941f48c7a44,2024-05-03,True
4459c2da229b,2024-03-19,True
5f989fac49ac,2024-02-27,True
80d490ab13b3,2024-06-27,True
b6261c6f3be2,2024-01-08,False
bd15736ee534,2024-02-06,True
1fedf0c22aa3,2024-10-12,False
f5eba036ed88,2024-02-24,False
417ab2ec1fb1,2024-08-28,False
f0828363b3e6,2024-06-12,True
8498cbfedbd1,2024-04-21,True
032b243d176a,2024-09-05,True
2c5c05722886,2024-11-19,True
d15a49a0d222,2024-02-09,True
0fced4eda475,2024-08-02,True
148857f182eb,2024-09-04,True
ab0c7ea9ab64,2024-06-30,False
5e9915bee3be,2024-07-05,True
42c18c0dff78,2024-04-04,True
01bf39e85926,2024-02-06,True
d0f517bde4c6,2024-03-30,False
4c8aa98d3d59,2024-11-21,True
0fcbe68a2435,2024-12-20,True
a4bd51ae432a,2024-04-28,True
7defa04ccd56,2024-01-04,False
59a5ae22e7f3,2024-04-27,False
65f686da986b,2024-04-26,True
505a21a10a32,2024-06-14,True
30ec3ef7ee8b,2024-12-05,True
b60dc836d147,2024-03-07,True
bff2962dd4ef,2024-12-02,True
3aa0894e1960,2024-05-30,False
ab76da88f173,2024-03-31,True
e8fbf88e6874,2024-10-05,True
0297c690ca9e,2024-09-06,True
bc4b58ce9249,2024-12-17,True
171c525fc6f6,2024-09-16,False
e7edcc38d385,2024-11-10,True
d5c8610d972c,2024-09-23,True
299bbf3ec70e,2024-03-28,True
48b09adfbf07,2024-10-09,True
ee7162ab4366,2024-04-14,False
36527259087f,2024-09-05,True
5ac3caecbe6a,2024-03-29,True
d90d051083cb,2024-09-26,False
5c0f9dcef99f,2024-11-06,True
307767505839,2024-12-25,True
933724a8d9dd,2024-07-13,True
78ec0744dc64,2024-12-19,True
e05da1b90dd4,2024-06-30,True
8099257436ba,2024-03-09,True
53b86b047a25,2024-10-10,False
133cbaafeabc,2024-02-13,False
2bde28c97f79,2024-01-06,False
8eae4cb20228,2024-02-16,True
a1b293358976,2024-11-05,True
54e3ba2f2dc3,2024-07-04,True
3384e978b5bf,2024-03-27,True
df4ed80f4efa,2024-01-16,True
69b1f3db42b9,2024-04-08,False
b4eb2820ceaf,2024-01-01,True
2842f3db8665,2024-08-27,True
42b1d9625dcd,2024-11-04,True
4bb57e1bb64a,2024-11-25,True
b755935d7cb7,2024-03-28,True
96426ec78847,2024-10-23,True
920e1b75d9c3,2024-12-16,True
5bbc359cb632,2024-06-15,True
0da162a76b15,2024-02-05,False
84d91f95ecae,2024-04-08,True
6dc1fbb6b3fb,2024-01-27,True
7d778820a156,2024-11-06,True
62e6662e55c3,2024-02-03,True
a74989707767,2024-01-31,True
d583781e1d73,2024-03-07,True
b9374da0feeb,2024-07-26,True
070750f149a2,2024-01-03,False
54f8fda39d38,2024-01-30,True
cc69e67daa83,2024-09-13,True
fc9b4cc7582e,2024-05-09,True
7564a4d8c0c2,2024-05-27,True
3da35458422e,2024-04-16,True
723c8d57b291,2024-11-29,True
7eb65ae97789,2024-12-11,True
a6bb78a115d5,2024-05-02,False
e386a5134706,2024-10-20,True
a0a044aac22e,2024-05-10,True
f5d2420742e0,2024-03-12,False
91219d3e19a8,2024-07-10,True
549a18f6158c,2024-11-20,True
7bd861399d66,2024-11-29,False
29db49ba74a5,2024-08-29,True
adc17473893e,2024-02-01,True
dbe09c3cbcaa,2024-11-22,True
85bbee479581,2024-11-22,False
aee74add1765,2024-06-08,True
16b0cb236176,2024-10-10,True
2f0db0124468,2024-12-18,True
2ef76877cae1,2024-08-02,False
8fb94271ecbf,2024-08-05,False
b8535fbaa4ea,2024-05-24,False
30b7f96cc2f8,2024-05-15,True
707a374539e7,2024-04-23,False
31776ce391d2,2024-01-25,True
ce78a575da90,2024-02-07,True
30884daa48b8,2024-05-31,True
6dd3a25c5ac6,2024-10-07,True
87eaae87e1f4,2024-06-24,True
6132b8d0f868,2024-05-27,True
ba517ee067ac,2024-06-27,False
2d8f6b9996de,2024-06-16,True
dab514b297fa,2024-10-20,True
a245fd3bc839,2024-02-28,True
88de8cd24991,2024-09-10,True
38d08ec41ea7,2024-07-27,False
af567284a24a,2024-06-03,True
60f4784ef0a4,2024-08-04,True
64e8658a8622,2024-10-31,True
1b987c1f9996,2024-06-04,True
c4c090455be6,2024-11-02,True
4ff8c46f9a28,2024-04-14,True
f6efceb2c9d6,2024-01-08,True
7a823b04ae7e,2024-04-26,True
9e8a1adcb0fc,2024-12-11,False
a7302346f1d3,2024-03-15,True
04f1be0c19ed,2024-02-10,True
5b5452b49bd8,2024-10-30,True
816441d90af2,2024-05-02,True
c837952aec2c,2024-03-06,True
714c221bedd1,2024-04-30,True
731238a6f4ac,2024-06-22,False
73311e2064ac,2024-09-24,True
b67ca8f3f001,2024-11-06,True
a5ae62bf8a7e,2024-05-12,True
36391c585a3b,2024-03-04,True
316e51596fd3,2024-12-01,True
ed896fc89516,2024-02-07,False
03891ff624b5,2024-07-04,False
09272fb3318d,2024-02-26,True
eebbf3c96df4,2024-09-23,True
cb1970f72e06,2024-09-21,True
02bb28ebfef4,2024-10-07,True
2e678dcf7eab,2024-04-19,False
cd408eb0740d,2024-10-09,True
7da3dc76f150,2024-07-25,False
38eb7e63d22e,2024-07-28,True
3d6109191a91,2024-06-30,False
3b03bc2db5fc,2024-02-13,True
c4a2236159fb,2024-03-04,True
ebc3ff3628c7,2024-06-30,True
93b7f09396d8,2024-09-28,True
a96bd104692a,2024-05-09,True
a9d163295742,2024-07-08,True
9dea401dbbd0,2024-06-14,True
9419aef9efb4,2024-12-11,True
9a366558777b,2024-04-15,True
ed67739a27e7,2024-01-13,True
5c86f5be4fe3,2024-08-19,True
0b32d0443494,2024-03-22,False
ae159f8ee338,2024-08-02,True
35d5fc0718fa,2024-12-15,False
c844aeda1f22,2024-01-02,False
e398c940a8d0,2024-01-01,True
64b566d93efe,2024-08-26,True
240cde09d384,2024-01-29,True
052647fd5d94,2024-04-17,True
7a3dd021d047,2024-01-30,True
32623a88f58c,2024-03-04,True
691d363e507b,2024-07-01,True
8ab586d13b8b,2024-12-22,True
66262123a001,2024-09-28,False
9bd8e0c3ba85,2024-01-28,True
da400af0125e,2024-06-04,True
6b6b8682d57f,2024-10-06,True
f259860afde5,2024-08-17,True
60c478f56ff6,2024-04-12,True
f46c92c458b5,2024-05-15,False
215364dc0b8d,2024-03-15,True
673148a59037,2024-07-28,False
ca8a1d485d76,2024-12-10,True
d98e8dace812,2024-09-15,True
5c860950ad32,2024-07-26,True
55b496f81e86,2024-06-13,False
4782cbb4f1fa,2024-02-27,True
f48b2f7bc31f,2024-10-08,True
a304bf74951f,2024-09-11,True
e7e833ae963e,2024-06-23,False
bc38bc3106c1,2024-05-23,True
3ee671d562d6,2024-02-25,False
9da22960304e,2024-02-05,True
748258153bd8,2024-12-10,False
92e436039411,2024-02-03,True
2e069c05c0d0,2024-12-19,False
9a6a396c788e,2024-06-12,True
17419b84d8b3,2024-08-06,True
87baaeefced1,2024-02-08,True
cb55377def52,2024-07-14,True
ef0e8373f482,2024-07-16,True
88509ad04b3f,2024-08-15,True
cefd079ca115,2024-09-22,True
fab4278295be,2024-06-11,False
a90e5c08d167,2024-04-24,False
41b5eafd8c4f,2024-08-10,True
fa2e72abf62d,2024-07-10,True
9c196b8ae4b5,2024-11-24,True
6f8ac4419b55,2024-11-09,True
87e745b4f824,2024-02-01,False
488ddeab748a,2024-12-25,True
f8b19f7cb9c1,2024-08-28,True
59a5b7139d4d,2024-10-26,True
c69b5ec9ceee,2024-09-11,False
af330db4148a,2024-07-22,True
b37017e2fd0e,2024-01-27,True
788b5cc0f940,2024-03-13,True
c0b0b381f8c1,2024-10-26,True
cdf73f1a4931,2024-04-08,True
c04db18e236d,2024-07-04,True
9a4cb59fb348,2024-06-19,True
08598d20610c,2024-09-13,True
9a4722b6c303,2024-08-02,False
4a26e0bc656b,2024-01-18,False
0822443564c8,2024-02-16,True
c4263d8c5152,2024-08-24,True
1d39fb2bdbf6,2024-03-07,True
f07b32674b37,2024-10-11,True
ba7bde7a0b5e,2024-10-13,True
77de2f64d9e4,2024-01-24,True
71b7462c0950,2024-02-17,True
b4269a4533e8,2024-06-11,False
13e80983b949,2024-10-17,False
32356a52ae6a,2024-05-09,True
ceb1865c90fc,2024-10-30,True
a50fc8406c95,2024-08-19,False
78bf9426c279,2024-07-12,False
24dae43e224c,2024-01-18,True
7b4f767ac53f,2024-02-10,False
31323bd75a43,2024-07-20,True
a99f41f9fe21,2024-02-03,True
b6df98490313,2024-12-24,False
eb22f7b6f946,2024-08-05,True
4321de92e6ea,2024-05-21,True
ad96e37abe7a,2024-05-15,True
93ee7645cb84,2024-01-16,True
807053e49e77,2024-12-07,True
bb89359bad6c,2024-07-06,True
36a6c965214c,2024-02-24,True
3383e9418371,2024-11-05,True
299cb2e6b6ee,2024-11-11,False
24d83a154da3,2024-08-19,True
a992988adc44,2024-07-18,True
f18588bfc02d,2024-01-01,True
28890540a11c,2024-01-28,True
d3df77fa9dde,2024-01-10,True
3637ef10e0ec,2024-07-21,False
35466f9faac9,2024-09-22,True
3cca8cee7fd2,2024-10-31,True
0aefd9970f1f,2024-06-15,True
fafdd6bb7ec5,2024-10-15,True
1c0e96b2c5c7,2024-03-23,True
6a59a9f4c6e4,2024-11-15,False
9162e42fdb68,2024-02-19,False
13e66844ef51,2024-02-09,True
e4339433fb6d,2024-04-30,True
9d23d3520d75,2024-09-12,False
d80184f3bc34,2024-02-22,True
10acf9a054e0,2024-10-23,True
4711de3a70bf,2024-01-08,True
3e316a91619f,2024-07-27,True
b1fe2fd4525a,2024-09-21,True
db05e3d9b7ad,2024-02-01,True
a66f62703b35,2024-01-17,True
fa379f4b0923,2024-07-02,True
cc80cbcf3783,2024-02-15,True
0c384623bbe8,2024-07-30,True
eb3887d696b6,2024-02-07,True
6f37a8a69366,2024-12-14,True
d315c765a907,2024-10-02,False
0efcfab56a40,2024-01-17,True
47c76d9cd51c,2024-08-01,True
ec238d23fd53,2024-01-30,True
fa69b9dd299e,2024-04-01,True
8af7c225e1e7,2024-11-05,True
e85e0f81f09b,2024-09-23,True
5306271101df,2024-07-26,False
5d23dfea6c92,2024-01-05,True
e999ab876b6a,2024-01-21,True
4877270a200f,2024-10-03,False
327760ffc35a,2024-11-07,True
5b41c2806fe0,2024-08-29,True
f9bfd94231f1,2024-07-09,False
d37c33336237,2024-05-02,False
e00a05ae6174,2024-03-23,False
86f05c0bf712,2024-06-22,False
5a6f281efd48,2024-11-08,False
d98397d7a2c1,2024-10-19,True
ab4d4f2b27aa,2024-12-10,False
fb346cf3c4d8,2024-10-20,True
7c37a5648d25,2024-08-20,True
c1ed883205b8,2024-04-09,True
638135797c60,2024-05-19,True
2dacf49548c2,2024-12-05,True
5d7b64f4f104,2024-08-08,True
973879bc346f,2024-06-16,True
dcbdcbd1021e,2024-02-06,True
47f56bef74f4,2024-11-15,True
f7b2aef9977d,2024-03-11,True
0b06a3b2e7e5,2024-09-15,True
c61ee84741b9,2024-11-07,False
aeee56b4d39b,2024-09-01,True
b2d3734cabae,2024-09-24,True
35e17222ff96,2024-03-06,True
e46fd28b938b,2024-11-21,False
e163674e3dd7,2024-06-06,False
638ea3f43b01,2024-02-25,False
08e81365d597,2024-10-02,False
e2e30e47a78b,2024-03-23,True
d0df16e8147b,2024-06-02,True
7b6de64ef4fc,2024-06-03,True
45586a99349e,2024-01-14,True
9fc51fb2a37c,2024-10-09,True
49538f243905,2024-01-14,True
5cc4ff62e4f1,2024-11-09,True
ce23e0aa71a3,2024-12-24,False
80e7204d05ea,2024-09-22,True
f9a5459e1ca0,2024-11-22,False
026b9d166278,2024-01-06,True
93293dffa3fb,2024-09-11,True
5efe095a6408,2024-10-14,False
80caa0d64e20,2024-08-06,True
566466a1ee91,2024-03-16,True
e7052df9698f,2024-01-13,True
3b6dcb589c44,2024-09-23,True
747599eb69d7,2024-12-23,True
a3542707eed0,2024-07-26,False
a1bf58686c10,2024-04-11,False
7d316454a97d,2024-03-03,False
59e530e0677d,2024-07-11,True
c8380c6083a2,2024-04-24,True
573e3c87be0f,2024-04-18,True
c4f715edcb5f,2024-04-20,True
30c70fa24ead,2024-08-28,True
157599b65777,2024-09-08,False
c484242e5142,2024-04-13,True
d35fd4aa2ef6,2024-12-17,True
e766c190ce14,2024-12-04,True
0bdced317e33,2024-02-07,True
c48a7fd48849,2024-11-03,True
f273af657a95,2024-09-24,True
416fe9fb1dae,2024-09-02,True
997cd6efe6e5,2024-08-04,True
ae4b4d33185b,2024-06-18,True
f4fb62e52f3a,2024-08-18,True
e9aacf8f497b,2024-03-17,True
739d8b293105,2024-09-06,True
e36b77b67d8f,2024-03-10,True
8b1075b82608,2024-10-12,False
d15ec2e7aad1,2024-10-20,True
3d81ea55c768,2024-10-19,True
0e46a2157be3,2024-04-25,True
73722437557f,2024-01-24,True
dc4c55dcc50d,2024-12-05,True
6652c5c4f35b,2024-09-24,True
0a3a9c090fb0,2024-07-24,False
4f76d6e90fe6,2024-10-22,True
aa861ae10803,2024-10-10,True
4cf38b1f54ff,2024-11-10,True
07ae6430a416,2024-12-19,True
5f293ea685f9,2024-12-20,True
419a891645c8,2024-02-14,False
eabdf6ed9d7b,2024-10-28,True
733e1994515f,2024-04-18,True
75f0b0a1880c,2024-12-15,False
b788569c3767,2024-07-17,False
546f81230055,2024-10-30,True
98d938cb73b5,2024-12-15,True
4813e3bde199,2024-09-11,True
5218ce2b87a4,2024-02-29,True
b833f22494b3,2024-11-27,True
7b8e62118f0d,2024-05-22,True
de81e40ad87a,2024-02-02,False
533a068db46b,2024-10-13,True
7ca3b1cee2b7,2024-05-19,True
efe01a43891e,2024-02-12,True
082939be4c60,2024-06-25,True
767340f8f98d,2024-06-13,True
dc280d3da4bd,2024-09-19,True
643a91305a3c,2024-06-25,False
a725101ba855,2024-08-14,False
15de1de3e5d5,2024-10-14,False
0fdf5ad2328f,2024-07-23,False
0e953c74c02e,2024-03-27,False
34f9d704ada8,2024-04-23,False
03a179cd7c2f,2024-04-21,True
2a3bbb57292e,2024-02-29,True
1936d00c0f81,2024-02-05,True
87b7eabc10cc,2024-05-02,True
6bce0c1f4d72,2024-11-16,True
498dbd21f13e,2024-06-28,True
4e48d36a3eea,2024-01-10,True
dd61dc23c759,2024-02-14,True
c38c3381c0cf,2024-02-10,False
c6d8579c8221,2024-03-29,True
b60b861ea427,2024-06-22,True
c20dc587f267,2024-04-13,True
a626542a5c66,2024-11-25,True
d2ffdc9ba789,2024-07-18,True
8f340429a670,2024-05-04,True
0d5f7304902a,2024-01-10,True
a0c030095492,2024-12-11,True
7c043dc8b19a,2024-06-05,True
a4c79267f27f,2024-07-31,True
d6713e5344bd,2024-04-11,True
37109ea9fff0,2024-05-02,True
9c14bc89d534,2024-03-01,True
8eeeea0476e3,2024-08-02,True
9f08514cf4d4,2024-10-17,True
592c45b15490,2024-07-23,False
a7967b9ec7c1,2024-02-23,True
7a6adad50cd8,2024-11-10,True
2c248fcc9495,2024-04-21,True
f3fcf52e6966,2024-02-11,True
6edc372a7d7c,2024-12-12,False
00c91333fed2,2024-11-18,True
a0afb93a7bd1,2024-07-19,True
7bee1760af8d,2024-03-11,True
6e122cf88c7a,2024-12-15,True
e71f6ba779b3,2024-06-17,True
39af44183ccb,2024-05-27,True
c339c05b8931,2024-02-21,True
d40701bc6a27,2024-10-27,True
13a42b54b056,2024-07-18,True
8c2eda697ba2,2024-01-21,True
9855faacbd54,2024-11-20,True
31674dca2350,2024-09-09,False
3f2183d5ec32,2024-05-21,True
61c5d6eab182,2024-04-21,True
a7ce7fd937f1,2024-04-01,False
6a2d42e5f608,2024-08-10,True
f2cce91e6219,2024-10-02,True
8e7af3f3fa3f,2024-11-25,True
2313471d2aef,2024-06-03,True
58939a4c3276,2024-10-11,True
649ce89c6b24,2024-12-02,True
4898c30d4199,2024-12-03,False
c169c0f377ba,2024-08-19,True
c15e218f2b54,2024-04-21,True
9b14696c7527,2024-06-04,False
3698d5568e17,2024-04-30,False
d7bc0c613c73,2024-11-22,False
aceebe36a4d0,2024-03-29,True
587bcdcf4078,2024-10-07,True
f5c437109e26,2024-04-02,True
b957c3797a65,2024-03-24,True
2aff8cabe979,2024-07-29,True
8f5f409139f8,2024-04-20,True
d6dcb9b4059b,2024-01-07,False
4d47e7aa7f4d,2024-05-26,True
fc6aa3fcf09b,2024-06-28,True
ae04491375a4,2024-01-07,True
c7ccfc4b935f,2024-07-11,True
999c70890ac7,2024-05-19,True
8e419783a96e,2024-12-12,True
13cd953ea5ef,2024-08-26,True
3c56ffb673a1,2024-10-23,True
a6d441abbac6,2024-11-22,True
a7099db008cb,2024-05-06,False
390b21b1e760,2024-02-04,True
5a9067006c9c,2024-04-28,False
d00f07f13db4,2024-05-04,True
83b12285024a,2024-08-21,True
bc40cb55463c,2024-05-24,False
571afe51dfd9,2024-08-03,True
4d5501380c1a,2024-06-03,True
0b5a3ebeb3ca,2024-11-19,True
ad159e5c21c5,2024-05-20,True
6a1128f61905,2024-05-17,False
2a39304513e9,2024-12-24,True
6536e46fb203,2024-07-26,False
62316149a8c0,2024-05-10,True
71c8c9128a9f,2024-06-30,True
9b2555a02842,2024-07-20,True
7f464c3bc8ac,2024-01-09,True
a49ad2ce60c7,2024-03-19,True
f7e1103d286b,2024-01-20,True
767b22809484,2024-07-05,True
2eeb75bea806,2024-10-21,True
60a95b296986,2024-03-14,True
bbc3ab59afc8,2024-06-13,False
d54b23f4154c,2024-03-31,True
10810e7cf553,2024-02-14,False
36e425aecd10,2024-01-10,True
5233f1a70c99,2024-06-01,False
4dc90782a7fe,2024-07-10,True
968e44228c23,2024-06-25,True
b42f7aab0d65,2024-05-10,False
65ade674cb9d,2024-10-18,True
03600c867d2d,2024-03-31,False
47ca8ee03bfa,2024-01-23,False
74d5deb4687f,2024-04-24,True
bb1e54fefe8f,2024-04-30,True
37c19feb9722,2024-12-01,True
c4af0adcf96f,2024-06-15,True
20bddf0e9b63,2024-11-09,True
e41771763c64,2024-09-30,False
f8b71c680b86,2024-12-01,False
8f66043e77a8,2024-02-23,True
bec368900d33,2024-12-07,True
850cea9cf0c1,2024-06-12,True
1682e2a7676b,2024-10-26,True
7a7eca68358e,2024-02-24,False
aa3ad29b0621,2024-07-23,True
f2fd903c3abc,2024-01-10,True
b929c0b65fe7,2024-08-27,True
5d2add5437ba,2024-12-07,True
3549d9d6f2b1,2024-12-22,True
5c79ed040099,2024-03-23,True
c4048672f06a,2024-03-24,True
216b7cd81f46,2024-04-07,True
523ebdc28825,2024-09-04,True
c369994be9d7,2024-04-10,False
ced5ae328b8f,2024-11-14,True
a913ab6d30a6,2024-12-11,True
474b4b7ef2e9,2024-10-01,True
7ffe01a91342,2024-06-09,False
fced2883c453,2024-02-02,True
7b3523066176,2024-08-23,False
54577616c19f,2024-10-12,True
0ce76a4ff3c3,2024-03-30,False
c83f91e09dff,2024-08-26,False
2029b78a758c,2024-08-12,False
8c7e463313e9,2024-09-23,False
a6f9940b1380,2024-03-06,False
d8dac1d2f7a4,2024-09-16,False
b0581f080610,2024-08-10,False
2cb23ee29c0a,2024-09-07,True
273c3f30c8b4,2024-09-17,False
76cea92a7601,2024-02-25,True
d29088e4590b,2024-09-01,True
86ac412e9bfa,2024-02-06,True
2c1592b2b63e,2024-07-29,True
db3a4d4c1cba,2024-08-11,False
a20406f4e8db,2024-04-23,True
dd081b360298,2024-02-10,False
b209e1cfba50,2024-03-24,True
9a78895acf72,2024-08-07,True
2e15e794fd84,2024-11-05,True
0ba486e75c00,2024-10-27,True
bd50d35e5ae1,2024-02-09,True
ac79875d2940,2024-09-02,True
6b4b616b5fca,2024-11-02,True
f4d33142d6f5,2024-04-26,True
b78300d38a0e,2024-01-04,False
fc79753cac80,2024-07-17,True
de517f039ef1,2024-10-26,True
040f0fbd2f9c,2024-03-13,False
8c7c23b60b62,2024-05-23,True
cd942d288c8f,2024-02-08,True
2adb1c26b3b9,2024-05-03,True
e208d24866cf,2024-03-14,True
5e6ad365d022,2024-02-12,True
010064709c05,2024-05-12,False
b082c020951f,2024-09-03,True
503ae425c046,2024-11-07,True
1d7c3b9da344,2024-02-23,False
f469c4320220,2024-11-29,True
db51a46eefcb,2024-07-17,False
7c72a306787e,2024-05-24,True
c3f36bfdeaaf,2024-12-19,True
a6501fd8e0f0,2024-05-25,True
a9e3dbd11446,2024-08-20,True
74a2f58c1845,2024-04-20,True
b1ea032d7493,2024-01-12,True
94e3df4ddc81,2024-02-15,True
9e58ea2d4767,2024-02-18,True
53e4827029e0,2024-03-22,True
906fa426e753,2024-11-18,True
120a799ad235,2024-04-28,False
5bab742908d7,2024-09-06,True
dbf1dd95ce8e,2024-11-01,True
45051fe81d2b,2024-12-21,True
e47db1a2a259,2024-08-02,True
d5c755a2ab90,2024-08-15,True
5e6aeed5f34c,2024-02-13,True
dfb76c11e26a,2024-07-13,True
ba0c7ef65078,2024-06-01,True
246b12af71cc,2024-02-11,True
f397f27cff7c,2024-06-02,True
521669221f6f,2024-10-11,True
17fdce72e1d4,2024-07-09,True
65ab210dff4c,2024-03-20,True
b890a0e8215d,2024-03-03,True
714f64839b40,2024-07-13,True
1917f8d2b8cc,2024-10-16,True
6ec457efc15a,2024-08-07,True
2802db650c2a,2024-07-18,False
b5f9dae4aa0e,2024-07-08,False
6c4216867230,2024-12-10,False
2369eb53fac9,2024-08-07,True
26e733ecb18e,2024-01-17,True
8f54a48e4693,2024-11-15,False
4aaf2f8ab740,2024-11-12,True
44b64e02623b,2024-07-21,False
9929965bb5ca,2024-08-16,False
c97a37183217,2024-01-21,True
b2aa455b4f39,2024-11-23,True
ab7020daa406,2024-08-06,True
16cda4f20e58,2024-08-09,True
6c4fd38d1e6f,2024-07-10,True
39c255e22d13,2024-12-25,True
d58047d6a355,2024-05-09,True
360fedc9bb18,2024-02-02,True
3435c3e9ef99,2024-03-14,True
176218321429,2024-07-20,True
a1132e4681c1,2024-04-06,True
5c6d62bcaaca,2024-10-02,True
aad06c3e9fc8,2024-02-24,True
39901d1a8a29,2024-02-19,False
7eaaa1ac1360,2024-01-05,False
1a5d4cba37d2,2024-02-09,True
8010191ce222,2024-09-21,True
37fa2e3c113b,2024-12-19,True
6ec5ae9a02c1,2024-04-18,True
24e7566e73b4,2024-07-08,False
d04510488b35,2024-04-25,True
97ae1992c47f,2024-05-28,False
370cfd23a0ac,2024-05-30,True
6cc0a30e0463,2024-01-20,True
7386688e7b0b,2024-01-29,True
15eed8e01044,2024-09-13,True
14e8fe78f1e9,2024-06-23,False
b34bdd78eafa,2024-04-12,True
9cabf3ba98b4,2024-11-20,False
651e0c0c4afa,2024-06-20,True
54709a45988e,2024-12-11,True
2b2841e20654,2024-04-14,True
1ffad36b9adb,2024-10-20,True
b1c76dcad081,2024-06-19,True
05e1ed31d755,2024-06-17,True
2981cb8943e9,2024-10-20,True
80ed58c3796b,2024-12-03,True
ca4658501e92,2024-02-21,True
bdd575870966,2024-02-16,True
a0eb89991549,2024-06-06,False
1229e7fdda27,2024-05-17,True
b59597b9ab86,2024-05-27,True
50c7154f9af7,2024-08-27,True
6131a39be8d7,2024-08-13,True
7245a07e8867,2024-05-15,True
ff0ac554650d,2024-11-05,True
6c6acc6e989b,2024-12-23,True
354a9bc0a16d,2024-07-12,True
e10cabd69555,2024-10-14,True
4d2c32a44ba9,2024-01-16,True
23e79b89cb1e,2024-12-23,False
8746deb3f41b,2024-01-12,True
48e5e363487e,2024-12-08,True
c5fbab658112,2024-05-22,True
34a4cb9c70fe,2024-07-22,True
dc24f92d303d,2024-01-21,True
cbc3fd9b4f11,2024-02-17,True
813e5967ef79,2024-12-10,True
7bbeb1da82cd,2024-09-18,True
b4e0d5655f16,2024-08-21,True
c66617b09c83,2024-07-04,True
344f96664fed,2024-10-13,True
98ee37074189,2024-02-07,True
0dc7565d0eee,2024-11-03,True
bb2b9b9aafaf,2024-10-10,True
8cbc93509b73,2024-07-09,True
ad748cf671bc,2024-01-04,False
d6a2f688a885,2024-09-14,True
78f93a5d74ca,2024-05-03,False
7ea40325664e,2024-06-21,True
b876fc15590f,2024-12-25,True
766fec27273d,2024-02-24,True
87c822fd628b,2024-02-17,True
32e5ebfcddce,2024-09-02,False
2c7cf1263f2e,2024-09-01,True
bec9ab00112f,2024-05-29,True
2d8b706c30b6,2024-08-26,True
023413ed3504,2024-01-15,True
b8c81f387c37,2024-11-05,True
f6e13c090600,2024-02-24,True
dff492c5b460,2024-08-06,False
40a43463d777,2024-09-25,True
2ca0144f745b,2024-10-06,False
9c191cdce2b6,2024-04-09,True
4114f17364a8,2024-07-06,True
32439c8de5c9,2024-02-08,True
d61fe86acdc5,2024-10-18,False
405e8cad316d,2024-08-07,True
54258ba30bbf,2024-08-30,True
cab69631ebf3,2024-06-15,False
bbf4bd0542a2,2024-01-30,False
ff47ecfea401,2024-09-16,True
9500906ab5c9,2024-09-29,True
47cbdef2bef6,2024-02-11,True
dcac494380b4,2024-10-17,True
6e7c2f07ebb0,2024-09-29,True
82b3d65840a1,2024-11-16,False
7d8c47524dbe,2024-04-02,True
057d9f621cc3,2024-05-18,True
916832608bf3,2024-01-23,True
675882c5455e,2024-05-10,True
a6bd611554e6,2024-01-26,True
9eb7ddabfb63,2024-09-22,True
d36ee6d328b5,2024-09-30,True
f0e68cd129f3,2024-10-14,True
4e0a3f33181f,2024-10-12,True
6b1f15a9ab13,2024-01-17,False
b89d093eec88,2024-06-01,True
30717cbd5ccb,2024-10-05,True
ffb50d2057d6,2024-04-10,True
444e668a9e7f,2024-12-09,True
9d7e9a59b48e,2024-01-14,True
e5cc72dd763d,2024-11-27,True
c38196f5b121,2024-03-10,True
7c9f4a32d75f,2024-11-06,True
0727d8d304b0,2024-08-08,False
123d0da9babf,2024-12-22,True
c15901837cc0,2024-09-15,True
54b5053f13e3,2024-08-09,True
42ff76f5d582,2024-06-25,False
cc6499af6829,2024-12-14,True
b83258809f70,2024-05-02,True
499569dcd6cf,2024-04-15,True
f4c82cb80353,2024-11-10,True
986a5c0c2c14,2024-05-29,True
47c1c782eab6,2024-05-06,True
5ff063550b7b,2024-08-02,False
8015ecb48603,2024-08-16,True
d9f0a0f66e1c,2024-03-13,False
86875417807e,2024-07-01,True
0934556cffdf,2024-08-23,True
7ab414a1c174,2024-05-10,True
4361f433c9b8,2024-10-26,False
497f14f5e65a,2024-02-23,True
ba6e57272fa7,2024-03-23,True
e7a9d87b1fa4,2024-10-13,False
59fb76d60081,2024-05-18,False
5cdc6bbb3699,2024-07-18,True
b0458dff9c75,2024-11-13,True
bdcfaeb27a57,2024-10-10,True
249f41d1068b,2024-10-18,True
08dfdb637012,2024-06-20,True
3e9173c175c9,2024-12-24,False
1d7d8176388e,2024-05-27,True
34290b921ef7,2024-08-18,True
d3f68b79d088,2024-09-20,True
ad11db904b42,2024-11-16,True
dfedd0b46a1b,2024-02-29,False
60385bf168c6,2024-12-17,True
b166fa6e2183,2024-07-22,True
2ad1eb9e2bff,2024-05-16,False
ef98c352f657,2024-08-25,True
35a6a14a9eb8,2024-02-07,True
d084053880fc,2024-08-11,True
d95e0c552a02,2024-12-21,True
0ca20147ce92,2024-01-20,True
aec7ce76ae64,2024-10-18,False
4d562fa9e6e3,2024-07-31,True
24366170bc32,2024-09-24,True
74e6e7a58893,2024-06-20,True
dd0f948a0aa0,2024-01-19,False
ae54cbc633af,2024-04-12,True
014d969c7378,2024-08-15,False
24c286bbb68c,2024-09-16,True
0410f8ce4655,2024-06-02,True
83beae945645,2024-01-16,True
f9c3df011720,2024-03-17,True
5be095b9241b,2024-03-28,True
4a1d9a0fa23f,2024-06-27,True
813b799bdf7a,2024-11-26,True
e1da03feabee,2024-08-13,True
5005eb46b887,2024-08-01,True
10bbb3228651,2024-09-23,False
3585f04d3df7,2024-02-23,True
bdf98f0317a3,2024-02-13,True
15a3b7ea206b,2024-03-28,True
2332bd971ee4,2024-04-22,False
e74bf3fc06dc,2024-08-10,True
80b6c9feb066,2024-02-03,True
d9dfc9b07093,2024-11-10,True
dd460a16ad26,2024-03-16,True
74c1498c1573,2024-03-15,True
bfc2e2229f72,2024-12-23,True
8106f49efaca,2024-01-22,False
59b962045746,2024-09-03,True
5020e54cc51a,2024-01-23,True
ba01f19e0918,2024-10-01,True
877720b42024,2024-02-29,True
a2ffc71dc2de,2024-07-24,False
42c4105fee28,2024-03-18,True
a7b947c52410,2024-01-17,True
a6b0376b6d6f,2024-09-26,True
cad1bace6791,2024-02-09,True
2a684c702a1e,2024-01-02,False
ac23eed651ee,2024-08-18,False
bf7272f2f665,2024-08-27,True
878ededb4f50,2024-08-27,True
1a92301dff85,2024-08-12,True
19f74f51cf86,2024-09-30,True
6fbfd5ff19cf,2024-05-20,True
9f483e7b5473,2024-10-01,False
163e6d5fcfec,2024-04-11,False
4f29cf28b911,2024-05-31,True
491e9442f1a3,2024-01-12,True
03f2308ca7e5,2024-10-23,True
4e703bbe85f7,2024-09-29,False
8bd81035a810,2024-04-06,True
19a657e42489,2024-03-11,True
3f5bd8e09750,2024-04-23,True
a162298b2086,2024-07-23,True
b3a69032b8f0,2024-02-13,True
fffaf41910ae,2024-10-15,True
5dd34e15fad7,2024-09-25,True
7592b25e46e8,2024-04-11,True
e3689574bc9d,2024-07-03,True
43720e52d7f0,2024-05-26,True
b19316c7cd1d,2024-10-03,False
bee20c76a15e,2024-05-17,False
fddb640700dc,2024-02-28,True
3b491683e95b,2024-04-05,True
5ffb2fcec010,2024-02-12,True
a93679db5ce1,2024-03-14,True
7233660e4bc6,2024-06-22,True
aeffa3ef574c,2024-04-04,True
209701bb9008,2024-06-10,True
b797dbcd9da2,2024-01-26,True
ff26f468bf38,2024-12-17,False
c17c110bb26f,2024-11-03,True
e150e7e3b139,2024-12-02,True
6fb66a1eaf13,2024-11-28,True
294fa6ffcd76,2024-05-13,False
d9db2f093714,2024-03-18,True
9abd7869cfb3,2024-06-19,True
a94f4a6f4b6a,2024-08-15,True
96abde263abb,2024-06-09,True
327a81158341,2024-05-25,True
9ebe5421a484,2024-01-22,False
7e651e59fca1,2024-12-15,True
8a08aceb26d9,2024-03-15,True
d786cc561ead,2024-05-03,True
04c5c4bda785,2024-09-25,True
22477874bc04,2024-04-30,True
0289f4ccbd06,2024-03-29,True
53f6183341fd,2024-04-19,True
06eb069d28aa,2024-06-25,True
571cda3242f7,2024-07-05,True
7932057970ce,2024-09-25,True
e37b6b3a2634,2024-02-16,True
862e73ffe6f0,2024-08-17,True
8b7577d0ddc7,2024-08-05,True
320bc6874f21,2024-02-24,False
0a4b7d90d8b3,2024-05-03,True
05a7f90a704e,2024-04-26,True
cb19f2a6f073,2024-07-19,True
efe3ccab85da,2024-12-10,True
27b6b73f7f77,2024-08-31,True
bb268e7da545,2024-06-13,True
159ee7636241,2024-08-04,True
db69d7909635,2024-05-04,True
9759b254920c,2024-04-06,True
047bc01242e5,2024-11-22,True
f3e58a5ffe9b,2024-08-23,True
078544db8ee7,2024-05-30,False
af1442cbfab4,2024-10-14,True
13b421b6da23,2024-06-12,True
c6df17705276,2024-06-26,True
938620286a66,2024-05-10,True
fe55e70b7646,2024-12-23,True
67fb06c95354,2024-05-19,True
85d23369dd76,2024-01-07,True
d2fafd23d33f,2024-06-10,True
997baa12ae52,2024-11-07,True
46450b5dd8e7,2024-08-09,True
64e532378463,2024-04-14,True
c26ab6155547,2024-12-14,True
9305b83fab47,2024-04-27,False
aaa7f1a1f573,2024-07-21,True
6f2e4759de73,2024-07-06,True
9de4072eb62b,2024-01-12,True
7fb0851cf5fd,2024-05-04,False
5a41af88d275,2024-09-05,True
ba8536aac024,2024-02-07,True
f6d454b54ce6,2024-03-07,True
cde494bf2a71,2024-01-19,False
e17ee607720d,2024-06-09,True
77f51cd5b42d,2024-07-13,False
4f681c93e348,2024-04-16,True
cbec1484e32f,2024-11-08,True
f6817013e120,2024-07-05,True
cd57a2946bfb,2024-06-17,True
62974ec47d7f,2024-08-17,True
f283bae2d872,2024-12-20,True
7bf8e92e25a6,2024-04-02,True
bc897677d970,2024-11-20,True
2d30c6347713,2024-08-17,True
719f022359ac,2024-08-24,True
a9fe744e8636,2024-03-17,False
79af68856030,2024-06-27,True
69b15aca1794,2024-02-18,True
cc8966b5c00f,2024-12-19,True
6588f96d586e,2024-01-29,False
bac168deea65,2024-02-02,True
166bbf4ffb8b,2024-05-05,True
e6c9d726f855,2024-03-12,False
f23624c528c3,2024-05-04,True
b05fd4307ad7,2024-10-22,True
7f353cdb3cdf,2024-12-25,False
b3159d7bc286,2024-11-28,True
a0e532c4e8f5,2024-04-09,True
9869517e7d78,2024-03-02,True
dc024844f763,2024-05-01,True
e3af78243e12,2024-12-01,True
fce4d0d32aaa,2024-07-12,True
f812c39bd2d3,2024-12-06,True
0ea6a026e30b,2024-09-25,True
42c42867ba6a,2024-07-06,True
e1edafd4dae6,2024-05-29,True
eaa6675c3b4a,2024-11-02,True
8773ac081963,2024-12-06,False
74146ed07058,2024-08-03,False
c2f89f8ac1ce,2024-06-19,True
efa4d7c12d8c,2024-09-19,False
1d4810a4416e,2024-12-20,False
1f8cfa620930,2024-06-09,True
024f6b8d8953,2024-05-17,True
828bdde782d8,2024-07-04,True
a73a3041e871,2024-10-15,False
900f4182e225,2024-03-23,True
8156898854e9,2024-04-11,True
0c0ce8ab8590,2024-05-13,True
c886d67a37d7,2024-08-02,True
7c3dd86cdecd,2024-01-23,True
f55aeb78f007,2024-01-08,True
8606bd573cd5,2024-11-29,True
d6d706061a4d,2024-03-21,True
2b0ebe3865b6,2024-09-21,True
009f50643d77,2024-12-12,False
ce691f397237,2024-01-05,True
2e60072db0fa,2024-04-22,False
ac1287dfef3e,2024-04-21,True
a6cbe51f0409,2024-09-14,True
9e505ab4941e,2024-11-11,True
95db76991e3e,2024-02-27,True
ebdd2e7733cf,2024-11-03,True
660d696e951e,2024-03-21,True
de8e338222b3,2024-08-22,False
ad70a54000b5,2024-09-26,True
d4f9d0a51c04,2024-06-27,False
5ec70709c566,2024-10-06,True
b23776e590d6,2024-07-29,True
7b0ef8ac7d23,2024-07-10,False
39c5e7cc88e9,2024-04-29,True
075b70b66da3,2024-07-04,True
cdf7b34ad0de,2024-07-02,False
b546b7254d86,2024-08-30,True
5259e0956aad,2024-06-11,True
2b5f41a62261,2024-08-05,True
234205fca986,2024-09-14,True
a69ee696d72d,2024-04-18,True
5a12c899d1d9,2024-04-23,True
044f182bbffe,2024-08-25,True
8967f6714e0e,2024-09-06,False
50f5207774c8,2024-06-17,True
46cb4fdfb098,2024-10-12,True
701459baafca,2024-10-20,True
2c66d7dea723,2024-10-20,False
575f9f961e3c,2024-03-15,True
eae4b0b77014,2024-02-06,True
8b3b1126c87d,2024-12-14,True
f65ee71d80bc,2024-09-05,True
3a8e2fd6f352,2024-05-14,True
8d4ade48824e,2024-04-21,True
8c060ed512fa,2024-06-13,True
ab34fa3e00b3,2024-09-20,True
f282907f5119,2024-01-07,True
c1d8f59c3f35,2024-11-23,True
dca4ae8d4f57,2024-02-03,True
487806419612,2024-06-09,True
26f4876a2000,2024-06-01,False
bcca994db25d,2024-01-10,True
4701253128c9,2024-04-12,False
8284d6fdcfa6,2024-12-21,True
7d1f0e87e2bf,2024-04-01,True
fa2d023aa56e,2024-11-01,True
48979da01187,2024-04-18,True
5df157a76d76,2024-10-27,True
e7ca289aa9c8,2024-11-16,True
55a74f517c00,2024-05-19,False
ca189c69ef95,2024-03-13,True
ea835f2eec77,2024-10-28,True
e4fe31a6fcec,2024-05-10,True
c9712cd84001,2024-08-27,False
e951a701f0d7,2024-12-02,True
b129bc1d0d35,2024-07-24,True
816cb29a6f98,2024-01-18,True
4ad8cbb7ac8b,2024-04-08,False
07691b4d156f,2024-02-05,True
2d1023488fec,2024-11-19,False
12ae69cef334,2024-05-25,True
b3c1b0abd51f,2024-09-20,False
ecc2531c6e14,2024-01-18,True
837f5e496e7f,2024-01-04,False
4309b380f8b0,2024-07-25,False
9319ddce348e,2024-09-03,False
3b3f5952ef45,2024-01-15,True
d93fa2d6bf79,2024-01-04,True
abb75897daea,2024-05-15,True
e049967f4e84,2024-01-27,True
95f507f93f89,2024-07-26,True
a69386fea0f4,2024-05-22,False
9377c9c77144,2024-04-09,True
481dc5d62ff7,2024-04-04,True
90d403c6236b,2024-05-17,True
a4c00c399261,2024-11-18,True
eb0897e20848,2024-07-27,True
77b707399ea3,2024-01-27,False
cdaba82b66f9,2024-12-12,True
e095264f801f,2024-02-01,True
b33b496ae639,2024-02-20,False
1ccb49fcb5b8,2024-12-05,False
933649d8cc65,2024-12-22,True
08556ed1f2c4,2024-12-02,True
6b2a947f95d7,2024-11-26,True
1ca3e4b169cb,2024-10-15,True
00b8e0309a3e,2024-04-24,True
931a6b01020f,2024-09-02,True
c28da5805688,2024-06-22,True
a66655b1b950,2024-09-02,True
588536d2df3c,2024-01-12,True
d96a9ad88f94,2024-12-06,True
cbb9a19d8297,2024-11-14,True
a0da6894d617,2024-01-28,True
ba984e17d2d2,2024-03-21,True
48e8d85e8cbf,2024-02-16,True
b7328c7540b4,2024-05-05,True
bfc82165b456,2024-06-23,True
ccd2e413ad07,2024-10-19,True
afc122c7141d,2024-08-14,True
6484de8a660d,2024-04-09,True
0857ea22bdb7,2024-05-22,True
6b6b92a10097,2024-10-05,True
65f2264e0353,2024-07-07,False
911ecd01921d,2024-07-23,True
1d28d2a82374,2024-12-15,True
dc0e66d82db3,2024-12-02,True
be0460dd3146,2024-07-16,True
cdc8429e49e1,2024-06-30,True
5d1653d2764c,2024-11-26,False
7bef190bdaae,2024-12-11,True
0b3e7303cc28,2024-08-24,True
ca9eb7ecbe2b,2024-02-27,False
93f7f8146c5b,2024-01-30,True
d86ba965c19b,2024-01-23,True
afc2084110b6,2024-01-11,False
8822e32b6fb8,2024-11-14,True
50b81cf999ef,2024-04-10,True
138f7c3ec763,2024-05-10,True
ae44cf706bc4,2024-10-04,True
70690b3020ad,2024-10-09,True
ec16a897b453,2024-05-01,True
a6fa4a211dc1,2024-04-21,True
0e18d589069d,2024-12-09,False
a20e05134192,2024-05-26,False
2afd43ebbe22,2024-08-08,True
79dc80e3a2bb,2024-10-27,True
e0b6f79f00f5,2024-03-16,True
90f61b83a7ca,2024-01-02,False
f8ab91d28783,2024-09-15,True
87a65387ec33,2024-03-12,True
29c2dcc07236,2024-02-27,False
837f72fe4006,2024-05-08,True
2b1a5bf84806,2024-06-12,True
d53ff0fcab1b,2024-04-30,True
80be38627bc6,2024-03-04,True
bdd6271d97bb,2024-07-13,True
7332c043840c,2024-11-25,True
c479bbb061a7,2024-02-08,True
3d0dc48aa182,2024-10-03,False
45262f8ebe8c,2024-12-11,True
0c79b3fb9653,2024-06-23,True
8639e998d91b,2024-08-15,True
accf905a9178,2024-08-12,True
3f2164732bb5,2024-03-23,True
fd3eade24f86,2024-11-18,True
fed930325021,2024-01-23,True
e0d8fc28ee14,2024-05-13,False
d5a42602b6ec,2024-03-24,True
88bbef3210e9,2024-10-07,False
8546b3dcf1ff,2024-11-16,True
9d3648b93ed8,2024-04-22,False
bb6786c27e73,2024-07-05,False
0bb7a36f44d5,2024-10-07,True
83b13ea30520,2024-12-15,False
92655f14741c,2024-04-20,True
58c3602433f0,2024-11-14,True
5815e6d17341,2024-11-30,False
f91d0a001424,2024-08-24,False
49af7b6f8a63,2024-05-06,False
06d5ce482e30,2024-11-08,True
001d53d5b803,2024-01-28,True
96fbea5f1ac1,2024-06-02,True
7c644c21fb5d,2024-03-03,True
2295ba8d21f6,2024-03-22,True
86015917c525,2024-02-17,True
a8c6fc3e366d,2024-01-03,True
ad802431116e,2024-04-17,True
faff0bd634b1,2024-03-28,True
ca6a6314deec,2024-12-15,True
969bad7e56d6,2024-05-19,True
b235cf3e0de5,2024-03-14,True
c3db38e35118,2024-03-27,False
c9cca14569d8,2024-10-19,True
dfb313a54746,2024-02-14,True
f17d970ad407,2024-10-28,True
190cb4ff8f2a,2024-01-02,True
6e1ee0fd592a,2024-06-13,True
2c4ca61d6c42,2024-11-16,True
42cae1b662e9,2024-02-07,True
2cb272d11338,2024-12-03,True
8b112205b71b,2024-09-02,True
f22586d2930a,2024-03-22,True
01cf1500ca88,2024-11-10,True
826a5e994005,2024-01-29,True
372e55dd45f0,2024-09-10,False
e112f979b39d,2024-08-26,True
c1c3ed978991,2024-02-01,True
e669c1f7cc47,2024-11-21,False
d55408640e82,2024-06-19,True
6ecfaa16f575,2024-06-08,False
17d8d1c81a7c,2024-03-14,True
f11159a54e68,2024-05-22,True
670730775284,2024-03-09,True
bb0cbc45f158,2024-07-08,True
4e6e51389d1a,2024-10-20,False
1b2866af1423,2024-12-16,True
c4c4e89dc162,2024-05-04,True
fb4621704af1,2024-04-07,False
6e233f01c156,2024-05-05,True
f1a83b5ab9a4,2024-12-04,False
20d07640fa45,2024-01-24,True
023eba17d727,2024-06-01,True
90f287da63e5,2024-07-06,False
d498de0707a2,2024-01-04,True
ca79953c344a,2024-06-07,False
26aec3d5cebc,2024-02-12,True
c031374e038a,2024-10-28,True
b6ad56afb6a5,2024-06-08,False
c83439b5c9de,2024-04-09,True
d81d37c3a3ff,2024-05-25,False
ee313bb393c2,2024-09-26,True
40612670f45f,2024-11-18,True
3f6108a01706,2024-08-01,True
3109f2010e9b,2024-02-16,True
528bb2850d10,2024-04-22,True
f0034b81683b,2024-02-27,True
14aa33273fa2,2024-02-22,True
6f08470eb39b,2024-01-25,False
b9f113190b7f,2024-02-28,False
6a2c95b6ec2c,2024-08-14,False
f53733041ea5,2024-07-28,True
8e8ad4b30fbd,2024-04-19,True
377db5f4ac00,2024-01-07,True
88582f5b446e,2024-04-06,True
3ca062340d6d,2024-07-10,True
b47093e47f9e,2024-10-09,True
79c6812eaaf1,2024-01-28,True
0150efd9a795,2024-02-08,False
9d64af6ad571,2024-05-18,False
3df2ce67a7b4,2024-08-28,True
86249ad51055,2024-02-17,True
fe54aa44acf4,2024-02-22,True
a1d9adb4932c,2024-02-16,True
a49a8f7be10c,2024-02-06,True
b8d1b053d6c2,2024-10-16,True
8534357022b1,2024-09-23,True
7a6b2021878a,2024-12-13,True
ba09096eb386,2024-07-21,True
c0229a07151b,2024-04-15,True
7a8fd7a7c0d2,2024-09-26,True
ebbe3d918452,2024-07-20,True
c3a503974a3a,2024-05-20,True
4b94b7fc5ee8,2024-01-13,True
a850b16eae99,2024-02-25,True
156d0c1d0e92,2024-01-12,True
7aefc3ba1a4d,2024-01-28,True
c843f55e23df,2024-11-11,False
7cc814dec202,2024-04-24,False
18207c6f5b43,2024-03-23,False
55c076ff0b28,2024-10-14,False
315987523ae7,2024-08-31,False
c68f346773b3,2024-01-29,False
e0593800b540,2024-11-24,True
f39bdb94a23d,2024-02-29,True
28dbb4cc72ec,2024-01-02,True
7bd316bc3a34,2024-02-06,True
4f1b82f99566,2024-06-29,True
201f764eaf7f,2024-01-26,True
4c083f7eb549,2024-12-11,False
fa8760469a37,2024-09-15,True
83949bc0ac7e,2024-11-09,True
2334e976e8ae,2024-09-11,True
b9655edb7f62,2024-03-20,True
9de89481ced6,2024-10-15,False
6ca38fb08586,2024-08-07,True
2537bec98dc3,2024-06-14,True
59ee0782a8dd,2024-04-10,True
aa3b1980c605,2024-02-02,True
cefd2b5587c7,2024-07-24,True
e4816c22d426,2024-12-08,True
1ec50e755e56,2024-11-08,True
913664746c09,2024-07-05,False
27b38d1f7f6e,2024-03-26,True
e444974160d4,2024-03-02,True
5a4887017c4e,2024-01-09,True
0a2767285d38,2024-02-23,True
deae1898b7d7,2024-10-26,True
c85092cd86f2,2024-09-13,True
d5de32106ffa,2024-03-11,True
8cbdec07d0c3,2024-12-05,True
8c146a63808b,2024-11-25,True
0e072f90af9e,2024-09-26,False
3af6171d12dd,2024-11-13,True
df4559c3ff56,2024-01-30,True
4c89ab3c6c4a,2024-06-15,True
b3edb8714ef4,2024-08-19,False
7b659a1f0d8a,2024-08-31,False
c317c8219066,2024-11-18,True
e7e84c39860d,2024-01-08,True
e4c49cbeda2c,2024-09-11,True
d5237dbbd164,2024-03-19,False
c4ebc5c8f8e6,2024-02-10,True
b6ebc67506b4,2024-04-16,True
1e7c7a9ae3f1,2024-01-04,True
62f9b9819931,2024-05-15,True
6735bd9fb1f0,2024-12-17,False
c9e1f3177ba7,2024-09-26,True
57d25f34d2fc,2024-01-28,True
7a1fea19a313,2024-03-22,True
f059c03831da,2024-03-11,True
89fd5ab37ce3,2024-10-20,False
9fa104fdc771,2024-11-06,True
afcc23a81496,2024-12-24,True
bc9fa8abb28f,2024-05-16,False
246e85441104,2024-08-01,True
c6e99b09308c,2024-07-20,True
1bcfb93a6966,2024-07-28,True
f770bff18880,2024-11-26,True
5845ed2c4b09,2024-10-31,True
16b8f3805b64,2024-05-16,False
912acab75729,2024-11-05,True
94124c1785e5,2024-04-12,True
17479c39f112,2024-12-15,True
32ed59f1f1ab,2024-11-13,False
79653574464d,2024-03-28,True
a8ab0ccedb5f,2024-10-15,True
56465b089861,2024-06-16,False
d9665dfc19a0,2024-01-18,False
faa9867add54,2024-03-08,True
79a16e996204,2024-07-21,True
ddcdd60df137,2024-06-30,True
cb8569dbc4f4,2024-11-03,True
b8b258fd7a80,2024-10-16,True
f9b40966a6e3,2024-01-17,True
f3b7727b445a,2024-05-25,False
72728f2fab6f,2024-07-08,True
3f807b89a9fb,2024-04-29,True
d45ecdab4d4a,2024-05-04,True
ce885b46caa4,2024-07-22,True
3ebde11a67db,2024-10-16,False
1f99f615dbeb,2024-08-26,True
4a1173d3e3ff,2024-11-27,True
a6139785d874,2024-02-12,True
6f56a0de56af,2024-07-24,False
d7a7ee17a637,2024-02-10,True
7da7c5f8bca7,2024-07-28,True
06680a12ec64,2024-02-27,False
7109c392f062,2024-05-15,True
d2b8e0408138,2024-09-05,True
dcaa45dd5371,2024-01-12,True
0352b85e893c,2024-03-05,True
425188a5e4e1,2024-09-03,True
db9a33f3b718,2024-02-05,True
0f5ec05585ac,2024-05-11,True
4198dbc81835,2024-05-31,True
5f6a441ed13f,2024-11-06,True
e96c2ec4dc25,2024-12-12,True
50cd83102f90,2024-07-11,False
bf1e11a14ea3,2024-09-17,True
93d323eb1c6d,2024-01-10,True
2ec90d33cf98,2024-12-07,True
b25cecbd9bbd,2024-05-06,True
5cdda93c998c,2024-10-13,True
51cae4849c3f,2024-02-13,True
621bbd7964fe,2024-01-05,True
53dd7d09821f,2024-05-15,True
bfc080757df0,2024-03-21,False
9c9dae384f40,2024-09-21,True
0bd0dfbadc38,2024-10-19,True
2aa1149ed2d2,2024-08-02,True
070d1e6dc348,2024-04-11,True
1abc01745af8,2024-07-18,True
040bd92de363,2024-07-02,True
42812a6420b1,2024-03-05,False
faef0c168e39,2024-04-27,True
2158c5e658c7,2024-03-24,True
e9afd1fbc41a,2024-06-24,False
9b7c21946211,2024-10-18,True
3569a4aaa6e4,2024-07-21,True
9b3c6b0ccc41,2024-09-27,True
a78dd2c2fb2d,2024-10-11,False
df5e6b83447b,2024-07-09,True
68ef826312da,2024-11-12,True
d7e6b7d4cec4,2024-07-18,False
10bf1e396191,2024-07-24,True
8754aedf31e9,2024-01-29,True
109ab71fb816,2024-09-03,True
7d7f929f4ebb,2024-02-21,True
6203a4e585d3,2024-03-24,True
5affcec6217c,2024-12-16,True
306e99fd1beb,2024-06-23,False
61aed72fb007,2024-03-17,True
4266e90476dc,2024-07-04,True
05f20d2a0c8c,2024-05-01,True
205071b7b5ad,2024-06-08,False
d49789ddd9a3,2024-02-12,False
bfa9a827d4be,2024-08-10,False
8498165907eb,2024-05-20,True
90fe17eb0e60,2024-02-28,True
7b64e215b902,2024-08-28,True
90cb521533b8,2024-08-05,True
e0e2e41705f9,2024-01-15,True
18a31794a611,2024-12-25,True
745846eb8d13,2024-08-29,False
56c4791c428c,2024-05-20,True
1ac7adee153d,2024-10-27,True
a2ab451f251c,2024-10-03,False
c4f6e76e9956,2024-06-11,True
85a85326655d,2024-06-06,True
5b1a3929b1b8,2024-02-25,False
d583d49bbf37,2024-01-16,True
564e89795a51,2024-05-27,True
7b368556e848,2024-11-07,True
2c735123937d,2024-07-11,True
dd331e3808b7,2024-03-25,True
9ee0226547d1,2024-07-08,True
95dad4900e01,2024-11-29,True
70c32eaa6a64,2024-10-30,True
db7913f72611,2024-11-23,True
e02fe7a781fc,2024-08-15,True
82c3c64ecadc,2024-11-18,True
90864b3c59de,2024-02-12,True
28151bfa8ee1,2024-09-11,True
09a187b7c7aa,2024-08-10,True
f654495fc642,2024-09-07,True
ca33fd7e5b4c,2024-05-12,True
000df4079cbf,2024-02-02,True
1aa9c4009382,2024-04-04,False
2ced2a0f50ee,2024-06-21,True
41cea58b67a1,2024-12-15,False
1bd84f59e57e,2024-05-11,True
5fe212878f05,2024-07-05,True
1eb4250005d5,2024-02-19,True
c2478fc15e09,2024-08-07,True
a4f716b0ea44,2024-06-23,False
80f472fd0b18,2024-06-01,True
1a0539352b38,2024-05-27,True
72b526494d79,2024-11-19,True
c0a5c87a14e0,2024-06-23,True
c1f62975eaaa,2024-05-15,False
5434c738d932,2024-09-04,True
e6b6356da620,2024-03-04,True
8327289b8aae,2024-06-21,True
abd74f938c7f,2024-06-02,False
63bd59704b40,2024-04-08,True
2f725fd2504e,2024-06-02,True
8e9bef6684ae,2024-05-02,True
dded1bc9ba71,2024-07-05,True
7cd3dd448434,2024-11-21,True
1480dd64b090,2024-08-19,True
6a94ea1e9c7f,2024-03-31,True
a4255d73f372,2024-08-02,True
7320b86a639a,2024-09-04,False
0ac0f3cab1bf,2024-09-10,True
cfb0a8f1dd97,2024-08-21,True
2a320c57fc22,2024-08-10,True
4943dc493b69,2024-05-19,True
7c2cbfe90eda,2024-12-16,False
4c1b569ae287,2024-09-15,False
8ba34c0b9c94,2024-01-29,True
340921106db4,2024-05-31,True
fb2198f26d7f,2024-12-13,True
d92d932d7286,2024-07-02,True
e5cd34d9e477,2024-10-07,False
2b319c69b10e,2024-05-31,True
cd0fa65be536,2024-02-06,True
02f457c78c2b,2024-06-06,True
6ebf07fc9c07,2024-12-24,True
6d8385902385,2024-09-30,True
265861d550ac,2024-04-05,True
0a608850c9ac,2024-08-30,True
55741c5b25f3,2024-10-31,True
0873c3e7331b,2024-03-11,True
2b15f5a28d58,2024-01-23,False
5c5e43e9c9bd,2024-07-31,True
3ab60ab91193,2024-09-16,True
7ba967391c55,2024-12-21,False
30ba6c1fe8d6,2024-01-25,True
84b1e5c61c9a,2024-10-30,True
1c3f4bd0e328,2024-08-08,False
41563bdde582,2024-05-06,True
93b86f528d85,2024-03-26,False
67de4de0c6d4,2024-04-10,True
450fd08a37e3,2024-08-15,True
65dd36bfac20,2024-04-19,True
a99f0042611d,2024-11-03,True
e08912b7ff46,2024-04-18,True
064241191333,2024-07-16,True
0c6e61dadc75,2024-01-20,True
3d742a04a321,2024-02-01,False
3444170e6120,2024-01-22,True
cc8253f223c8,2024-08-07,True
f40eff874149,2024-06-16,True
0b30466abb01,2024-09-10,True
da2a1c4bcedd,2024-09-03,True
96143f5342a6,2024-10-24,True
0b350e0f93ec,2024-06-16,False
25ef8be0ed21,2024-10-03,False
90520b116d78,2024-11-27,True
4d0a83a1b8fb,2024-05-04,True
dfcc21623815,2024-11-26,True
694c9151436a,2024-09-18,True
7a6523153dca,2024-03-04,True
e4ddaa98e501,2024-12-24,False
bde323462e72,2024-10-26,True
d685834ec4ce,2024-06-18,False
e45bbe5bd529,2024-02-07,True
6855d5c28ed0,2024-09-02,True
5bb0b94bc200,2024-05-18,True
e602fbfaa599,2024-02-07,True
8a0bd2d4b6d5,2024-06-25,True
0f999eeacb39,2024-12-14,True
b76df100effe,2024-01-07,True
3168c7643d31,2024-11-23,True
75e5d7f9747d,2024-01-15,False
5d65bd7f633d,2024-01-09,True
f1b8452f0444,2024-03-25,True
e6e224a95c5c,2024-06-10,False
50fec7255c4f,2024-11-27,True
08a89868182b,2024-04-06,True
4d2f03880347,2024-04-16,True
1cf27b42b633,2024-09-15,True
fa50469a38ee,2024-07-17,True
a3d1e061f3fa,2024-11-29,True
09dc3e64e1ce,2024-05-01,True
7ab4bd693c6d,2024-06-21,False
7ee21f694260,2024-11-06,False
851c3fe3ae22,2024-10-29,True
aaae2e9fab74,2024-05-11,False
349524fae4fa,2024-03-09,True
1216c222c151,2024-04-30,True
10ebd1c58364,2024-05-19,True
1c9ed48df9da,2024-12-18,False
85113f6b31d5,2024-09-28,False
3538674d04a7,2024-11-07,True
fb73d2b0be87,2024-05-16,True
2260a84a3f3b,2024-05-19,True
c0a72be9d19d,2024-04-22,True
46d31531a1b8,2024-09-21,False
34d860e767b1,2024-09-04,True
ca8591b44a37,2024-08-31,True
ff5652cbf992,2024-03-22,True
b5f92895020a,2024-02-09,False
696212efbb09,2024-02-07,True
9d17184af6e8,2024-11-16,False
390e593e562e,2024-04-14,True
21bd4bbc4a58,2024-03-07,True
5599c69fdffd,2024-12-10,True
94f7f13dc7ba,2024-05-01,True
aaff6328e22e,2024-08-15,True
0bf88305e1e8,2024-03-07,True
c569394801f2,2024-09-15,True
f2ffc8b8faa2,2024-02-26,False
21071e0068e5,2024-11-22,True
054674e2c618,2024-10-19,True
74ca87b844f7,2024-08-30,False
79a95b8c7cf9,2024-12-25,True
aada65fc10f3,2024-06-26,True
e19dedd94542,2024-05-22,False
806eb7e43d56,2024-04-16,False
6d819662c11b,2024-04-30,True
fd8fea2057bd,2024-11-24,True
aa4d19dafab8,2024-09-04,True
44b69f7a3ba3,2024-07-05,True
619c800cba28,2024-10-07,True
0a495c3c2dc7,2024-08-02,True
7085498a9942,2024-09-28,True
b845c0b90999,2024-11-17,True
bf47aec0a126,2024-10-04,True
607a88afbfd9,2024-08-29,True
503065d3a890,2024-11-01,True
854a13dc25a0,2024-10-18,True
b7de675728b6,2024-06-07,False
6a033bdbeed7,2024-02-14,True
bf58975b1127,2024-03-17,True
4d39f6ee15c6,2024-05-22,True
af9e87bd6d32,2024-02-20,True
edd219cd92a2,2024-12-06,False
1081b8db8bac,2024-04-13,True
0b8ba80af982,2024-02-01,True
9dc3e2fd03c4,2024-04-11,True
b887ba16cad2,2024-08-27,False
c782e916549f,2024-12-01,True
b8df403498f1,2024-05-07,True
91cb6797928c,2024-02-14,False
f616b4f8ed20,2024-02-13,True
1c176f8511d7,2024-05-14,True
7fad3a8031cc,2024-05-15,True
caac078ee806,2024-06-07,True
9f8c0b438ee6,2024-09-02,True
279cae1bbd92,2024-01-08,True
b2f04ebe0993,2024-11-28,True
2fe9edddaf4a,2024-07-02,False
d3eed1da61f8,2024-10-29,False
3bb5493808f5,2024-12-12,True
80ac85c67f25,2024-02-01,True
607a6b1c794a,2024-02-21,True
24f34c34fc5e,2024-11-13,True
e6a9ae637100,2024-12-13,True
f7b0b6040945,2024-12-01,True
e3757a62ff85,2024-08-02,True
c3e15a12b2d4,2024-02-09,True
2c5b78203c57,2024-01-10,False
fb9d22c348da,2024-08-05,True
f93f388f7e8c,2024-01-02,True
68807a4ceb67,2024-01-29,True
de59e87bc418,2024-10-10,False
eb9d83fa4d29,2024-11-16,True
6528391a594e,2024-05-12,True
2609c624ef26,2024-09-18,False
9486e1a09e69,2024-07-02,True
ea6d906d5615,2024-08-09,True
45c992983fdd,2024-10-18,True
134db3d21559,2024-12-18,True
c6d9318d0278,2024-05-26,True
a3493940f8c7,2024-08-24,True
6987e659c0af,2024-01-01,True
a37b56456e28,2024-06-25,True
3478ad5fffce,2024-02-04,True
c64ab2984c84,2024-09-19,False
f15441be379a,2024-07-20,True
76f3781ca5e4,2024-04-11,True
9eca9d3c90fb,2024-05-09,True
d1d12374915e,2024-10-19,True
99d7d8a0454c,2024-04-25,True
284317114668,2024-05-31,True
dc2af8059b22,2024-04-21,True
6b7f3cf3bd9f,2024-11-24,False
86bd25459f72,2024-02-20,True
36a6acff4da6,2024-08-17,True
2a3eed302428,2024-05-01,False
4ed30be010ac,2024-03-09,True
90a6bad45d69,2024-02-04,True
91c36c0df1f8,2024-04-13,False
f510f476999f,2024-01-18,True
eb9a96e47b60,2024-09-21,True
ab786360b227,2024-02-04,True
cbd0f6051879,2024-07-15,True
877e5978c0bd,2024-01-23,True
3ae0d88dd3a0,2024-03-25,True
d8c9155e04d8,2024-06-13,True
cb17d1ed784a,2024-11-12,True
9e0ebe0dc445,2024-08-11,True
d44a19a0c076,2024-05-06,True
f304db451f5a,2024-01-10,False
1071a9075db3,2024-07-02,True
d5e236058875,2024-06-27,True
1615e85af6cd,2024-03-07,True
dabd64f890c3,2024-02-14,False
a4e0fc5b8903,2024-05-04,True
1798d1137599,2024-10-12,True
0cf68687a9d9,2024-01-29,True
c8f375063147,2024-10-20,True
7635e270ffe0,2024-05-02,False
6adbcab59a0b,2024-03-20,True
1e83b2c4cdc7,2024-09-08,False
d949ba6f2772,2024-11-13,False
e350d20e2037,2024-02-20,True
afd2c6d27b31,2024-10-31,True
309767768ea3,2024-09-25,True
9f5b259e23a4,2024-06-10,True
3627432b4391,2024-07-10,False
90f0394cd0e5,2024-09-18,True
bdf1c30864dc,2024-05-02,True
d86ba4388742,2024-10-04,True
e1041820ba4d,2024-02-25,True
8b58de08f254,2024-09-18,True
258d2a4b652a,2024-08-19,True
3d3e5917e177,2024-09-25,True
4f3db18ad6b1,2024-02-20,True
3f137dcc40f9,2024-02-05,True
f7213e19209a,2024-02-24,True
c04edb45ceb3,2024-01-27,True
0c9d2c2551e2,2024-10-20,True
0c82f57bf6d9,2024-06-13,True
42b51d4842e8,2024-03-19,True
99b327730f86,2024-01-09,False
78043c4855dc,2024-04-11,True
17f72f6eec7b,2024-12-13,True
5a94cfea1438,2024-06-25,True
084990d11e77,2024-08-21,False
7059d1874ae7,2024-09-28,True
b00bef511fd0,2024-06-12,True
ab005f371aa6,2024-06-08,True
37fbadc8535c,2024-07-12,False
42c8c91ab4c1,2024-09-29,True
4d35ee51c1d2,2024-06-22,True
e8021ee2b974,2024-07-07,True
a84e9dcb238a,2024-05-28,True
61d8883e0cfa,2024-06-01,True
343e444a38cf,2024-01-27,False
4fc050c86c6a,2024-01-30,True
7d594820cc38,2024-02-02,False
d7d3e6f7e917,2024-09-26,False
363639d75c51,2024-07-05,True
2e85b79a7219,2024-07-09,True
600c1a88e881,2024-04-18,True
4acfae55a1d6,2024-04-15,True
1b380fe53ff3,2024-08-24,True
292bf9909121,2024-03-03,True
5a55aa255aec,2024-02-27,False
e7d94a6a9c6c,2024-06-28,True
89ef002727a4,2024-03-29,True
fbe14c53b95e,2024-12-22,True
9b513a5eb8cb,2024-06-03,True
802af32fafc5,2024-01-11,True
54c1ee99a6b0,2024-06-03,True
a2099921aaff,2024-06-12,False
129472501351,2024-04-09,True
5ebede490d52,2024-02-18,True
6c814309e4ab,2024-11-13,False
ce58e94b19c5,2024-02-29,False
03d1037e4dbd,2024-04-07,True
ae64fb3a4565,2024-02-16,True
620c9b4d63d7,2024-01-04,True
4dbcde68bfe6,2024-08-16,True
0e7fb57043bd,2024-01-10,True
a63eb87ac853,2024-07-16,True
43622a374400,2024-12-24,True
505488b66629,2024-11-28,True
7b97c88db076,2024-09-03,True
441cc0c71cb7,2024-07-16,True
478542128f59,2024-09-16,False
29d7f24d777e,2024-08-30,True
7b30f9665930,2024-01-26,False
f37638b905e2,2024-10-03,True
5d539bf6437b,2024-07-22,False
2820ba5b3644,2024-04-07,True
833d57edb8f8,2024-07-31,True
c6ebc7ed2f40,2024-09-06,True
a9eefc05ce66,2024-03-20,True
d14a9389ab23,2024-11-11,True
e12152b8e9e1,2024-09-30,True
57d01c913001,2024-08-28,False
427e9f7a4606,2024-10-19,False
ee1c1435a6b7,2024-07-09,True
c255d382bdcc,2024-12-23,True
17d68118d93b,2024-02-09,True
edbf286a2aad,2024-07-27,True
e9c1515ce455,2024-12-25,True
767e5ed76954,2024-02-13,True
492332bc417c,2024-01-15,True
ae4fa610a144,2024-06-06,False
2c972aa0f55a,2024-10-08,True
5d01637f2eaf,2024-02-27,True
b4f10c634306,2024-11-09,True
0c8c381b53fa,2024-05-16,True
3b71387a1593,2024-08-17,True
77b242b4deb5,2024-02-06,True
9d9e72a2025c,2024-03-14,True
8a0bb255f750,2024-02-01,False
0713eeaba3f4,2024-06-20,True
9deb4882301d,2024-06-11,True
4eda3e75a29b,2024-09-23,True
8c2e5a359525,2024-10-17,True
88c1fe5508ab,2024-12-19,True
3c1ffd8c4767,2024-11-27,True
807d86f83f61,2024-10-17,True
4f9fe85c1f73,2024-05-22,True
df088e2bf244,2024-10-21,True
2d2075b71038,2024-01-06,True
99eaabb1e3d2,2024-04-14,False
87d0929af722,2024-02-19,True
096bca7ef02e,2024-10-05,True
0954cd0ebfeb,2024-01-04,True
39dff09d1a99,2024-09-26,False
456c157c5dba,2024-08-25,True
e342e0b1802f,2024-02-17,True
bea657ad2e41,2024-07-28,True
47af0622c76f,2024-11-22,True
18609678b6ad,2024-11-03,False
99f0ba197404,2024-02-11,False
71ed7c30a4fd,2024-07-28,False
446d06816e31,2024-03-31,False
bd64aca93ddf,2024-10-15,True
4fd2e28f237e,2024-11-25,False
79eeaf514657,2024-11-05,True
298679cc7155,2024-04-03,True
dc27611db1f4,2024-09-15,True
bff7f50f0593,2024-07-08,True
42ae75bab180,2024-08-31,True
c2aec9bb5e7d,2024-01-04,True
99cd8200e0a4,2024-09-21,False
9fb6dae85624,2024-11-23,True
ee3b6077ce17,2024-07-15,True
af311b74f1aa,2024-09-14,True
c8a230857c27,2024-12-12,True
96f882613aea,2024-05-18,False
430950e832e1,2024-04-04,True
9c1fb1799fa9,2024-10-18,False
b3b64744b239,2024-05-31,True
234209448c7d,2024-04-26,True
c46b1062e753,2024-04-04,False
3397e6bcb7f8,2024-10-25,False
adc0320daeba,2024-05-03,True
1109106e8a6b,2024-09-20,False
787e5134b801,2024-11-05,False
9f538bb9f861,2024-04-16,True
c88e149ca6a6,2024-08-24,True
6730fdd7691a,2024-11-17,True
68c4ebd3ff9a,2024-06-19,True
a2fe5e61a1fe,2024-04-08,False
02d2f3936e7a,2024-08-03,True
ef3ee342e4d2,2024-06-27,True
540f59b04f20,2024-09-14,True
d55e82e1abaf,2024-07-30,False
e4231b74de00,2024-11-30,True
5b56c01c12b3,2024-02-06,True
29084dd12a1d,2024-10-24,True
a989b4b776ea,2024-05-04,True
4368b0ca9976,2024-02-10,True
ceab0f2aaeba,2024-12-20,True
43b658f78cc0,2024-07-08,True
5c3922e405dc,2024-07-08,False
1fe855f4d5cd,2024-10-01,False
086d5b8349e0,2024-11-09,True
873da846732b,2024-06-21,True
28ebe547a99d,2024-05-10,True
36bfb377d74a,2024-10-27,False
529d80307dfa,2024-11-08,True
e8c6a6a55c93,2024-09-30,True
024b8f68b556,2024-07-21,True
bf8a7ef1a60b,2024-06-18,True
9fa71c842357,2024-03-26,True
9e271e0d7fee,2024-04-20,False
bca1ca1fedc1,2024-12-07,True
74858ca47f48,2024-05-11,True
150dd7590f93,2024-11-23,True
f6dc01bf7eb9,2024-06-21,True
67ed5d1ea428,2024-03-24,False
09ae488a8bd8,2024-03-01,True
5c6070c3aa2c,2024-12-10,False
9bce39ae1712,2024-08-18,True
1781563edd27,2024-08-15,True
acc8da9ac7d5,2024-03-26,True
88850c91488e,2024-02-13,False
e6440f3be7cb,2024-12-21,True
83d1f0727684,2024-10-11,True
fb5ca93cae71,2024-07-09,False
03588c725c32,2024-11-06,True
e64b701dc5b3,2024-07-25,False
b2fd542b4b1d,2024-08-03,True
f74d744bd8ca,2024-05-27,True
b9d09bf5597b,2024-05-03,False
26a3ca87a982,2024-07-12,True
341dd66d0832,2024-03-08,True
aa983a7b39cd,2024-02-18,True
82e88866c36c,2024-04-17,False
6d0266169768,2024-12-18,True
5b9e4f186ff8,2024-01-05,False
e376f3506116,2024-04-11,True
39d40f02abeb,2024-06-21,True
aeb9abeb69ac,2024-10-23,True
b084bd3b3102,2024-07-30,True
92d36f21a6ca,2024-01-02,True
4f0a7d637e9b,2024-01-07,True
70beca10a7ca,2024-01-15,False
ae9891164a6d,2024-06-13,True
86a380ab7840,2024-11-25,False
d2365813f88c,2024-02-17,False
2be2c8d1dcd1,2024-11-12,True
a262f60f0b92,2024-06-30,True
3c338a941932,2024-04-25,False
9a6987ae34c3,2024-10-15,True
3fc76cc0184f,2024-02-28,True
af1b32145cb8,2024-10-19,True
29921635c7f6,2024-01-11,True
38c2595fe5fe,2024-02-22,True
b2dbfe406eac,2024-09-09,False
754559974529,2024-09-26,True
231612e47cc6,2024-08-17,True
f4ab119f8430,2024-11-11,True
baea3762c85e,2024-01-20,True
939282ff5a1c,2024-01-03,True
e16984e09a43,2024-07-04,True
36013c12b908,2024-09-23,True
f7a4fcee4a63,2024-11-11,True
1e7a7011b756,2024-07-29,True
679b0cdaf72b,2024-05-12,True
86c6eea981d2,2024-02-26,True
d336a2f73f31,2024-10-30,True
cfae90ffd8d6,2024-07-21,True
b3f94fbd0543,2024-02-18,True
40e4c863b7f0,2024-10-11,True
5b1372666c35,2024-05-29,True
2bfc3dae7a5e,2024-03-30,True
7715a554992d,2024-08-18,True
4f307e5334d2,2024-07-15,True
f49409bd2d76,2024-04-26,True
73b12a17cd4c,2024-03-17,True
3085abfff4a9,2024-02-20,False
52982679c365,2024-05-14,False
ec0a5108d0f6,2024-11-15,True
8f66ad8567c0,2024-10-30,True
5e1fa3a49377,2024-09-30,True
2295d1d3eefa,2024-11-15,True
c54e3f7c0366,2024-01-30,True
121ca811f8e5,2024-11-05,True
86c2da9f1a36,2024-03-30,True
6ca19fa8cf6b,2024-05-10,True
6f4c1fede3e3,2024-11-10,True
15cb748df050,2024-11-29,True
1b6448a62b46,2024-05-10,False
e4bdc2054050,2024-10-27,True
6128e3bb72f6,2024-01-06,True
daa045a4cfb7,2024-04-27,True
34ab1f5483ae,2024-08-17,True
d449ecdde08f,2024-06-16,True
fb8d7d6dacca,2024-08-28,True
676128cce2a4,2024-01-20,True
8fb94b365011,2024-11-16,False
a73b495f6186,2024-11-09,True
6432ecbf7ac2,2024-06-11,False
7fa3a3bbc74b,2024-03-23,True
63f44c5dbe2c,2024-07-16,True
86acb9c96793,2024-09-21,True
74060d553d78,2024-05-31,True
1621832af9e1,2024-02-21,True
344c135eda35,2024-11-04,True
5ac02402aeb0,2024-09-22,True
7df8fb289f4a,2024-09-06,False
18fdb1dba44e,2024-12-03,True
65909aa327cc,2024-12-03,True
ff6c9ab3eb0b,2024-10-11,True
e98d8661f2b2,2024-03-14,True
a29ddb12fa34,2024-09-04,True
b5cb19aca037,2024-07-11,True
2e8e705f7bea,2024-12-06,True
dde9f8e7349e,2024-05-20,True
4855ca6d6134,2024-09-16,False
d30831b8078c,2024-08-24,True
455be4de2e22,2024-12-05,True
46b933a5175e,2024-08-24,True
bc6408051f09,2024-08-20,False
93fb69745574,2024-07-12,False
18bdbc1fd7d4,2024-09-16,True
4daa86e2cece,2024-10-07,True
4312bf7da7b8,2024-07-21,True
e8a30145b2ac,2024-10-09,True
3220a96ff966,2024-01-30,True
61ee58335161,2024-11-10,True
09262f55dc36,2024-09-27,True
b65bc92de9e9,2024-01-07,True
99655a7fc7bf,2024-03-12,False
6c68495c9850,2024-07-28,True
a473bb6fd6c4,2024-06-11,True
5ea45d26c60f,2024-05-24,False
6f2a5439ece6,2024-12-14,True
bc36f1078699,2024-11-15,True
c6600a378052,2024-05-05,True
87920ee11b95,2024-09-11,True
e103d56e9916,2024-08-25,False
f9e0412980aa,2024-09-19,True
e82358d8e988,2024-01-29,True
e42a67e5675b,2024-11-04,True
d7e5de6e36c0,2024-03-15,True
dafcba7ca6e4,2024-05-29,True
941dd5626a98,2024-12-12,True
588299d5dc97,2024-01-30,True
38cffe0c1da6,2024-02-19,True
bbb10783c85c,2024-09-25,True
77637a8ac6e8,2024-01-17,False
34535d5a7077,2024-03-09,True
c37a66c6cf76,2024-03-22,True
380b1d14f0a4,2024-01-27,True
471fc6e2e1e6,2024-11-02,True
1b37015154ec,2024-03-12,False
29e1cf28f412,2024-08-19,True
939583e201b2,2024-09-11,False
078d15fb7daf,2024-06-26,True
4459718eb73d,2024-03-31,False
2747df71aef6,2024-01-13,True
e1db978c5c77,2024-06-02,True
2ea3720e95b0,2024-11-04,True
a0208ca0d46e,2024-05-18,True
e3bbbb8ad88b,2024-10-08,True
afe43f6d6158,2024-01-21,True
c516cc8e2ecd,2024-07-17,True
4179ef70f2a7,2024-12-02,False
d9f91d0a5c12,2024-10-30,False
77f4c79b1401,2024-02-06,True
ac1100ef2bce,2024-03-19,True
9509df8c7a6d,2024-01-26,True
d1547932a0b1,2024-05-31,True
5137daa73f68,2024-05-02,True
7865da60b4b0,2024-02-14,True
a0e3c17d348d,2024-05-27,True
0d9c0c0d390a,2024-07-30,True
35ff254a4518,2024-05-23,True
3d96db83e8da,2024-10-22,True
434c52fda724,2024-04-01,True
d075050a67d6,2024-09-03,True
e9d81da6d677,2024-02-14,True
1bdc5e5237c9,2024-01-20,True
7bf6bd32b96c,2024-03-13,True
194c938c8b0f,2024-05-31,True
9139cb139c69,2024-05-09,True
7525a7c5eb4b,2024-06-14,True
bfc9bbac443c,2024-09-06,False
048198f3d893,2024-10-07,True
5ae30f95fb7a,2024-08-26,True
60db89fc115d,2024-12-19,True
d011d2db99b8,2024-05-19,True
ca7bd6219bad,2024-12-06,True
22f2e86c0f6b,2024-12-11,True
bcc40aed1e32,2024-11-08,True
61bfaf909420,2024-11-12,True
71fedd699b8f,2024-07-11,False
2b45386b3a46,2024-02-09,True
a234f80e274f,2024-05-25,True
37e1eddb6ec8,2024-05-31,True
5068ecbf726a,2024-10-15,True
70910958f160,2024-10-24,True
0d2b756b8a75,2024-12-11,True
4d3eb1f45ee4,2024-04-16,True
422ca722cffe,2024-06-20,True
2a3664294d31,2024-05-24,True
616c5470c5dc,2024-12-20,False
e737fabbbe32,2024-10-20,True
b0eb3cc3a257,2024-09-20,True
dbb28653fa84,2024-11-13,True
db0c9d6dc793,2024-09-10,True
a148a020fdc8,2024-11-08,True
cb0d2d3c76eb,2024-05-12,False
d88ffc657c01,2024-11-30,True
338e9e8589b1,2024-04-17,True
fa149ab4ec70,2024-09-02,True
bdcff2b732ff,2024-03-17,True
eee2fe7a14ab,2024-04-08,False
a9effc857084,2024-10-09,False
b6abab2cf21e,2024-11-15,True
a0f23777af19,2024-01-01,True
316f1e5d221d,2024-06-16,True
c0fce53e034c,2024-08-26,True
49b5378da7ca,2024-06-24,True
4ec356a7c9a9,2024-02-24,True
c35f32dad580,2024-05-26,True
cc6744d24f29,2024-03-06,True
50ec6a9d5d8e,2024-01-31,True
e61d647fbe5e,2024-03-30,True
a7616be91181,2024-10-21,False
35562c896762,2024-02-06,True
031d10debb7f,2024-02-18,True
e8804ca7ae73,2024-05-02,True
2e995e7ac718,2024-11-16,True
b4d9b88b8be8,2024-05-14,True
cd534ae41882,2024-10-03,True
8887649ccc64,2024-04-04,False
959734d2f623,2024-04-27,True
36ce3f449059,2024-02-15,True
7e2f2d8c9b92,2024-01-26,True
25ccdc9030dd,2024-07-17,False
6f272811d104,2024-11-04,True
527242797486,2024-09-02,False
5685b597d473,2024-06-26,True
662b05003c21,2024-08-01,False
017ff8c37c55,2024-04-03,False
a48004fc97b4,2024-11-04,True
6f9b93edb253,2024-04-17,True
df92b415ec1c,2024-04-13,True
261a6614ad42,2024-04-26,True
ff3c128c0a95,2024-08-29,False
315bde96cb46,2024-11-07,True
9f255930a91d,2024-08-19,True
296db4c1e98d,2024-04-06,True
e4c70b359584,2024-07-15,True
dd26d56605e8,2024-03-26,True
dffbdd651a09,2024-10-14,True
21319bee52bf,2024-02-26,True
d1a141c3128b,2024-06-30,False
407618d66864,2024-01-26,True
36bff5463283,2024-04-11,True
7f930ac44d50,2024-03-06,True
4d95115c6246,2024-02-19,False
239e4cb00b70,2024-07-02,True
72349a285b0d,2024-09-06,True
616ff6959f08,2024-04-03,True
f4c61758db45,2024-10-20,True
9a05749d7996,2024-05-17,False
445f8afeb5a2,2024-10-31,True
c1140513a152,2024-08-16,True
d452c82de69e,2024-09-13,True
6163d41a1476,2024-02-21,True
12b898262743,2024-10-23,False
d9f884f1a1b9,2024-09-30,False
1939e0faf231,2024-01-06,True
d9774a1ead3e,2024-04-03,True
19b87d022566,2024-03-25,False
3f8a3e0d7b2d,2024-07-13,True
3b33118f0546,2024-09-10,True
0f3f9132d2a1,2024-01-08,True
d15c01cb6da9,2024-12-14,True
a64f2bd69a05,2024-11-20,True
ff663f2da169,2024-03-27,False
8d523b7fa8b7,2024-01-24,True
933450e4b4f9,2024-10-23,False
cd207c3efb04,2024-04-26,True
cecb4f922cb6,2024-10-07,True
5b55948f40f4,2024-05-19,True
7e520850326b,2024-01-18,True
9300a27c792c,2024-10-26,True
e6e13e6715a8,2024-08-07,False
3d7f50240e04,2024-09-05,True
dd807fcd1c23,2024-04-05,True
d0fd0c91e5f7,2024-05-08,True
228375b252c1,2024-03-30,True
1b996d116e61,2024-12-16,True
ee2f548e262b,2024-12-15,False
29f0daaada8f,2024-04-24,True
37b87a05fbf2,2024-09-18,True
1fd857372fc7,2024-08-12,True
f32a78b9a353,2024-11-22,False
65c5cdc60f6d,2024-02-29,True
04c77e4376a6,2024-06-17,True
956c74217931,2024-10-10,True
a394bb6027de,2024-04-03,True
02653ce18460,2024-03-20,True
bff5e2c265a1,2024-08-05,True
705f1cb0fa0d,2024-08-28,True
dd2f1f4ac27b,2024-09-05,True
cc3c888019d5,2024-01-06,True
c97bd39c6e80,2024-10-25,True
7e63ea342bab,2024-01-15,True
f4f1bead25b6,2024-03-17,True
4ff22c44732b,2024-08-17,True
5cb91358ffc1,2024-03-29,False
98393f41a6d0,2024-11-18,True
8875175faced,2024-02-22,True
1b1cff15d73b,2024-12-24,True
45458d9edf86,2024-05-10,True
90dfd9d96449,2024-10-06,True
7fd3f1315d42,2024-07-27,True
f87613656e8d,2024-02-29,False
c6e1d0964aa6,2024-02-15,True
3ebc294ddb13,2024-09-01,True
c14076661c3d,2024-10-12,False
9b6d6de3290a,2024-05-08,False
f814b5446b54,2024-03-27,True
ea11ec49b6ba,2024-10-02,True
2dbbac38a001,2024-07-15,True
cce6b05cd217,2024-11-08,False
f398973aecbb,2024-10-10,False
af4ce4100e78,2024-12-15,False
688bccc2dbed,2024-02-05,True
f2d6d22ccadd,2024-01-11,True
d95e82ee0b3b,2024-09-08,True
7ffc38752207,2024-07-19,True
ab3a09e0a5de,2024-02-22,True
536f848905b0,2024-08-09,True
87e693caa170,2024-08-18,True
54a9da05b7a5,2024-01-07,True
b18a48302033,2024-04-25,True
60125e2bc4fc,2024-07-05,True
fe880cf54765,2024-09-24,True
097dc2a36fca,2024-07-07,False
ec9cfb763977,2024-08-19,True
cd9c48174e9c,2024-04-25,True
a30c50b6d5db,2024-01-14,False
d887df30b4ed,2024-04-06,True
c31a7d4fd208,2024-11-27,True
252ff96acce8,2024-10-22,True
d32f6642e285,2024-03-18,True
fd266ea96264,2024-11-02,True
d7a8b230d632,2024-08-27,False
0099fff4c405,2024-10-20,True
fa8c4c01b1db,2024-09-17,True
850619756132,2024-02-09,True
34fca50eb9f5,2024-02-07,True
c3e6bf094373,2024-04-27,True
9a0320e4f93d,2024-12-13,True
cb9757df609c,2024-06-25,True
8a8432f45ed9,2024-04-08,True
6c35e1c2b75d,2024-03-15,True
95a0e038ac97,2024-03-26,True
207660b851e4,2024-04-15,True
4fc56613bd57,2024-12-19,False
fc79e184db74,2024-05-04,True
235b0f7c5f8c,2024-12-07,False
19c3ad5db49b,2024-12-06,True
f5be2e201a5c,2024-10-24,False
d6ed1c3b1942,2024-07-03,True
bb6850a0ab36,2024-08-11,True
51fdada3f2ad,2024-03-07,True
6465faea01e4,2024-12-16,True
280ad4537839,2024-02-15,True
94dca4d1ad6d,2024-06-17,True
42f63b5b2580,2024-03-27,True
ecb49b0384ef,2024-08-21,True
189c3ca4b6ee,2024-03-28,True
d6d7b6a85aa6,2024-10-28,True
e1bd8894c285,2024-07-23,True
2e11e005455c,2024-12-16,True
05406946ac49,2024-04-17,False
35c49bd7ca0c,2024-03-31,True
dbcb8c3fa9d4,2024-02-18,True
2624bda39190,2024-04-13,True
a6b4ca66c242,2024-02-15,True
2ff86c28f6ee,2024-11-26,True
f07f7c09cf6d,2024-04-20,True
14d1d0cf900e,2024-07-26,True
fe87e864a3dc,2024-10-03,True
4fdfbac831cc,2024-12-10,False
49b190790757,2024-07-08,True
d634499580be,2024-11-27,True
449f6c5cc803,2024-08-21,True
2e11545c199b,2024-01-09,False
30fcbf944176,2024-11-06,True
2b3da3142781,2024-06-09,True
050751a8e16c,2024-01-06,False
8f8e516c4fa3,2024-03-15,True
e48ef372a181,2024-03-10,True
0e2acad760a8,2024-09-03,True
fe805bade781,2024-03-24,True
6528287c3d69,2024-11-23,True
1fdadc1d17f5,2024-04-21,False
7fde5de5b325,2024-12-14,False
3fdd38ebb536,2024-03-30,True
d417e0409daa,2024-05-09,True
b89b6531309d,2024-12-24,True
5cdec8f664ed,2024-09-28,True
4127e00dff0a,2024-09-20,True
66abf9a23bea,2024-10-24,True
9e4a632dbf3e,2024-04-15,True
780e851173bf,2024-11-18,True
1a9a609865f1,2024-06-22,False
0256aba072a7,2024-06-05,True
160545761f21,2024-12-15,False
fed7741db65a,2024-11-18,True
63593619de6b,2024-11-21,True
5d25b2f82f85,2024-02-14,True
0ed735831014,2024-02-15,True
b6c1cde369d7,2024-12-10,True
e1541d15f82c,2024-01-07,True
7e873465b105,2024-03-06,True
5b3f1c3796c1,2024-03-08,True
888a31afb2f4,2024-09-16,True
d1a027b0a1a0,2024-02-05,False
123a45b0bb3b,2024-10-27,True
3f5d7aca5624,2024-08-24,True
78b242f3880b,2024-06-23,True
b4e2232f7ad3,2024-08-10,False
5854dbb99bb3,2024-05-11,True
8f9f3e5305ec,2024-01-02,False
16821073a049,2024-06-19,True
4ef1cbb3039a,2024-04-26,False
a950dab9cce4,2024-02-03,True
3c71db0d3f88,2024-05-09,True
eed5fef35b4b,2024-01-29,True
142d7a405226,2024-01-29,False
8977983df425,2024-03-22,True
f86a562431a8,2024-12-03,True
597236623389,2024-04-28,True
2b385c922bbe,2024-06-07,False
02b29de315f9,2024-07-15,False
d9530d3c1db9,2024-02-24,True
c649c399d369,2024-09-09,False
eba540835f60,2024-12-02,True
0f65953d36bb,2024-06-14,True
5a6099d3be90,2024-09-01,False
f8a205bb6a72,2024-08-23,True
a7ee14b583c3,2024-07-06,True
8416dd6449fd,2024-03-10,True
4fa370589996,2024-08-18,True
ac34e2fb3868,2024-02-18,True
026823de92ba,2024-04-06,True
918b3bfe7bf7,2024-11-18,False
96d2c0bfa2d8,2024-10-15,True
514ff4971ccb,2024-02-01,True
2d21dbca98e3,2024-09-26,True
252e33adfae6,2024-03-16,True
c8062e28994f,2024-04-26,False
ed9a7019fbd8,2024-10-02,False
2c7bbab84c19,2024-01-23,True
33088063fb83,2024-02-09,True
41dd06dcb3ce,2024-06-27,True
3d05f8904cc9,2024-03-02,False
33979a79f0f9,2024-08-03,True
f1769e94761c,2024-11-10,True
ac58b32b1152,2024-03-18,True
a76a8ab95bcd,2024-06-26,True
ea0f71dc3450,2024-11-15,True
8970e97a0b76,2024-04-01,True
09bbbbe3381b,2024-01-14,True
2792cbdf1a1d,2024-08-18,True
cb700a82ec8a,2024-07-08,True
4954500d313b,2024-08-09,True
9f214d20d130,2024-07-10,True
65046a63d0ce,2024-12-15,True
968b2ccfd287,2024-01-03,True
45a3bb020926,2024-02-06,True
658ab1759204,2024-05-10,True
f29c7e7bcc48,2024-06-30,True
6c3127236711,2024-04-09,True
4a7d821231db,2024-10-07,True
16e430e750a1,2024-06-07,True
a84655767ffb,2024-02-12,True
04855e1d5c78,2024-06-03,True
ff7b9658c46c,2024-08-05,True
fac7d6f99688,2024-12-09,True
b9daa81bf773,2024-05-31,False
457ad16e94ec,2024-11-15,True
1e3b7d8a95a8,2024-01-17,True
b8673c2022df,2024-12-18,False
307cd685cd86,2024-10-18,True
28777c4a2dde,2024-06-09,True
b8ecb40bda46,2024-03-21,True
27437614402c,2024-12-22,True
c883639fd47c,2024-09-07,True
e35b6f748666,2024-05-29,True
81f5297fe4d2,2024-01-14,True
63f5df962548,2024-09-24,True
6dff9018a7d0,2024-09-19,True
0a3181595fa2,2024-05-20,True
9ff5e2e52e79,2024-10-04,True
e9f86d12bd4e,2024-01-14,True
b78f9af19f44,2024-07-27,False
e93d8c3b87b4,2024-01-15,True
b49bbae27c74,2024-08-12,True
f74524b2565a,2024-04-14,True
945c5b55486c,2024-11-15,True
e978c26129ed,2024-07-11,True
1b08db964d82,2024-08-06,True
a68e55d294f3,2024-12-01,True
36bc96015b43,2024-01-24,True
2f5d766b80af,2024-02-07,True
5dd6dfa18ba6,2024-09-08,False
04f927df8ef7,2024-04-02,True
cf1f7a4d232b,2024-02-11,True
83039f044f8f,2024-05-20,True
28819ffc9df5,2024-08-30,False
4648e48ac89a,2024-12-25,False
d1b73bb66f2a,2024-12-23,True
68b6a2bf5bbf,2024-07-07,True
8437541f1fa3,2024-02-09,False
c579b2d1edcd,2024-11-12,True
f1a548bc302d,2024-01-27,True
d05326a2f7c9,2024-10-17,False
7199fe4b8351,2024-10-09,True
cf405b5fd7bb,2024-09-21,True
83082151dd28,2024-09-09,True
d66b98e45e71,2024-05-26,True
4b1831f03b64,2024-06-04,True
cf35691a5bbd,2024-08-17,True
dbc5a4e6a3de,2024-07-22,True
688ebc87d61d,2024-10-05,True
944ab077e8e0,2024-12-18,True
261061753d7a,2024-09-03,True
3a91e5db39ec,2024-05-27,True
73e31bf0108b,2024-03-24,True
238b029041ee,2024-03-25,True
f9588aa99b01,2024-11-05,False
335e384df7e4,2024-10-21,True
91b0218713dc,2024-05-08,True
07f5dc4acf2e,2024-04-24,True
2a103cc48899,2024-11-06,True
2911d85c470f,2024-04-26,True
72261aec8277,2024-03-16,True
226f8d257976,2024-04-24,False
1fac899d5af7,2024-05-29,True
1769c59a3781,2024-02-15,True
f1cfef8b6173,2024-04-16,True
874955a036d1,2024-01-20,True
de86db594321,2024-08-16,True
365c0172ca9e,2024-10-14,True
02eddcacfbf6,2024-02-20,True
8c8f4f2a5bca,2024-10-30,False
0c090896648a,2024-10-31,False
6549f4d0f79c,2024-08-31,True
fa1fbf644236,2024-03-13,False
6fd7b0261c92,2024-06-27,False
f40abf91ce10,2024-05-21,True
60469505de55,2024-03-24,True
9f109f5a5394,2024-09-10,True
4b5cfdf59f80,2024-05-07,True
bdd3650ff2db,2024-12-16,True
8a5976da423f,2024-02-29,True
76f17d34711b,2024-06-19,True
006b55f97f6c,2024-12-09,True
f5b7613a6f80,2024-06-22,True
7a57b6b94c44,2024-04-06,True
e04bdcd80fd5,2024-06-05,True
831ecd07f6b7,2024-07-17,True
ce30e90264e6,2024-10-08,True
8c2b725a6e2c,2024-03-24,True
f7a1b26dc1ce,2024-10-23,True
321375f0ebc6,2024-05-09,True
103749fdc0cd,2024-05-23,True
7c9bab7f6622,2024-09-17,True
118ce290f119,2024-01-30,True
562f40f0ec2f,2024-02-20,True
3d27531bca83,2024-08-01,True
53f669e1f96c,2024-03-21,False
82d38abbfc12,2024-09-15,False
000052045552,2024-03-26,True
4f3a67bb1bb4,2024-08-06,True
ae9306646d9a,2024-02-17,True
4e6dc0ec880f,2024-11-28,True
01d16b0d56b3,2024-10-16,True
dcccd2932d28,2024-10-29,True
09f3b12f1f20,2024-01-02,True
ddec14bc49a7,2024-03-04,False
954862adb238,2024-04-04,True
1b1177e3f3f4,2024-08-12,True
ad88371ba36a,2024-09-07,False
32cd61479b6c,2024-03-08,True
3c13bd0e9967,2024-09-16,True
22520527a56e,2024-04-18,True
cf289c13196b,2024-04-10,True
623e37fa9fe8,2024-02-09,False
89dafb4a5c05,2024-12-06,True
51cb31989113,2024-11-06,True
ebb7a49ce1ee,2024-10-15,False
f172ccc95d76,2024-09-18,True
e5ce562dcb06,2024-05-28,True
35daa09d42ec,2024-03-06,True
f81f084332e8,2024-01-30,True
7fb5482d29fb,2024-04-21,True
8f331dc7fe06,2024-05-04,True
5baf51f7b4a7,2024-09-17,True
9dbb4f83e5e6,2024-04-16,True
520403d43df9,2024-03-12,True
89a863781ab1,2024-09-20,True
b801cdad8c6c,2024-01-03,True
40577714f74f,2024-02-08,False
ca30aad9650b,2024-08-21,False
a49a9558846d,2024-08-20,True
8c0d5ba4e3cf,2024-06-22,False
2f3b4f24a1a8,2024-11-12,True
9301c185ee97,2024-06-13,True
1bc68ec561b5,2024-01-23,True
075fb46521b0,2024-07-30,True
211c07642dc2,2024-04-25,True
f67d3eb51d1c,2024-01-15,True
05d0662e1c1c,2024-10-16,True
9eb327208541,2024-02-14,True
0df6b26b4c06,2024-10-24,True
820bf35b1aca,2024-09-17,False
7b2b6cc2978d,2024-11-12,True
35cc575a39d4,2024-04-26,True
99bf5b2636a7,2024-05-06,True
813d26b52e4d,2024-08-07,True
639dd2417c63,2024-11-29,True
7f38f0ac366d,2024-04-25,False
50889da4321b,2024-01-04,True
ee08cc42df5f,2024-04-18,True
913a3f3af4e5,2024-08-23,True
fd25ca854460,2024-08-29,True
426a9f57e6bc,2024-01-11,False
223c70fde6f8,2024-03-16,True
22af56ed1320,2024-01-26,True
c9fad06ffdb6,2024-07-14,True
f49b829f6830,2024-07-10,True
d47af298e2ad,2024-02-28,False
2bf319b287f9,2024-01-10,True
5d16f5e787ae,2024-06-21,False
f2a63978a35e,2024-03-30,False
d1b535a8faeb,2024-06-09,False
ad1fde814be1,2024-01-10,True
83093bd93839,2024-06-24,True
57fcac8c8bc6,2024-04-11,True
84639593aecc,2024-05-28,True
5959b3653ac7,2024-07-14,True
90a9da77c61f,2024-03-26,True
f1b46ec462ba,2024-03-03,False
cd0a6d77227d,2024-04-22,True
7decc26367ad,2024-12-05,False
3302fbe5d8fa,2024-08-29,False
00293586801c,2024-01-12,False
546a7f6ada4a,2024-08-23,False
85c9feec63e8,2024-09-20,False
c68215b06547,2024-09-28,True
49f4889f9664,2024-12-15,True
48b9f4a85579,2024-12-08,True
61b3369edbc6,2024-11-28,True
ad192a602fc6,2024-06-10,True
268e98026541,2024-11-30,True
57d3c2093f43,2024-09-23,True
1c741db3ef1d,2024-08-27,True
2226209f105e,2024-05-19,True
d76050dfd5a0,2024-10-01,True
56713521b566,2024-01-22,True
d15b1147062c,2024-07-26,True
8e2c2f86eeca,2024-08-06,True
08a49f1867d2,2024-06-20,True
7fca6db9557d,2024-12-06,True
2aa0dcca2c35,2024-12-12,True
3863cc572983,2024-06-08,True
3da063bbdaff,2024-04-22,True
cb1b7cbeda27,2024-02-11,True
d14dee8090a3,2024-01-23,True
f5d612a39160,2024-03-09,True
034fefe359db,2024-02-19,True
d8ef4c7c1ae9,2024-01-07,True
a9eb8866829c,2024-11-19,True
189e490d18bc,2024-12-05,True
77105a2f81c7,2024-01-02,True
49082d2ef963,2024-05-09,True
b634065d71ce,2024-04-16,True
aa3bd066a42e,2024-08-16,True
fc6f7829bff5,2024-11-27,False
6e426e9e9105,2024-03-23,True
cce5887cd611,2024-01-09,True
88d358fd7fbb,2024-08-06,True
c801a340add1,2024-02-16,True
0abcab73b9f2,2024-09-22,False
3b9dbc7f9627,2024-03-04,True
7ca4c30e2ad8,2024-03-06,True
6cb5bf646358,2024-07-13,True
a6506b7a4cf8,2024-08-04,True
cb477d963ea6,2024-11-25,False
85862b3c7a87,2024-04-24,True
1c20255b5458,2024-07-30,True
976f3744077e,2024-09-17,True
a56c4541cbae,2024-07-12,True
bac004aa8e66,2024-05-27,True
d2421d7f5960,2024-05-18,False
cde4f412a8ce,2024-07-25,False
4aa502d410c0,2024-07-25,False
3c939ea8ce15,2024-08-01,True
c15c91847342,2024-09-17,True
ccef53863d5f,2024-03-14,True
65b489a6aac4,2024-11-27,True
cd4ace34520b,2024-11-03,True
0aba355c4152,2024-06-21,True
818b5a4d9000,2024-09-06,True
5059eefda015,2024-05-17,False
c3a05919c309,2024-10-19,True
39444a7fb721,2024-12-21,True
0b32469c480f,2024-09-04,True
081f97608200,2024-11-16,True
a70be56a0c80,2024-11-22,True
5767aff4eca3,2024-04-10,False
76702adb1711,2024-11-17,True
aae2c04f42de,2024-02-27,True
ef78b330291c,2024-06-11,False
4d3107574e79,2024-06-02,False
c0e265b9fde8,2024-05-18,True
c27b1d3c66ea,2024-04-15,True
be8398f90b9b,2024-10-23,False
37d09dc4865d,2024-09-06,False
16a41c687c88,2024-08-04,True
e9a75fa1b1e1,2024-10-13,True
44f85b4328d9,2024-02-03,False
3c7a2ab10eb1,2024-03-28,True
40530172122e,2024-09-10,True
acb8838cbac6,2024-11-04,True
52b34c99c719,2024-10-22,True
8d900d0e6fa7,2024-01-31,True
bc4e0293ad00,2024-11-05,True
098aeba9f357,2024-05-09,True
d6381b01ddc3,2024-03-17,True
4c977d220d04,2024-04-20,True
ebb8ca432aa5,2024-11-27,True
f0b6f3753d86,2024-09-21,True
bbd1e4d32deb,2024-07-02,False
a57f23f7f47a,2024-01-13,True
a815c16f729e,2024-10-27,False
f34841ff88c5,2024-01-27,True
3d25c949dc73,2024-08-21,True
4108231e4659,2024-11-07,True
7aa4f409d022,2024-08-12,True
bebb0b5d8997,2024-03-03,True
e30e5de6a0db,2024-04-13,True
d2db88d75eea,2024-06-13,True
af2daf9c2f49,2024-09-22,False
8a80d90debcd,2024-02-02,True
5f68d7ff56a2,2024-10-25,True
6cc13a1bdaa7,2024-04-25,True
8ae2b653f0fb,2024-07-06,True
89e48d4b46bc,2024-08-07,True
9f436e0c095f,2024-06-20,True
cb2d463d4315,2024-07-12,True
80cbc224ed7f,2024-03-21,True
8593e1c74e44,2024-06-15,True
10c84e19e188,2024-04-01,True
7157760a7f21,2024-10-12,True
70dc6c01c685,2024-09-17,True
7298fd42f836,2024-07-11,True
b343f0758e86,2024-11-10,True
4ad760c9313b,2024-08-16,True
b158979efb15,2024-04-18,True
96d6280464fe,2024-01-18,True
3eddd509ec91,2024-03-18,True
43d75122ee76,2024-03-28,True
a04f934db71c,2024-09-06,True
061e2ffee1a4,2024-02-29,True
89a773463c9f,2024-07-18,True
da2f6b367f8d,2024-07-01,True
f00492793c23,2024-01-19,False
9730928201c6,2024-08-27,True
d9fbe0aa4e4d,2024-08-01,True
7cd41edb6466,2024-05-12,True
f4d4c4f9ecd6,2024-03-04,True
66acce90c7f4,2024-05-30,True
0b1ad9962178,2024-03-06,True
5f73b5d63593,2024-06-11,True
c7272a1ff5e7,2024-03-24,False
c1771c560048,2024-10-04,True
2531de672201,2024-09-19,True
af85933e45fe,2024-11-26,True
05738176a6fa,2024-03-09,False
1bc96d4db1c9,2024-07-02,False
8cfc2140ff9d,2024-06-07,True
f75a6a1195c4,2024-04-21,True
c83566a9be10,2024-06-17,False
388a130d384b,2024-02-26,True
614903f9afa1,2024-05-01,True
a043ba77c623,2024-07-12,True
5ea85639d31f,2024-07-06,True
8430b44c477d,2024-08-29,False
3ad57840c112,2024-10-19,True
82481ca5a307,2024-12-01,True
c884b2b0c1d7,2024-09-02,True
51fea9e1a472,2024-12-22,True
ab5ddecf9c41,2024-11-01,False
6b925307d41c,2024-06-18,False
ae47bcda0291,2024-09-02,True
9c3b922837a3,2024-06-10,False
295dca4f77c9,2024-07-17,True
eb6f74b635b0,2024-03-03,False
02b02718ca1a,2024-06-26,True
7a6852044fa1,2024-07-20,False
4b3685584f6e,2024-04-25,False
c69b7198857d,2024-05-21,True
472d9186edfd,2024-09-12,True
22948acc7094,2024-07-12,True
025ab980f270,2024-06-23,False
0b7227e2f4b5,2024-07-31,True
56542675161d,2024-03-15,True
7fe2e02c1d45,2024-09-10,True
9c2d2e5bb9cd,2024-10-24,True
4cca46b49821,2024-02-17,True
690da94388a5,2024-07-02,True
8b62113212de,2024-02-21,True
2d6f61ffe959,2024-01-15,False
43403b7bbadf,2024-07-20,True
f73cceb0d3b8,2024-12-13,True
c8190e521a5d,2024-09-06,True
93fc05f6ae02,2024-12-25,True
1e058ccc90cc,2024-01-10,True
95aa58990295,2024-04-26,True
937262bd236f,2024-01-12,True
9b7bf0988ad9,2024-05-03,True
2ccc5f29078b,2024-02-24,False
8cb6806a7d53,2024-05-29,True
d41a7cb034d9,2024-06-24,True
8e22468768d2,2024-11-13,False
592614aa580b,2024-10-03,False
caf074e3a064,2024-05-05,True
b9f394e9bc2e,2024-05-29,True
8fd6efb76ef0,2024-07-01,True
e6a5abbc5de6,2024-03-22,True
30626218ee26,2024-09-16,True
1fcde73ef242,2024-04-17,True
a7070839b5e8,2024-04-12,True
5a7150f9f172,2024-10-28,True
b74f071b9dad,2024-08-25,True
a771c3fcd9d0,2024-02-14,True
ba8d1119adc1,2024-01-06,True
31ed450ff1c8,2024-11-28,True
8a1064688b15,2024-10-10,True
25a8257b00d7,2024-12-23,False
d1312792e1f1,2024-08-25,True
93b531ad3ce2,2024-01-12,True
63e3adc1d31b,2024-01-26,False
9b1c218024c4,2024-09-03,True
3bcb5ff92f96,2024-02-25,True
96da815bcf9c,2024-06-04,True
75321d3f5cf3,2024-05-26,True
aafd9fda3846,2024-04-29,True
c1b173d3dea1,2024-09-07,True
a3995fb8ca3e,2024-10-01,True
313f0e2fc8ac,2024-05-23,True
33d6041d62f8,2024-08-27,False
b8189392e5f3,2024-11-19,False
2181e7be0949,2024-11-22,True
711b739145ca,2024-07-30,False
fc21535689c1,2024-01-05,True
4b2affd533fd,2024-08-23,False
9eb02b6e37f5,2024-06-19,True
c7d0f6e33de0,2024-12-18,True
1e5d18b8c0b6,2024-04-01,True
a605a781e287,2024-10-15,True
50f9f22bbd13,2024-06-25,True
31c154e3ef2d,2024-03-16,True
527754fe9abe,2024-02-27,True
c4199497e8a1,2024-06-15,True
edba5c13e581,2024-12-05,True
ef9866a2649c,2024-10-06,True
47d777da0fe5,2024-06-04,True
48de3b66a63f,2024-12-15,True
ce32f2a556f4,2024-12-04,False
e22ffe0a6fa4,2024-12-01,True
885d6e9bb249,2024-05-06,False
e1e3aaf3101d,2024-06-22,True
f88876f1c135,2024-09-01,True
83348fe08ed9,2024-10-07,True
a38c5520f64e,2024-01-14,True
6f8a0b343a6a,2024-11-12,True
15ec63f9b58b,2024-08-01,True
765e817c5e27,2024-01-04,False
4deee6547024,2024-12-25,True
a9b20a89d355,2024-10-21,True
9bc53000ae9b,2024-12-04,True
f04087b20995,2024-03-06,True
65fc56d7037c,2024-07-26,True
21a3b4422ee8,2024-07-31,True
445b52fb33bd,2024-06-29,True
d1be94b8f042,2024-03-08,True
49dbc47df7cb,2024-04-05,True
babc456ef422,2024-02-18,True
fc1caec817c4,2024-04-27,True
814044333a70,2024-03-21,True
c70f75ed9c24,2024-12-19,True
0aa782284e32,2024-10-07,True
f63d2cd86b4b,2024-09-09,True
9740814164d3,2024-02-28,True
8f6419396726,2024-06-05,True
61cddf62f434,2024-03-28,True
c9a715ec6b21,2024-07-09,True
314dcbbc6505,2024-10-11,True
27c94e798dfe,2024-03-04,True
6491e552c77d,2024-06-08,True
7f87ffcc0baf,2024-09-25,True
7c7ae2518d10,2024-02-01,True
f62402430d1e,2024-02-27,True
6f994bce4240,2024-01-16,True
5c9ebd7333ef,2024-07-09,False
fe440fe41ccc,2024-04-17,False
a8b90965de4c,2024-03-19,True
d580185b9f32,2024-02-18,True
d04452875181,2024-01-12,True
d1049cfef15a,2024-11-28,True
6214deb245c8,2024-09-29,True
031b62410a11,2024-04-12,True
b43271476a99,2024-12-22,True
50d476322dce,2024-02-21,True
68f647585f1b,2024-12-03,True
10f86efbd8e7,2024-02-10,True
0a403135b92b,2024-11-21,True
dcc6c735e092,2024-09-04,True
e3cde721a740,2024-01-23,False
ffa216103ff2,2024-11-17,True
c6779b8a9cd8,2024-11-04,True
696b9a3729fc,2024-12-17,True
19ffbfeb30f2,2024-02-22,True
392feae39068,2024-12-13,False
94aa9d907435,2024-04-05,True
23492172bbbe,2024-02-09,False
7a71dfb75e73,2024-05-09,True
223c994a6d27,2024-07-17,True
c16f68605655,2024-03-04,True
0e02e2d14c38,2024-03-30,True
749a13186f69,2024-06-20,True
fc93c2e456e5,2024-11-27,True
2dc9cc9645e3,2024-08-07,False
6dd8db6ef6b0,2024-05-14,True
07760aced261,2024-03-20,True
6ba2a4659c94,2024-06-15,True
bfa8d5b4f6e5,2024-07-06,True
476613982dd9,2024-03-24,True
df680a33f536,2024-05-30,True
56451d205f20,2024-04-30,True
c6741f416f51,2024-06-01,True
da11c76fe5f0,2024-06-14,False
cf09cd00b3b1,2024-03-21,True
4a8921beb774,2024-05-19,True
95e89384d73c,2024-09-14,True
bc06db697539,2024-04-09,True
b5f28f0d753d,2024-08-07,True
411c4883f628,2024-06-15,True
38ca5f7a0a79,2024-06-21,True
7d47dccc1828,2024-05-25,True
40ec58763988,2024-07-13,True
9158067df753,2024-07-19,True
ae377415ce4d,2024-10-22,True
031a33455cd5,2024-01-07,True
9ca6af9b2c40,2024-11-30,False
67d38271f250,2024-11-26,True
468feefff981,2024-04-08,True
3cf915c7512a,2024-06-15,True
8b36415727c3,2024-05-11,True
005ca01d7ce5,2024-12-25,False
11bb19209ea5,2024-12-10,True
c8e96e193c72,2024-02-25,True
9e9b9c3602d4,2024-10-15,True
a1d3b267cbbb,2024-03-28,False
ae7b242db85b,2024-07-28,True
09d8befe43c3,2024-06-15,True
ccda8d19f9a9,2024-01-17,True
33af23a49eff,2024-10-24,True
10366458d77c,2024-06-18,True
b36cfbfeb21a,2024-07-21,True
834f36fbc8c9,2024-06-18,True
f1c65a3ad19e,2024-07-05,True
5e15e44e1cb8,2024-01-13,True
b12222a8c31c,2024-06-01,True
8b1fab106853,2024-08-21,True
589e2e1d53bb,2024-12-16,False
eb1277980e43,2024-04-29,True
0cc0869e9f48,2024-02-10,True
93d0dc49d8e2,2024-10-21,True
50783973f2e8,2024-05-09,False
d01dc6f3acf4,2024-11-14,True
baaa6fe89a65,2024-06-24,True
3c76b76382ee,2024-11-29,False
a354101db278,2024-03-02,True
9dbfaf2b07e6,2024-06-26,True
6a196a7d2533,2024-05-29,True
50fa9b9d1564,2024-08-06,True
8da1db6f9083,2024-08-25,True
de796b788e76,2024-08-10,True
bae5a51753c9,2024-11-15,True
a79b70e093da,2024-02-10,True
827f1f110f53,2024-04-07,True
259ac8dd145f,2024-05-21,True
ec7f29e6e26e,2024-09-02,True
c19e1800dac0,2024-03-03,False
aef8693708dd,2024-09-21,True
b0f334ff0ab1,2024-10-21,True
378349d43dfc,2024-09-23,True
a463d579b9d3,2024-11-04,True
31dd869d173d,2024-12-04,True
38c26910c886,2024-09-24,True
9c275986fe43,2024-09-27,True
b2587be7aa1f,2024-04-11,True
f06c417f262d,2024-01-28,False
aaef539cb91d,2024-12-13,True
770bb5bf5ac6,2024-10-17,True
ab6c72192e60,2024-04-04,True
66e085bc941f,2024-11-08,True
6fba128ef61e,2024-11-13,True
e8c3ffbf0e63,2024-09-11,True
c35fc167cf03,2024-09-06,True
64ba966192c7,2024-02-14,True
83fc2311854c,2024-05-09,True
1df123549a55,2024-04-10,True
a688b03526c0,2024-05-08,True
d01ef7de7247,2024-09-19,False
453de74e38e9,2024-06-26,True
807175815433,2024-12-06,False
76bc5cd3bf2d,2024-03-12,True
e9fe9170412b,2024-08-18,True
b3e282a3469d,2024-04-24,True
5e71c5655d41,2024-04-26,True
c8ac19c80a72,2024-07-14,True
13169e2a544e,2024-04-13,True
43da23c2850b,2024-07-29,True
bb90bdd054ef,2024-12-24,True
e352fe44fdc1,2024-09-29,True
bbfc3d401bfa,2024-02-29,True
24213bd25e01,2024-02-14,True
0455ed3cd4c2,2024-12-11,True
cfa47efa96ff,2024-06-10,True
de4e681f7803,2024-10-30,True
3e2121a4a381,2024-01-31,True
1fd0b1381df1,2024-10-12,True
daeb56d139f5,2024-03-25,True
f8a2572a9c65,2024-11-15,True
64218962248b,2024-12-19,True
dfe84005a585,2024-10-13,True
5ea1254bb0a9,2024-07-16,True
17f2efdc0090,2024-11-16,True
a3cad0a98577,2024-04-05,True
229f2afc2586,2024-06-10,True
8df3ae8f754e,2024-08-21,True
ff7b54be97dc,2024-04-23,True
93f4179cff37,2024-08-26,True
8aad5c0de484,2024-08-27,True
f6c4412f79d8,2024-08-15,True
074ad4cf5c8e,2024-06-25,True
3f4209b909fd,2024-09-10,True
9a20c3cc6ef4,2024-10-04,True
9bcedea0ddd0,2024-06-21,True
4a64858cda24,2024-07-21,False
79e290aa1b92,2024-01-22,False
62e8497e08dd,2024-04-15,True
c1c0dc71c91e,2024-09-05,True
2da22f3f9907,2024-01-10,True
ef3421b30483,2024-01-05,True
84ed2c828e16,2024-07-15,True
c0cdd71cda5a,2024-01-17,True
c15c85ae1990,2024-05-25,True
91b5bbfbdb2d,2024-01-08,True
84a89f3bfb81,2024-08-14,False
31d693441a7f,2024-08-29,True
64da0593df5b,2024-01-31,True
730a127e5e0a,2024-05-16,True
8841b46ebac5,2024-02-02,False
e2fb4ce6f64e,2024-11-14,True
11c9453b0f3b,2024-12-19,False
2ebd2f98ae68,2024-12-13,True
d0024b3945d1,2024-03-26,True
0e3aa54673fe,2024-10-14,True
fb665abec2f2,2024-12-12,True
2ae8bbc49bac,2024-04-21,True
bc30cfd5949b,2024-11-30,True
0ac631aa4300,2024-11-21,True
170095c01666,2024-11-29,True
e5963028caa2,2024-10-21,True
43532a325af5,2024-09-08,True
ebda8e26dda4,2024-09-27,True
49cebf05a994,2024-01-13,True
ffc1f68febaf,2024-04-19,True
d78069c38438,2024-06-04,True
2f7cb1663d1c,2024-07-07,True
584be563752d,2024-11-18,False
8a7bc2ca3ea6,2024-08-15,True
7114ac2b0092,2024-05-15,True
7fb1c33df8cf,2024-05-08,True
e286903104dd,2024-12-20,False
a69d42cffd70,2024-08-23,True
6b4f10e727dd,2024-10-30,True
b131c0639444,2024-05-24,False
ab19618e8571,2024-03-26,True
7d759d73f1b2,2024-07-01,False
326d1a3d0954,2024-08-04,False
0a55d6aaed68,2024-09-29,True
99f747aab6da,2024-07-27,True
709011ef9db4,2024-04-17,True
8696ed688db0,2024-04-13,True
7944f0f49419,2024-06-25,True
88151187def0,2024-08-21,True
c52fad5a9a44,2024-12-09,True
18a24d43855a,2024-10-13,False
21ffbb60e2df,2024-02-09,True
a432d4e19aa3,2024-01-04,True
5f8e67ab09cb,2024-05-29,True
4c914a100ccc,2024-12-17,False
cbeb9ff02809,2024-05-25,True
898df97cd677,2024-06-18,True
ff2b50a70fb6,2024-05-23,False
b229287be8ab,2024-08-23,True
d522681158a0,2024-03-15,True
c3949094df06,2024-05-08,True
2daccd84bd46,2024-03-12,False
8eea5d6011c8,2024-10-24,False
af5e8bad5123,2024-12-15,False
5bdd1dffce60,2024-08-12,True
24261d9af0b7,2024-07-13,True
82c7f051124a,2024-06-23,True
c9b42fa92a75,2024-01-25,True
c3cf3f645f81,2024-03-12,False
64ba8756a2c5,2024-04-07,True
012ff33971e4,2024-01-12,False
73d98b88ed3d,2024-04-24,True
fb5884f1f2fb,2024-01-11,True
26c7b0bb7fb9,2024-10-29,False
9cb5798f61f6,2024-08-04,False
ad9c66cc5cf7,2024-11-26,True
255472524cd2,2024-09-04,True
134137edb8dd,2024-10-24,True
5dcf2be71e1f,2024-12-05,False
6df63b180a1d,2024-04-08,False
ce390ee9f372,2024-08-20,True
ea10eef13963,2024-11-12,False
c97b500a06d0,2024-12-01,True
0e4734211e60,2024-04-14,False
f5edb270ea77,2024-03-27,True
26576179ec04,2024-06-17,False
cd05514068d7,2024-11-16,True
8101211a6188,2024-04-26,True
7c02ee12d1d3,2024-10-12,True
70aedb0c566c,2024-02-07,False
a16abdeec5b9,2024-03-01,True
9ea4ba8e2cf6,2024-09-28,True
65fbbd546b6b,2024-10-01,True
18199ab3e919,2024-03-27,False
537f308a7c69,2024-08-20,False
7399bee1bd43,2024-11-06,False
332b0cb58f7a,2024-03-27,True
234688a2726c,2024-12-24,True
f23dfb441610,2024-07-08,False
2c7d321a3bcb,2024-11-10,True
158fb0f8762a,2024-11-20,False
562b75337c10,2024-05-12,True
0911963ef877,2024-08-25,True
fbaf9978a224,2024-06-08,True
b7b64c8a4486,2024-07-28,True
38a7a19d0231,2024-03-05,True
8fc72d495f88,2024-10-16,True
a05041134f0e,2024-05-25,True
798b18e6a4d9,2024-07-15,True
62fd3afc95f0,2024-12-13,True
cec873d89b7c,2024-08-23,True
2a24bb92f923,2024-07-09,True
c238e2546527,2024-01-24,True
e8743f80edf0,2024-08-05,True
6b52f10b7233,2024-01-17,True
30332d0fc39f,2024-02-07,True
97d9291eb48d,2024-11-05,True
58b027e52058,2024-12-07,True
4b2d973e3db4,2024-06-15,True
6b40a8fc8d2f,2024-07-22,True
a26368da8925,2024-10-18,True
30e4e7ad0e06,2024-08-06,False
d70aaadcdb8e,2024-09-06,True
ae5490c54196,2024-11-26,True
7ca333ff2cf2,2024-05-20,False
32ef0c07816b,2024-11-20,False
780c80ee813d,2024-11-08,True
45b736968b23,2024-07-03,True
702fd4e9f1a3,2024-07-03,True
933c2832fc3c,2024-06-22,True
676bae4fddfe,2024-09-03,True
8da83731a9b3,2024-04-06,True
2e2d1ab5c23d,2024-04-18,True
0b13ad084c0f,2024-06-06,True
7b73fd366a06,2024-07-20,False
6fcacfcf49b8,2024-01-01,True
4060f7def58b,2024-04-02,True
64ad2f00c9f0,2024-12-10,False
6e20689fef5d,2024-03-24,True
b7bb64a99aa8,2024-04-25,True
dcf10bbe1ee0,2024-07-24,True
65c87226a002,2024-06-27,True
c4f795586390,2024-01-16,True
850cd1648a72,2024-08-30,True
c809c270bdb1,2024-03-10,True
8498cccaa544,2024-06-22,True
948d8293b63c,2024-11-06,True
57f31dd1619e,2024-11-23,True
2546531af74f,2024-08-21,True
907974bfcde8,2024-12-07,True
e6466fa2c9ef,2024-09-18,True
637d530f865c,2024-07-28,False
839c71baf2c7,2024-04-28,True
07d61a29d1c2,2024-01-12,True
60cd7f2cd0ac,2024-01-01,False
ace71554b1eb,2024-12-02,True
67aa7ee5cae7,2024-10-04,True
6cb16eefa4de,2024-11-19,True
89fc6e3ad249,2024-01-23,False
46cadaf40125,2024-11-14,True
768580a78b24,2024-03-16,True
7eab812164fc,2024-06-14,True
1c1f9f651621,2024-10-01,False
69b246e02005,2024-09-29,True
a43d1d17a210,2024-09-14,True
92064463d28f,2024-04-17,True
2323c51a14b5,2024-11-06,True
f099aa8dea26,2024-07-18,True
e44991808394,2024-01-10,True
72069ce09002,2024-06-18,True
273ffc93b089,2024-03-24,False
574908b5d680,2024-09-28,True
412b440a1e60,2024-04-10,True
16abe4e55b6f,2024-06-10,True
860bfdd01b8f,2024-09-29,True
7a18d1921925,2024-11-24,True
505a7e3d0f4e,2024-06-27,False
755bb060cdb2,2024-05-30,True
fce9e3b81de8,2024-03-13,False
c5881976d1d7,2024-07-04,True
f8231270b518,2024-05-04,False
f8da4c6f82dd,2024-05-27,True
9b6aec9f44f9,2024-09-19,True
583dc2c80ffe,2024-04-18,True
5f98b7a1f0f2,2024-04-29,False
79d9e775e9c1,2024-12-16,True
7a291bed319c,2024-10-05,True
1ccfaa601be6,2024-08-22,True
60d9ae577dfe,2024-01-21,True
9aa6682608e7,2024-07-14,False
cb760f75e521,2024-05-21,False
b4331340159d,2024-10-07,False
3923645b961c,2024-03-17,False
b881ee1663f2,2024-01-18,True
f1c96a534084,2024-12-12,False
426b1448f187,2024-10-27,False
7650c886621f,2024-12-08,True
215530b53215,2024-01-22,False
8b5b626e6f1d,2024-11-25,True
7eb9fa9c114b,2024-06-07,True
36c0a51befad,2024-11-30,True
399782361155,2024-04-26,True
bf8524a3a320,2024-02-20,False
2618552dfea9,2024-08-11,True
784e807b4b41,2024-11-27,True
c7b029ea1938,2024-05-24,False
0e6a273f8c3b,2024-09-15,True
a96b8f2fcfb4,2024-12-24,False
3141c61c61c5,2024-04-19,True
206eb4702b22,2024-08-23,True
c6b0dc8d2df8,2024-11-19,False
51e34290bf3d,2024-05-03,True
35931103baa5,2024-12-19,True
ae665a35cc6a,2024-02-18,True
de6faddddb64,2024-11-19,True
0d7c3b009760,2024-10-12,False
0188ebe11f5f,2024-07-17,True
6d5abdfacb58,2024-12-12,True
02f741ea11a2,2024-10-07,False
a024ed218e8e,2024-04-14,False
dad551977254,2024-11-04,True
63b9ddc7b032,2024-01-15,True
e28eca01703a,2024-01-23,True
4c0f2870e99d,2024-09-19,True
003622fa02f6,2024-11-10,True
93fa04ef9fdd,2024-03-03,True
0694bb159fc0,2024-04-26,False
4e43c2311aff,2024-07-14,True
22296f2f77c8,2024-10-03,True
4a118fcd3799,2024-01-26,False
d27f904e7ae7,2024-08-27,False
5e6d9b52913a,2024-08-13,True
611b809bcac3,2024-10-29,True
6846e8641576,2024-08-08,True
86af01d81541,2024-10-01,True
159106364c4f,2024-02-26,False
f61f12f8e900,2024-04-20,True
5ee848a51b6f,2024-06-08,True
d94437a7d918,2024-07-15,True
b64a4f9e41ef,2024-02-01,False
9a6b50c74cc4,2024-08-15,True
16f11789f3af,2024-03-29,True
194f401530b6,2024-12-08,True
fbf83cc74e7c,2024-07-31,False
7045dbb0f37f,2024-03-18,True
20a5348d353d,2024-07-24,True
07f950bdc8b2,2024-10-18,True
11314153303a,2024-07-14,False
e1379d824912,2024-03-25,True
2573ac57efca,2024-09-18,True
59cf9653a69c,2024-06-15,True
281221808788,2024-10-31,True
0f1491445150,2024-01-17,False
0a2d68c5ae1e,2024-04-19,True
77686fb25743,2024-02-16,True
b4284d55672e,2024-06-20,True
9a490b30d2b4,2024-11-18,True
f7b60ba38001,2024-05-19,True
b11074b14346,2024-11-11,True
7944454f7744,2024-03-06,False
800d1dcd0c35,2024-07-11,False
d94b67266af8,2024-06-29,True
24e0cf5c4256,2024-01-22,False
4d344886a12d,2024-02-20,True
a136bba1c6c7,2024-11-06,True
399df230a144,2024-07-09,True
604005b3e75b,2024-03-11,True
ffe3c0ae06f9,2024-02-26,True
46971171b4d6,2024-10-15,True
b491a1e003fd,2024-10-15,True
e2dc172aed2d,2024-01-30,True
7a4eef43fc84,2024-09-28,True
973b51daad93,2024-01-23,False
016233c36bcb,2024-05-24,True
323901adfe2a,2024-08-09,True
e544a78b1d0d,2024-10-06,True
06c6ac39d2b8,2024-03-26,False
ba3e635490d8,2024-06-07,True
aa8d5c368f48,2024-03-12,True
b2b9db68f1f6,2024-10-07,True
e7ed324e0a5a,2024-12-22,True
9a670006cd59,2024-07-20,True
f56d9ecd6764,2024-07-17,True
74868550f957,2024-04-17,True
a83b4c0a2719,2024-12-09,True
d18e80489259,2024-07-05,True
cf380629aceb,2024-01-11,True
a4577f299b64,2024-09-23,True
85c0fecdf93d,2024-10-12,True
441bbd10c7d1,2024-03-18,True
fc430d811c02,2024-12-10,True
f1edfafb1bcc,2024-10-23,True
089a5d14f929,2024-03-08,False
8c1f07d21b36,2024-03-08,False
9c2617e9e332,2024-11-20,False
789a291db62a,2024-06-20,True
ff1d248225cd,2024-03-01,True
0bc29406555d,2024-08-13,True
dc776e62c48f,2024-02-24,False
fc43be3e2b6d,2024-06-24,False
6114d6f5de2e,2024-11-19,True
440da6135b6a,2024-03-18,True
cb77f9ae8e72,2024-05-31,True
43fc53da2984,2024-03-27,False
41479e8ac8fa,2024-01-23,True
392b127d57d7,2024-02-15,False
59dd07bfb581,2024-08-18,True
6194fb6e55f2,2024-01-12,True
6c686fd3172b,2024-07-17,True
328ded3899d8,2024-03-12,True
351c67f6fae6,2024-11-01,True
7e909eac7a24,2024-02-14,True
f8319aa30a74,2024-08-16,True
60376852946a,2024-10-08,True
e64a5e3be5d1,2024-08-07,True
98bc3b465992,2024-06-09,True
6a2ffe692d79,2024-04-09,True
67662cf65165,2024-08-07,True
705f985dadb3,2024-06-16,False
d52e9fa5bcec,2024-07-29,True
a80f6a6d1cb1,2024-10-27,True
d7907cbb9bf8,2024-05-31,True
db2a9ed6ce92,2024-03-07,True
ce81a015277c,2024-09-23,True
c39de1d7dbfc,2024-05-03,True
dc06c1333065,2024-11-03,True
2962d5759262,2024-05-22,True
2db32a7322ec,2024-07-05,True
fd91d13a1a30,2024-04-09,True
84747c161bc0,2024-08-26,True
d234080e87d5,2024-01-22,False
17e8ada42791,2024-06-03,True
09c5cb22b14a,2024-09-12,True
135cfec48666,2024-04-06,True
cc584b6a7759,2024-03-07,True
1d24dfd177e1,2024-04-04,True
bab5434e371d,2024-07-12,True
492933d24c81,2024-07-03,False
0ff73dba4d9f,2024-04-18,True
10df8d6c40cf,2024-05-26,True
1857e11f4b06,2024-05-06,True
7801805d1c4f,2024-12-03,True
673e49ab4b30,2024-02-10,True
5a959222e80e,2024-07-11,True
b1099ff4af99,2024-03-10,True
e5f3d1f4e05b,2024-02-17,True
b97b4f500029,2024-08-24,True
0189f9fa3838,2024-08-05,False
9a6fbf57454c,2024-07-10,False
18aa24ebc8f9,2024-07-02,False
1ba04a5ce946,2024-06-08,True
9dd94a24be0b,2024-09-11,False
e3f796f9421f,2024-08-27,True
32e1972381cb,2024-09-01,False
0522246d16e9,2024-08-31,True
938d81f8c2ae,2024-11-18,True
79d70e733da5,2024-09-08,True
42b063fb9142,2024-08-01,True
e652beecdd6d,2024-08-26,True
86e5d81c0d41,2024-05-01,True
dafa9969a332,2024-03-19,True
3ddd5d48d33f,2024-05-24,True
966cdbbf8608,2024-04-23,True
70f535ae07fe,2024-03-09,True
bfaba334ceb7,2024-12-08,True
d00f8dd44d63,2024-08-26,True
b80f60675dea,2024-02-21,True
994994526320,2024-09-16,True
b51086567562,2024-02-09,True
53354829f978,2024-12-15,True
6ccf466fee1f,2024-06-05,True
16eb9a4617f9,2024-05-16,False
cfea7d46b24b,2024-03-13,True
1944ddbd6494,2024-08-29,True
08b0576d277d,2024-09-17,True
70f63805e524,2024-06-04,True
9683168f689a,2024-03-07,False
e1e3fa59b404,2024-05-16,False
b4588d6eae83,2024-12-03,True
e74f80df3ff9,2024-11-15,True
3481482ec456,2024-03-19,True
1db16dab87b6,2024-02-17,True
0b5d935585c1,2024-11-09,True
4c60179c8a6e,2024-09-28,True
9f542b62154b,2024-09-17,False
d129db7d8513,2024-08-30,True
9b0de07b6f2a,2024-03-14,False
fd577169f894,2024-07-26,False
26813fce5aa1,2024-08-25,True
b3da6d7775c2,2024-07-27,True
9e4a1dd3b88c,2024-06-15,True
6d88150f919d,2024-01-30,True
107b038b700c,2024-06-24,True
be1f32654356,2024-04-29,False
fe0785c82edc,2024-02-16,False
41c04f62c41e,2024-01-08,True
f529b546d12a,2024-09-11,True
f0a581b94798,2024-01-30,False
b80e46a557d2,2024-09-24,True
0562f2cb84ae,2024-12-10,True
c3bec288efda,2024-03-13,True
ec56ff245899,2024-06-05,True
9130d4f4bc43,2024-03-13,True
7d3a36b058e2,2024-01-03,True
d49b7ee42c0c,2024-10-09,True
1dd559a96ebe,2024-09-24,False
350988f05d2f,2024-02-22,True
2f089816ad99,2024-03-28,True
f1a4a311c026,2024-01-17,True
9e2ec7c66140,2024-05-03,True
7d2f83d8f007,2024-03-09,True
ba42a607b343,2024-05-21,True
5b10e9b874a2,2024-04-13,True
0a88de7335f4,2024-01-30,True
b4af0a1af6ad,2024-01-02,False
e1a4652a109d,2024-07-11,True
3ce09571b456,2024-02-03,False
6b8f05a91d30,2024-08-04,True
276073f02fed,2024-05-21,True
a9543ff98b27,2024-10-29,False
29bd3d7dd6ba,2024-04-13,True
6367c668f540,2024-09-02,True
7a17c238226a,2024-03-18,True
29bb7543169a,2024-02-20,True
17415422185f,2024-04-03,True
22b5bc7875d6,2024-03-26,True
c10978bd9175,2024-05-10,False
e0f1a7f351be,2024-05-04,True
1fef640877f5,2024-03-19,True
25fd4d383a47,2024-02-07,True
8e4c4e9a9e42,2024-06-06,True
1735ebb6a7a3,2024-03-28,True
5f50103856eb,2024-03-26,True
0430a1af1491,2024-10-22,False
d8b3eda6d412,2024-06-11,True
a1e69739e406,2024-04-26,True
fe776a0dfe28,2024-10-31,True
59a884e0665e,2024-01-06,True
57a4b900172d,2024-09-09,True
4b2e614aea2c,2024-04-23,True
ba54b4b81f64,2024-10-12,True
68b0f69f0b25,2024-02-01,True
90a44f21007b,2024-01-17,True
90873461c1aa,2024-10-11,True
c8e8b06e7691,2024-04-12,True
b00d44afdf18,2024-04-15,True
830286fdcace,2024-09-22,True
f2ef6d65e9d9,2024-06-08,True
52922776eea6,2024-11-23,False
bb15cc69dd6b,2024-11-20,True
8d3ae7c9b5ca,2024-06-17,True
7c7c6576dbc0,2024-03-20,True
40e72824e845,2024-07-18,True
3cc6b1a672f6,2024-03-28,False
f12413d5f012,2024-11-01,False
b93bb25991f9,2024-08-28,True
aa4bb15af076,2024-01-05,True
da9888c09f51,2024-12-15,True
7e96e6ab2fe3,2024-02-09,True
6abdbe35d1ce,2024-07-07,True
1f3933e33485,2024-05-17,True
cc0e520dd8ea,2024-05-12,True
4070a2178902,2024-11-15,True
a18e70cce8e3,2024-10-08,False
f35601f9b81d,2024-09-08,True
aaad6f67e8da,2024-08-11,False
e093d3120744,2024-05-26,True
d2904d6d0cac,2024-11-04,True
96a65ea8bf42,2024-06-03,True
ee277518e74f,2024-02-14,True
c35f279cc4df,2024-06-21,True
9d2614eb4ab2,2024-03-31,True
3d098cd4e75c,2024-08-16,True
c28767671fd2,2024-06-14,True
d792db72d5e0,2024-05-12,True
b593eb0fe905,2024-02-29,True
07e47fcfca11,2024-05-10,True
e21671fcc76f,2024-01-09,True
19f6630ee9d2,2024-07-11,True
77e0a3fea9ec,2024-08-29,True
a8e2795bf610,2024-10-03,True
b5a0e3e683d6,2024-02-09,False
fceb4cb189f4,2024-12-25,True
901e5b53ad6a,2024-10-08,True
e4aa76aa40c4,2024-02-16,True
50a557b178a7,2024-11-19,True
745fc131dc9f,2024-11-03,True
dc4c93618d3e,2024-06-13,True
8e7cd8759fa5,2024-01-24,False
05c802841bae,2024-05-13,True
a3ad95364ea3,2024-06-16,True
305b8e528b9b,2024-10-18,True
9a2826175085,2024-06-20,False
ab8c3618e0a1,2024-01-16,True
3de7d4ea3cf1,2024-08-01,True
723c1d067d9d,2024-10-29,False
df9e56549eb2,2024-06-14,True
0a0c2ae155c8,2024-03-27,True
444c00eccb55,2024-04-01,True
b09ecaebfb1a,2024-04-11,True
71ef3c973d5e,2024-11-23,True
15a1d940c57c,2024-08-01,True
98631a1b94b3,2024-04-08,False
d1f8af4a07e7,2024-08-26,True
3ae2cb98099f,2024-10-24,True
5f109e9d841b,2024-04-17,True
294de0c5be0a,2024-11-18,False
04b74dbed9e3,2024-01-30,True
ed39de16e4e0,2024-12-21,True
aba05bae139c,2024-03-01,True
d872b3956e4c,2024-10-05,True
27a1dacf5f52,2024-07-22,True
5e29047bbc6c,2024-06-11,True
90ee137fd388,2024-02-04,False
2e6d4fc44000,2024-10-04,True
24ad7d2413ca,2024-06-17,False
5b377c3cd606,2024-11-18,True
5a9e19478edb,2024-12-18,False
1ea157160b93,2024-07-16,True
81a04d541cdc,2024-09-30,True
bee65272e2f3,2024-05-20,True
b9b55750ba91,2024-08-08,True
2558a128463b,2024-11-09,True
bc78927dbb57,2024-05-03,False
29f758be7134,2024-04-15,True
5c18103e5eda,2024-09-24,True
a236a1893742,2024-09-18,True
7d3e4a58fc43,2024-08-23,True
19c013f5ced4,2024-05-14,False
f681087ddb8f,2024-10-04,True
e506ee018637,2024-01-07,True
70e002de77b9,2024-10-18,False
b0de6358c8f8,2024-09-26,True
aaa4e795a302,2024-04-05,True
862943553fc0,2024-11-28,True
0a72aade1a47,2024-01-29,False
7235d1ff899f,2024-09-12,True
ad1a937d526f,2024-06-14,True
c25c8274f173,2024-01-26,True
528fe56db3ec,2024-12-05,False
f025aefefbf2,2024-08-25,True
a76ccc933e21,2024-07-19,True
84b71bc8159a,2024-05-25,True
60ccdd12feb6,2024-07-19,False
9c9767a2d943,2024-02-13,True
1a878a238618,2024-08-19,False
3a25d20b218e,2024-07-30,True
51e4b080bb60,2024-09-19,True
a14bd8bdadcf,2024-03-21,False
766dc39c472f,2024-09-03,True
ffdededf3efc,2024-05-08,False
c208bca2eba1,2024-09-22,True
f0d61438732f,2024-04-11,True
7cef90c4aac0,2024-03-18,False
363ddce337f2,2024-10-03,False
8b5f67d99efa,2024-03-19,True
f4df01658154,2024-01-11,True
1eb95a567d3f,2024-07-12,True
0906107272d0,2024-09-19,True
13936aef4ef6,2024-03-19,True
5075f647285d,2024-10-24,True
a191b7524cd7,2024-02-29,True
40dee5e61ea5,2024-02-03,True
6c3dc97189a6,2024-05-13,False
b5d70f20cc40,2024-03-09,True
c2f67d8834ff,2024-01-31,True
23160f4dea07,2024-12-06,True
5490c41c21ad,2024-07-31,True
feece6f603e7,2024-11-02,True
ae343b99e59d,2024-01-27,True
6eea1b91b775,2024-02-20,True
6dd18c7e3456,2024-07-14,True
a4e8224c09e0,2024-01-11,True
97b089fde920,2024-06-21,True
b6e281e01fef,2024-05-13,True
2dc71d2fe054,2024-02-15,False
5bed303f8149,2024-01-11,False
ec3052fa8814,2024-03-24,False
0aedfd1789ae,2024-11-05,True
85065c80c029,2024-05-25,True
409d7c1c61cd,2024-10-31,False
6fcd15187ede,2024-08-14,True
d978622bcdf4,2024-11-10,True
aa47f5b335d3,2024-07-12,True
0b49b074284d,2024-03-20,True
53901a311e18,2024-08-11,False
58b86b0699d9,2024-04-25,True
88d5b9fee79e,2024-06-05,True
3b78103c4b7c,2024-12-08,True
9cd2667788fb,2024-10-28,True
02087dcf50fe,2024-11-11,True
c8fc1ed3b52a,2024-08-31,False
d7179067ca1a,2024-06-25,True
b602b2dfbc9b,2024-04-16,True
4ea9a5e26be6,2024-12-15,True
4f488beaa3be,2024-02-09,True
f85485665857,2024-12-21,True
decf648b7815,2024-08-17,True
69a68ae69972,2024-06-08,True
8ef0baf6973a,2024-03-22,True
f23e2f08d8dd,2024-09-10,True
4e976cd56a72,2024-02-01,False
85b0d133df7d,2024-06-04,True
e0f8d40139fd,2024-10-30,True
48eb4bc5ff75,2024-06-16,True
e2aaf8af8459,2024-09-05,True
a0e94f7aea08,2024-07-19,False
27c88458712d,2024-08-14,True
71c29a7b0a5f,2024-09-21,True
049d7d23e32e,2024-08-04,True
74f18f63ab5f,2024-07-02,True
ca9c821ba7a5,2024-01-26,True
688372a4774a,2024-07-04,True
1a76d855f6dc,2024-05-09,False
753d942bb1d5,2024-10-30,True
a65baa0eb4b3,2024-11-08,True
b166bdc1e498,2024-11-04,True
00724f6e1c6d,2024-11-15,True
a7ccd3fc965d,2024-01-09,True
465a1881eeb6,2024-08-21,True
954b6e42642f,2024-09-28,True
ca52e464fc16,2024-08-12,True
2c231987d3ff,2024-02-05,True
7cb94a798ea7,2024-06-22,True
9b8ebe011dc5,2024-04-26,True
40ceca757959,2024-01-14,True
832ca76ecce0,2024-09-18,True
6237ce0ce7c8,2024-12-23,False
20d5c938db41,2024-06-05,True
cdba9c63a7c5,2024-07-04,False
556258389240,2024-05-04,True
18f2e0553bfd,2024-08-18,True
f9349996fd8e,2024-08-09,True
19108ca5dcbb,2024-04-30,True
d0a0b5f01971,2024-11-20,True
db4de2b3518c,2024-02-19,True
9212ae9a6bc4,2024-11-19,True
6033b8672684,2024-12-22,False
f6bb02418331,2024-08-17,True
224aec5c38f5,2024-02-28,False
90a576f10654,2024-09-28,True
e5b1411e2139,2024-06-18,True
5db080f2bd22,2024-07-04,True
2d0d29629376,2024-06-10,True
e1f2359f6820,2024-05-09,True
c72042e5ed22,2024-09-03,True
32e046f48172,2024-04-11,True
1b1b051d1c3c,2024-08-25,True
3ca771b6dc34,2024-08-09,False
49e3de647a04,2024-01-14,True
35c75a286cb5,2024-10-15,True
eab01a11c891,2024-07-30,True
2c059bfc579b,2024-02-08,True
de3246604d84,2024-01-19,False
76a23b506b30,2024-06-28,True
719136b6f81f,2024-11-12,True
5c3d2189def1,2024-09-22,True
0cc276394401,2024-11-05,True
387013ff4783,2024-08-30,False
f1b1584f3780,2024-08-05,True
6f8fd12dc67d,2024-06-02,False
b4c507390fdf,2024-01-10,True
51cc414ad3d5,2024-10-02,False
b2c029bc3383,2024-05-29,True
1675e9aee95e,2024-09-10,True
8af0fbc707eb,2024-04-03,True
8f3e52581826,2024-09-04,True
be2174ae8361,2024-11-01,True
6be7d82afc65,2024-08-20,True
692612d1dab2,2024-04-19,True
50ff05598e90,2024-03-26,False
cfc95a6fda9b,2024-09-13,False
aa18db719c00,2024-08-14,True
bfed36d3bc14,2024-04-24,True
42f52286c092,2024-06-15,True
5abdc1ef7c69,2024-08-29,True
112c9e6ee059,2024-08-20,True
874a5d67d58e,2024-03-21,True
70747a27b593,2024-06-23,True
99eb3c19fc7c,2024-11-24,True
47e16cc60dcd,2024-11-07,True
98971c74c3f1,2024-09-03,True
4ec575fceae1,2024-08-10,True
005b191b089c,2024-08-08,True
73a932658743,2024-01-22,True
4fe61f7f7b54,2024-05-09,True
01d52b8554fb,2024-08-22,True
d58af71b00a2,2024-05-14,True
9710e878ca83,2024-01-03,True
4aded9eb66ba,2024-10-28,True
aaeafdd0d89b,2024-09-08,True
2a5eec86e8c3,2024-07-17,False
fe9fbe0a9634,2024-09-07,True
f1663dc8228a,2024-01-11,False
be3de4aef7a7,2024-01-20,True
c6b827a29fdd,2024-03-09,True
e0b31a730605,2024-01-19,True
16a28acbcc9d,2024-10-15,True
4c9c0fef8f40,2024-11-16,True
a74c6c6db3f7,2024-09-27,True
4fd52eadc907,2024-04-10,False
fee0840001b6,2024-03-15,True
8b413f56d9c8,2024-08-21,True
4d3c0af1a5f0,2024-08-01,True
46bb87c77c29,2024-11-06,True
acf7d534d6a8,2024-04-11,False
948266f4244c,2024-09-12,True
76a4c63eaf3f,2024-06-26,True
45bd0f78c63d,2024-10-01,True
ef71e9ca386e,2024-08-07,True
ab277f6ed9f4,2024-04-07,False
44b635599849,2024-10-28,True
1b3fb44b534f,2024-05-18,False
a62ccabfd5fb,2024-06-06,True
dad939b0eb08,2024-08-14,True
f2553eeb1926,2024-07-29,True
818549dd4f4f,2024-11-01,True
f5f98e54a2ea,2024-07-03,True
bcfc5db27264,2024-06-13,True
98a2df0e765c,2024-03-05,True
6f50a509a3f9,2024-10-30,True
d4697d996885,2024-02-23,True
466b82059065,2024-04-24,True
373a03f21ab1,2024-06-25,True
87633feea496,2024-02-08,False
3c860a94c9a6,2024-05-04,False
4a06b4f679e3,2024-02-25,True
6234e1e74937,2024-08-02,True
9ba2ee1251b8,2024-08-12,True
f9ad6f06c08e,2024-09-18,True
ad142c572c54,2024-06-04,True
99d6179608b4,2024-09-18,True
10a2e01bf963,2024-04-05,True
f40f7165505d,2024-09-10,True
e4b62632d76b,2024-08-30,True
010cd954ddc8,2024-01-28,True
aa3432832297,2024-03-21,True
42770011bad9,2024-10-11,True
d97e48df2ea2,2024-07-07,True
91715d47e29d,2024-02-07,True
966699eb440a,2024-07-02,False
ff02f5e543f8,2024-05-10,True
fbfde4dc53f9,2024-12-15,True
0a67a42a72f2,2024-01-12,False
5cb06d3cdc72,2024-12-22,True
cd8866f1aa68,2024-10-10,True
2f9cf5667370,2024-05-25,False
b479dff80a7b,2024-01-16,True
9913f6138d30,2024-04-26,False
cd96bb3555b8,2024-05-29,True
00c20da0e86c,2024-04-24,True
26d85b416105,2024-12-13,True
930068ad1f86,2024-06-10,True
124cd2003180,2024-05-17,False
5a4233d67c61,2024-11-25,False
6c47a668a9d1,2024-02-04,False
b6ff0423e747,2024-09-02,False
9fb150a55a86,2024-03-26,True
f9a4632522a6,2024-12-16,True
100fd6dcbf00,2024-10-02,True
a888fba08036,2024-05-16,True
5565eb47a593,2024-06-12,True
da642d44ecc4,2024-08-01,True
411e24837a2c,2024-08-27,False
75ecf1d78f6d,2024-05-01,True
8c8d600768eb,2024-03-21,True
b488cecfadf9,2024-07-12,True
5f0c02badc5f,2024-04-20,True
b7387596ade4,2024-10-21,False
77f284c235bb,2024-04-03,False
f34e95c21d7c,2024-06-04,True
6a3b99eac2bb,2024-10-31,True
75bd47c7a3a8,2024-01-11,True
e7eedf49cb43,2024-12-02,True
16df65d2f1ee,2024-10-01,False
ff104fc8c2b4,2024-05-13,True
80e163fb4559,2024-02-25,True
2a8c852134ce,2024-01-25,True
5512cda5f47f,2024-08-01,False
e607f400a086,2024-05-13,True
1da769be6096,2024-01-21,True
d61980badc00,2024-05-09,True
e13cd434fbac,2024-11-11,True
a2c3fc3883dd,2024-11-30,True
e9d06179ad39,2024-08-01,True
30277f95c112,2024-09-20,True
228139c36069,2024-01-05,True
c2f17bb9e1d1,2024-05-09,True
e57fe5435929,2024-11-22,False
e2930a6e71f8,2024-05-24,True
c8018a1d0f11,2024-09-12,True
45ea279566e8,2024-07-25,True
61a1a2e0eb9d,2024-11-11,True
32b3d596446d,2024-07-16,False
9e24f4288212,2024-12-04,True
a43dac993cc7,2024-06-06,False
4a33d81a778a,2024-03-19,False
a71456ac9fed,2024-05-17,True
b26290006725,2024-02-04,True
8b0014a58d28,2024-07-15,False
1491ec668817,2024-12-23,True
72c851f46085,2024-03-02,True
a19ef3efd86e,2024-03-24,True
e15dbe3ed9ac,2024-04-03,True
14257e11f04c,2024-10-21,True
5a5b123a4cd4,2024-03-07,False
f95f6fa31b35,2024-07-14,True
23d891a1388a,2024-10-15,True
dd84138e3cff,2024-10-27,True
cd289a4c4330,2024-03-13,True
3977e41ee512,2024-07-20,True
625e4a618826,2024-03-03,False
0514bc07e771,2024-06-08,True
dbd9db32e2ec,2024-07-18,True
2ed04642938f,2024-05-15,True
ac042d5a4827,2024-07-25,True
b92038574c07,2024-05-20,True
e3a9d0da771f,2024-08-14,False
69784f5ae517,2024-08-23,True
83e5707609e1,2024-08-09,False
6e7f611a0996,2024-05-23,True
3f1920985de0,2024-03-04,True
cd18f0d0907f,2024-06-07,True
5c07844c9284,2024-12-25,True
6b32f41a2a42,2024-01-08,True
388a6cac1601,2024-08-26,True
79c07f205242,2024-10-05,True
392f2cd38a37,2024-01-09,False
a081a009fe14,2024-08-01,False
6e48d69f1622,2024-01-29,True
2aad09afb177,2024-10-08,True
c91eabf5bce2,2024-09-28,True
7d1d2a47c805,2024-03-08,True
827d82d8219a,2024-11-27,True
4d4f705cf420,2024-01-09,True
fed55c8a7c14,2024-03-30,True
73e1aa0426c2,2024-09-05,True
8b520b3dcc1e,2024-08-28,False
6293b39928ee,2024-10-08,True
bc48ddb8c769,2024-05-22,True
0ea10d5aca82,2024-12-18,True
ff9d7d75905b,2024-05-12,True
7147ec73bd00,2024-06-28,False
d28f69c7c9f7,2024-02-21,False
6f8ff9512649,2024-04-17,True
c94ab14bb388,2024-08-10,True
74aea479072a,2024-03-18,True
f6f9b756058b,2024-06-26,True
fc5cc1e71ccc,2024-09-07,True
e0d1ffb3ff1a,2024-03-03,True
ec7ce33855b6,2024-06-03,True
7a05e5c1b1dc,2024-08-22,True
727601fa3c3b,2024-07-07,True
02cc5e85acad,2024-01-29,True
c7cf8d875856,2024-02-07,True
a76c427e9d71,2024-06-14,True
2cfc207bee1c,2024-10-23,True
9918e094fb8f,2024-06-30,True
3b229ef37245,2024-11-12,True
84affe8eb64c,2024-03-25,False
e8f627d4ea0e,2024-05-15,True
6c5851d34541,2024-10-14,True
4de01ff2a094,2024-12-09,False
c60e2cb9cad3,2024-10-13,True
167ff2b853da,2024-10-24,False
376be852bef6,2024-03-14,False
0173d1e17ed7,2024-09-22,True
b9a6204efc82,2024-07-22,False
0117824626e4,2024-05-08,True
91e9d386088b,2024-03-21,True
1ce397f2fbed,2024-06-15,True
ddbe7b7e827a,2024-07-20,False
49d3c1f21f14,2024-09-23,True
ec7867b570f4,2024-08-13,True
7b1670ecc6e4,2024-10-11,True
211413eea0a8,2024-05-18,True
2b15003059c2,2024-01-27,True
4981151d6f5e,2024-04-08,True
584e183003f4,2024-05-16,True
20690a2e70df,2024-03-16,True
592ccf41b05a,2024-02-04,True
756493425e22,2024-09-14,False
45c0ed3d0332,2024-03-05,True
be922d11d71a,2024-06-27,True
cb31653c5932,2024-10-27,True
35c2782946da,2024-02-29,False
a1f2de61e565,2024-12-16,True
2efd5678953c,2024-12-05,True
bed6c9a82b0d,2024-09-02,True
0c3c9230fdfe,2024-01-13,True
81c26af5d3a7,2024-03-02,True
65844b21b39d,2024-04-30,True
1cf2cb9e329e,2024-09-15,True
0f2c9470c665,2024-05-13,True
2215c51686b6,2024-03-03,True
a38eede9ca5a,2024-10-25,True
e1ab1847ac83,2024-09-28,True
032570436627,2024-06-19,True
b3203951f508,2024-10-24,True
8267350f7d6c,2024-01-11,True
f323d959c859,2024-10-25,True
e83be44538a2,2024-04-06,True
b3c7d18af790,2024-02-06,True
98787366c5f1,2024-11-29,True
795b98a29174,2024-12-17,False
d7a942c84862,2024-01-27,True
51017827596e,2024-06-15,True
dbbc2c550834,2024-07-13,True
de4f18f2f066,2024-11-28,True
9885463e215a,2024-02-26,True
fbf098cf59b8,2024-06-24,False
9e5bcc1a03b7,2024-12-18,True
84af08a8e2f2,2024-08-14,False
62dc1b6d20f4,2024-08-23,True
61419e652505,2024-04-30,True
3a2235214647,2024-05-20,True
eb3703f00d0d,2024-11-11,True
9e3c05aa5d54,2024-01-26,True
88165fed3fde,2024-04-22,True
2d9d44a6c539,2024-03-17,True
ea01b2f8990c,2024-04-08,True
ded0d4ffd295,2024-09-24,False
f27772c6487d,2024-03-13,True
e0d002f2ed38,2024-07-15,True
bb7aae40db5d,2024-11-02,True
04e0c437658f,2024-01-09,True
9515a646b08a,2024-05-12,True
8f3f3922b214,2024-06-22,True
1a13ff3e658c,2024-08-24,True
992036d7f763,2024-07-25,True
1fe9b0ff890f,2024-04-28,False
cb7fb8768e8d,2024-08-24,True
d9483fccfe6e,2024-02-03,True
f3bd9bd7cf65,2024-01-02,True
182a01558ac3,2024-08-07,True
129879a8ad5d,2024-04-15,True
b4b74021ff68,2024-08-27,True
c8e77162706f,2024-04-02,True
b93fd2033e5f,2024-10-28,True
03597ae83afd,2024-04-19,False
31812b4aa28a,2024-05-15,True
4493d7a02482,2024-11-13,False
d86d0689d280,2024-08-02,False
5884ac832773,2024-09-20,False
c3b6dbfb5838,2024-10-27,True
253fe5b08d08,2024-01-08,True
2256cf8a1947,2024-04-26,True
9930c644ded8,2024-06-01,False
7e9fa596f647,2024-05-15,True
4f204c1af929,2024-06-01,True
114406a5142f,2024-05-13,True
f4fe2c1a44e1,2024-04-29,True
b54f60f52014,2024-02-14,True
95ad56a40671,2024-09-10,True
e50c254bf81f,2024-04-05,True
ea5fdfe7b8a0,2024-03-26,True
4b3bbdf82179,2024-06-30,True
cb8ea43e617b,2024-01-10,True
61d71f1bb117,2024-08-26,False
78331b0d80de,2024-02-16,True
ac3c5e4a75b0,2024-02-14,True
a23d2f1cde37,2024-04-23,True
d6c51af6e443,2024-02-10,True
4837de61c834,2024-12-20,False
81570a947714,2024-09-16,True
a8212f7b0b37,2024-02-26,True
ea36cc9e3f22,2024-09-28,False
abc4b072c676,2024-08-07,False
bc832445b4a4,2024-01-12,True
a9e558838e8c,2024-01-30,False
89266a1e2ffa,2024-06-24,True
9f714c58bf30,2024-04-02,True
a15f3e4793e0,2024-07-21,True
30839e038fa4,2024-11-04,True
dbbc08c9f558,2024-06-17,True
bc3e7a57eafa,2024-10-24,True
44a9550ee2b0,2024-12-03,True
1a2de8871cbb,2024-07-28,False
015099251b81,2024-01-04,False
592936f53c58,2024-10-13,True
53c1749ac162,2024-05-27,False
9b0ae1bcacff,2024-10-21,True
93a7d8d24a49,2024-05-07,True
2fbb8c6282be,2024-09-17,False
9640d28a6be0,2024-06-19,True
1d1af3c029ea,2024-06-19,True
a4c04efb4c14,2024-06-24,False
6d2d5576e60c,2024-01-23,False
cf8f63415bae,2024-02-10,True
ffd3ac3839c5,2024-01-29,True
13c2914eb9e1,2024-10-19,True
40973f1dcc44,2024-02-15,True
b66c3c487211,2024-11-03,True
a84bf4ee8125,2024-07-14,True
b5c26e8d0b66,2024-02-09,True
09f108df84d7,2024-02-02,True
da083b09549e,2024-03-27,True
bba55f85a82c,2024-09-20,True
fe889f6b5d89,2024-07-30,True
e983a5dfcdf5,2024-03-15,True
d1af06d78944,2024-08-15,False
0bc24d6ac405,2024-11-25,True
15b1c997d9f9,2024-09-26,False
58d81a49817c,2024-11-25,True
820a2799f348,2024-11-02,False
f27770fbece9,2024-02-11,True
2ceb6e9cad09,2024-11-11,True
a0273cba854c,2024-04-20,True
e999555e3f7a,2024-08-30,True
44fafb59d9d9,2024-05-13,True
7465bb515e1b,2024-04-14,False
bb2fcc48d4ec,2024-04-12,False
05ee33585da1,2024-11-01,True
8a482aa28ec3,2024-01-21,True
642b528ec0db,2024-10-09,False
f3b3287eda19,2024-04-26,True
cf5b598e7c35,2024-04-02,True
0c9d81c065c1,2024-02-29,True
6ec0ff190a44,2024-04-02,True
83157f6caddd,2024-08-11,True
016d903ff0cc,2024-10-02,True
709dae3215e5,2024-10-18,True
b1c2bf588511,2024-07-19,True
b40e9114ffe0,2024-02-22,True
ee7ea4788fba,2024-08-16,True
91d5f5813095,2024-03-10,True
ef7444777a8e,2024-05-22,False
00fbdb4161ea,2024-07-15,True
72d5464c64ec,2024-11-03,True
c51501222c76,2024-05-28,True
ebc60ffc5caa,2024-07-25,False
be6538d0d396,2024-07-14,True
154c94826fb0,2024-07-19,True
e7c83fac60b3,2024-07-27,True
8b55a5e284ae,2024-05-22,True
0f5a92c28f10,2024-01-09,True
40d304921050,2024-03-14,True
694b5cb08f0a,2024-08-14,True
1cec92dbbd5c,2024-03-31,True
ed492137b01c,2024-05-09,True
9192f5b078dd,2024-05-10,True
a0b6f8c4edb4,2024-01-17,False
3b152d29970c,2024-10-07,True
83d38509e6c8,2024-01-15,True
830c14c760ca,2024-08-10,True
92970cc1751e,2024-06-02,True
0718bcd1fb0e,2024-05-23,True
9d16896290ae,2024-11-12,True
413010a73e13,2024-08-02,True
42472a48ceb8,2024-10-27,True
4e8b110ef986,2024-02-27,True
30f909adc2f8,2024-09-20,True
0635777820ee,2024-08-02,True
e047ac1233f9,2024-02-21,True
6bf416097895,2024-10-31,True
7242b7f1fd3f,2024-02-11,False
4a5b8ca28fed,2024-03-28,False
9a94ce797e6f,2024-07-02,False
327e93948d10,2024-02-26,True
d605d19a9616,2024-11-14,True
6ccd624c4573,2024-10-25,True
7fc81cd1df3f,2024-01-12,True
6e0fafd96a43,2024-12-05,True
4dd73c3f1452,2024-11-16,True
dff882de033e,2024-09-27,False
cbd8667fb0b8,2024-09-04,True
0f41f4745650,2024-04-17,True
cb2bf21fa4e2,2024-05-30,False
7313a3ee4ed6,2024-11-11,True
5fac5c684ff1,2024-06-13,True
35c8297b5128,2024-02-09,True
5a8fd25b0f82,2024-12-03,True
4d5e921c0977,2024-02-28,True
54606f905e92,2024-07-04,False
cc1d0bfad408,2024-02-18,True
cb4263589068,2024-09-18,True
bf3eeeef3558,2024-02-24,True
8604bc8e647d,2024-09-12,True
134a6cbe2c4c,2024-02-18,True
13c392f52cd8,2024-07-06,True
70bfeb901981,2024-02-13,True
ebf9e6278de4,2024-03-18,True
7c346d17c757,2024-05-11,True
db93a229da78,2024-03-26,True
9d2653f8564c,2024-03-23,True
5e8b00423f53,2024-03-23,False
7695131ec64a,2024-02-14,True
0fbddcea594a,2024-02-21,True
298ff6dc6c47,2024-10-12,True
0c7109145e4d,2024-05-14,True
bcf4952f7806,2024-06-29,True
9ba170c14cee,2024-03-14,False
b307a33e6ea0,2024-09-07,True
0016dd0d753a,2024-10-04,False
693067b37891,2024-01-04,True
24386d96377d,2024-09-09,True
f21b16b43b2d,2024-10-15,True
9bdfbbd7f225,2024-12-06,True
9c55d394c8e7,2024-08-16,True
f6dd78aefa86,2024-04-22,True
dd288e3e7cbc,2024-05-13,True
8816471d6dbf,2024-02-18,True
4f603e7db16a,2024-02-02,True
fd2089d7fdbf,2024-02-26,True
6b8eca7eb6ea,2024-11-22,True
42bfd2df7d91,2024-07-20,True
09a585ab8859,2024-11-22,False
c853f3795087,2024-02-22,True
7e03f65854a1,2024-07-07,True
a26429dfea1b,2024-09-08,False
60ae26377d85,2024-08-25,True
d5e5d9faaf59,2024-02-20,False
be4a098e6ba9,2024-07-20,True
9eba74dfdb37,2024-10-16,True
ab942180458c,2024-01-26,True
89684277963a,2024-03-13,True
e3134f01c68d,2024-08-09,True
724cdf9c05dc,2024-09-11,True
c8846ee5c409,2024-10-28,True
6fbc1e4704f7,2024-01-23,True
4396c658a82e,2024-08-02,True
a7f1bef92b2d,2024-04-28,True
e53ca2fa8a89,2024-06-10,False
f596453c0173,2024-02-06,True
a2829faf9fd5,2024-01-29,True
0208297dced5,2024-03-06,True
6e4b3a04cb10,2024-03-11,True
049092f26933,2024-11-01,True
945f354f8e20,2024-11-12,True
0b37ac85b412,2024-09-23,True
df6d5dc54b2d,2024-03-21,True
3309f03dbb95,2024-03-21,True
2897fbd89c5b,2024-11-04,True
d1aebf6db372,2024-04-13,True
67f40e05a8a1,2024-11-09,True
3512e07cbe02,2024-08-27,False
654ca6b21d31,2024-09-02,True
58738f42c315,2024-04-21,True
c0ef2f3bec8a,2024-02-05,False
83c715dfa2a0,2024-04-17,True
508eb2380e20,2024-09-06,True
af8498a46341,2024-05-28,True
7a6ba44e13e8,2024-07-01,True
1e691d335b25,2024-04-04,True
8b7a08ccd05a,2024-08-01,False
297d1f61d145,2024-03-31,True
729b6a4eb11d,2024-04-05,False
993b8a47b9c4,2024-12-14,False
0af5f3e37d71,2024-10-07,False
750e1117e318,2024-01-23,False
c0383ba2bac4,2024-12-20,True
b1cd724522cb,2024-09-27,True
5eea75bf6e50,2024-12-11,False
0e7d844b0477,2024-09-11,False
ff120ab3209e,2024-04-26,True
c1c650387108,2024-07-02,True
19f00ebafd89,2024-04-23,False
8e8f42a77f45,2024-03-07,True
dd4004352d2e,2024-01-31,False
713fb346085f,2024-11-26,True
03f43cc18153,2024-09-03,True
2590fb7ba640,2024-05-26,False
9303219c87eb,2024-10-11,True
aaad6472b65c,2024-12-15,True
46a5a30db65f,2024-01-20,True
358b948a252d,2024-07-26,False
20440ccb1ace,2024-10-07,True
beb9e2cda88a,2024-03-11,True
f5aa73b82937,2024-09-10,True
7b73f40b42f0,2024-08-17,True
b540aec3af25,2024-02-07,True
ac12b49c5f5d,2024-02-21,False
bed09cbb5f61,2024-01-13,True
6792bb58d3f8,2024-10-13,True
84a5e63054b1,2024-10-29,True
47b7db8367dd,2024-08-10,False
82227ff9f336,2024-02-06,False
94e5a85e0f00,2024-07-20,True
8d652df79c55,2024-04-03,True
406765f985df,2024-02-17,True
58e82d862e18,2024-01-11,False
e22aea472771,2024-04-25,True
1d4177292ecd,2024-02-12,True
27ee39302414,2024-08-29,True
55b4e54720a2,2024-02-09,True
31fee8a7b592,2024-06-12,True
3d3a26fc9adb,2024-08-04,True
1f0761c1ecba,2024-08-14,True
3a914928be7b,2024-10-18,True
37f19b794e1e,2024-07-07,True
c9072daa3b1c,2024-01-13,True
0fba47cd9f9c,2024-09-14,True
7b665f3b4f40,2024-03-22,True
288268e01848,2024-11-26,False
7c9189d096a9,2024-12-20,True
1086bc9be8c1,2024-12-02,True
ca6c0cd80e24,2024-12-16,True
5aafdf5c43c8,2024-10-18,False
adb05a5532ba,2024-07-23,True
aea32898389e,2024-03-15,True
0cb52746de6e,2024-10-26,True
8dbc68dab6a1,2024-04-27,True
f65a556e645e,2024-09-27,True
5ecc67a7fb8a,2024-08-04,True
35a701163a5a,2024-01-09,False
f66eafa9d53f,2024-02-29,True
ec16773a8dd1,2024-09-14,True
c50acd28ca1f,2024-11-13,True
941ab9418b18,2024-06-05,True
18d2bbc927b5,2024-05-02,True
aeccfc59bc47,2024-12-16,True
2eaff0e03974,2024-05-22,True
a2460b2330ec,2024-09-08,False
bc9530277cfc,2024-07-04,False
bc21e6837e76,2024-06-16,False
c80fd2099b3d,2024-03-24,True
6c2ca69b1077,2024-09-02,False
cc129a20a09e,2024-10-02,True
0cbe03c50372,2024-04-10,True
2397382a3d13,2024-05-24,True
0f47c6532e71,2024-09-20,True
84cc7c11493c,2024-04-25,True
f2406da93314,2024-05-19,False
1d9e93c06689,2024-10-02,True
47c5cb0cf812,2024-04-25,True
278d99b95239,2024-03-04,True
09f26844d0db,2024-05-29,True
b83fa74a684a,2024-03-05,False
faaeba706d86,2024-04-17,False
f90c3f1ae843,2024-11-25,False
34039f3dfb5a,2024-03-05,True
e724171cdfda,2024-06-25,True
7445382213b5,2024-11-06,True
73ced23aba1c,2024-01-16,False
62a66b85bf5d,2024-03-26,True
443300ee44f4,2024-03-03,False
a46b39566e6f,2024-11-25,True
bd9bab4e6e0c,2024-04-04,True
049bd92e902f,2024-10-26,True
b3c69a7a3098,2024-06-28,True
743da051f1a8,2024-05-13,True
e776e143f80c,2024-02-17,True
11adfc18ecdc,2024-09-15,False
7c89a7d13d24,2024-09-05,True
fd7eb1d42e01,2024-07-04,True
734eb0c01cf3,2024-11-25,True
f893a08dc4f4,2024-02-02,True
40308e568d00,2024-06-27,True
ef8aee6a5b62,2024-04-09,False
e5fd3140a33e,2024-03-29,True
68a43f677310,2024-12-22,True
7c397d2b8349,2024-02-27,True
2fe722f6e112,2024-03-12,True
248da33d3460,2024-05-01,False
a1c23eea0d67,2024-07-09,True
9d61bba13dd1,2024-04-05,False
7ad3cecbef06,2024-07-09,False
26c8a283660e,2024-10-02,True
19b1dd823cd9,2024-01-25,True
4518d157b91a,2024-03-14,True
7b97f07a16ab,2024-02-15,True
39ff6c3df2d0,2024-11-22,True
fae368791f5d,2024-01-20,True
52fa390bd0bf,2024-09-19,True
072c5b11cca7,2024-03-08,True
e9d44e5f231a,2024-02-24,False
f6637e066b02,2024-03-22,True
ce737f05e6ab,2024-10-10,True
10a19407975a,2024-01-07,True
aa809f30e428,2024-06-20,False
0bbb65db6c03,2024-06-29,True
b605a03c3e0f,2024-07-02,True
53bfc92a7ec0,2024-09-19,True
836dde382fb6,2024-07-23,True
ed05728b4c79,2024-08-22,True
88210a98bef9,2024-02-29,False
c8ba42a260c2,2024-10-02,False
7fc91883e6ef,2024-02-16,True
db1366ebda03,2024-05-21,True
16752402645d,2024-07-21,True
3983d373b07e,2024-04-21,True
eb0f5d09a727,2024-09-19,True
9b8cb98ab814,2024-09-20,True
de10bdba0540,2024-05-30,True
e0f3b207af4e,2024-06-01,True
0b3e54f40e79,2024-04-20,True
bbcec6cbea06,2024-05-08,True
193119b71669,2024-06-13,False
6afced6d4bc8,2024-07-01,True
4123189448ef,2024-07-29,True
246d37801e45,2024-02-03,True
b3a5f1b72b25,2024-10-22,False
0abf43bb1ea5,2024-12-14,True
2af8a12833e3,2024-08-26,True
9b315f590bbc,2024-12-16,True
353e227890e8,2024-07-28,True
a4630c4da724,2024-04-30,True
4115c3401ca0,2024-04-01,True
7830f785b4de,2024-04-24,True
92026e49698a,2024-08-08,False
f01da6cdc48e,2024-09-05,True
c345f991bee8,2024-03-24,True
d4974a617274,2024-10-17,True
4148cb9e2d05,2024-09-29,True
c3813046edc9,2024-04-23,True
001aa287b42a,2024-11-25,False
e60fc8ccfbcf,2024-01-26,True
d19931ab964d,2024-11-01,True
c65d30ee3620,2024-04-16,True
6ecdbbca1b58,2024-08-18,True
9067a8d0d19b,2024-08-04,True
cc5bbee49639,2024-10-04,True
7af9bc24833d,2024-11-11,False
02e6cb22a44d,2024-12-04,False
5d443b12c411,2024-12-05,True
69ab7897bafe,2024-05-24,True
55a628da49b4,2024-06-24,True
081b9dd458da,2024-08-19,True
9a620ce445a8,2024-08-06,True
0af99fabe11b,2024-11-28,True
a198b751c2e0,2024-11-12,True
7df31d840b95,2024-08-29,True
8f34ec07d386,2024-07-22,True
d9914a3e5032,2024-11-03,True
d60f67c40112,2024-06-09,True
ae5e272b7467,2024-09-17,True
f3811485ece0,2024-05-06,True
2cf7e8cc6dba,2024-10-12,True
d81d2316c62f,2024-12-05,False
a478700267d0,2024-04-05,True
4751b85715b0,2024-05-20,True
33f0dcc82e9a,2024-02-08,True
9987f5f5df2e,2024-05-09,True
5401f13788c4,2024-06-21,True
b41c9ee2c02f,2024-06-27,False
e8db40bba668,2024-07-26,True
ba615afa7897,2024-10-30,True
3e2230b86a66,2024-08-16,True
351cc1025aa2,2024-09-14,False
4cf526d3465e,2024-11-20,True
dcd71caced03,2024-01-22,True
58ea41858223,2024-09-16,True
88906533874b,2024-11-24,False
c0c4e852fdc9,2024-07-06,True
8e93edae2371,2024-03-16,True
a3e7f3e52218,2024-11-24,True
4b649a74069b,2024-01-23,True
66e16763ef58,2024-12-13,True
7c67a5678f26,2024-05-27,True
f67714af0535,2024-01-04,True
a8e605e7df37,2024-10-30,True
43c3bef30493,2024-09-04,True
870b1bc98e41,2024-08-04,True
e7bf32a66089,2024-08-03,True
48d59aac9dfd,2024-02-16,True
955abd8503ab,2024-04-12,True
680ee60b4cb1,2024-12-09,False
8bfa4e430873,2024-02-10,True
780cc67e459d,2024-11-22,True
e3838612b0ce,2024-10-13,True
7c36196e428b,2024-09-11,False
68677ca35569,2024-10-26,True
a64071f91fa6,2024-11-18,True
ca6c454761a9,2024-01-06,True
12409b1af503,2024-03-24,True
848e1ed3c585,2024-06-03,True
fcc7013583da,2024-04-21,True
ca5c13aa122e,2024-01-19,True
f82959abc80a,2024-11-09,True
6bd38c9fefd3,2024-07-14,True
2e5e555cf0f8,2024-06-04,True
29408e7e44e3,2024-04-21,True
d09f202261c3,2024-02-02,True
3ecaa29bb163,2024-12-13,True
a70901794bba,2024-07-26,False
6644626c31d0,2024-05-22,True
f69ccd0b76b6,2024-01-10,True
a42eba2589a6,2024-07-29,True
e6f47cd46629,2024-07-22,True
0995882c737b,2024-04-07,True
bbdaba5b83eb,2024-11-16,True
3fd08737648b,2024-03-09,True
fecf266ac5a8,2024-03-30,True
b87c946f6a6f,2024-09-19,True
caf77979984a,2024-04-08,True
b322179dd585,2024-04-17,True
34d933e0d39d,2024-04-25,False
0fd2e5cdc7de,2024-04-14,True
9cc546ddc3de,2024-05-08,True
88cb6062fc92,2024-11-25,True
d1413cc7f14f,2024-09-16,True
f27b91f09534,2024-11-04,True
0b7e414e45f1,2024-12-11,True
416e08789ab6,2024-07-15,True
e838c98c68c7,2024-11-06,False
3cadf686c375,2024-10-07,True
7221563d5a0b,2024-09-11,True
73ffe4328c68,2024-02-16,True
f6b4255ab461,2024-09-23,True
9f9cb209744d,2024-01-24,False
564a051c820f,2024-08-29,False
bea79f1beecb,2024-02-29,True
8a35d9ee7b48,2024-07-12,True
2d1ad0455f08,2024-11-04,False
af93cf2be211,2024-09-15,False
e1e7a0f4a0e1,2024-08-14,False
b687dad7c482,2024-01-13,True
202711b76d88,2024-10-09,True
53005ab2222e,2024-03-22,True
f1942f3f4d61,2024-01-05,True
9f71cf6e1582,2024-12-07,True
ba8ca1dd41c0,2024-02-19,True
5a648716553d,2024-05-17,True
8b46978f5cce,2024-01-27,True
04fcc3cf11a2,2024-01-21,True
e8d459f4cc3b,2024-12-21,True
659a3035a7af,2024-05-19,True
f7e46fa8bf10,2024-06-30,True
a31d160adbd3,2024-11-10,True
3ec5ac83ae5d,2024-04-30,True
6612224be7d1,2024-08-06,True
4ff38d80c4ca,2024-12-09,True
945dc84ad661,2024-04-11,False
6ab2d032eeca,2024-08-02,True
c3040fbbca0a,2024-02-17,True
85e67f4961a0,2024-09-22,True
341343dde151,2024-09-28,True
99352e213594,2024-03-24,True
12d35f89d1d7,2024-12-16,True
d4cec0c94fdb,2024-12-19,False
8efc8e5c1531,2024-06-13,True
b9c4d179620a,2024-03-05,True
e67577ee2e85,2024-08-07,True
b8b7a45f905a,2024-04-10,False
2f1a51e0c96a,2024-06-03,True
0926611c951c,2024-01-13,True
4cb3fd4f6377,2024-10-25,True
da4ac033b9e4,2024-12-21,True
3f46dadf8cd6,2024-05-19,True
2a7b57fe2021,2024-03-20,True
d6a54e32ac2a,2024-11-11,True
383df4da78c3,2024-02-15,True
e1d4fbf9d36b,2024-12-05,True
78c14cb6d0ea,2024-08-26,True
7aafe698f18a,2024-05-20,True
ea0c668c2c28,2024-08-17,True
0355a31583ef,2024-01-23,True
a7d7a4620d27,2024-01-10,True
f16393d68d92,2024-05-09,True
0a01d56ec01a,2024-07-30,True
d8f4468841fd,2024-04-28,True
dd622e7816aa,2024-06-06,True
946129eaa2e9,2024-11-30,True
380db46f0325,2024-04-10,True
4cdaad69425f,2024-01-22,False
2a6ccefa020b,2024-06-07,True
ee24821a7278,2024-12-20,False
3ed37504a9fb,2024-10-11,True
1573d0bb3ec8,2024-01-05,True
6ae575e083fc,2024-02-03,True
22fadd03cae7,2024-03-04,True
6a40b2afd74d,2024-10-19,True
25c9d30cf3aa,2024-11-01,True
503b2cd56a96,2024-04-22,False
ef2f7637dbc3,2024-09-07,True
ab982f81d9c0,2024-01-30,True
8926a038a65b,2024-08-19,True
bdf8b1851582,2024-08-03,True
0cfc8f066862,2024-07-15,True
935377d793c1,2024-10-01,True
e47e163e764d,2024-10-24,True
48baae507034,2024-05-29,False
28aabef594c6,2024-08-15,True
9463f339c0d2,2024-05-23,True
2b5580e73cd8,2024-02-04,True
f7f172f92304,2024-01-08,True
9d7b20688476,2024-07-28,True
1aa78c4b2883,2024-07-19,True
abe598ee7988,2024-10-13,True
6d9b26846306,2024-01-25,False
cbf98d2f92fe,2024-03-18,True
aa3eb1c7d1bb,2024-11-04,True
ea79a9abe42a,2024-04-02,True
79b8cd06de66,2024-04-25,True
b41801eca2a7,2024-06-18,True
3cf0778633b5,2024-04-21,True
c9d63967bda6,2024-12-23,True
69909cecd050,2024-11-15,False
2bc71b437b8f,2024-08-09,False
9829a322304e,2024-12-14,True
19d7387e6ecc,2024-07-08,True
c90e1133482c,2024-07-18,True
302df1604682,2024-01-05,True
e0ce85756d4e,2024-03-10,True
27a45f532caf,2024-06-22,True
40f3b4840419,2024-10-02,True
fed34a40b4ae,2024-11-07,True
929bce667e1d,2024-07-26,True
608248f46d7a,2024-10-01,True
b847dcc29c87,2024-01-24,True
75d8bb343a59,2024-02-10,True
9106e3bea936,2024-07-06,True
d681c4328920,2024-12-04,True
6b1b160d987a,2024-03-23,True
9dbe75756883,2024-09-06,True
4362f3dee631,2024-04-09,False
68728d7b2dfe,2024-12-17,True
e8486ec275b1,2024-12-18,True
fbe6e410db5a,2024-09-28,True
077d7e38d501,2024-10-17,True
eb1687f18dc3,2024-07-25,True
4c29c0b1b9b3,2024-03-19,True
3798f77bb3d6,2024-02-26,False
0a939b96f2aa,2024-03-18,True
1b71cd732587,2024-06-28,True
a1474038966f,2024-06-11,False
9907d140152d,2024-05-13,True
0d1a9aa38c2d,2024-02-28,True
e5448bb508f5,2024-10-16,False
9cd871d95ec3,2024-03-08,True
ea71d77b023b,2024-01-26,True
e5e1744a1c54,2024-09-06,True
d72f5c883c1d,2024-11-13,False
a59faa79fe53,2024-07-17,True
c7dc04472e81,2024-06-18,True
28825ce7dc74,2024-09-02,True
a2648e1a6a68,2024-05-06,False
87e18cf4931f,2024-08-19,True
f26c05f24cb7,2024-03-19,True
83df70b120f2,2024-12-10,True
ed4fa5a58417,2024-01-19,True
410ab510ac31,2024-05-29,True
62438d92aff3,2024-03-12,True
049b4fbff243,2024-02-18,True
2ba8ebaa6c37,2024-01-30,False
134d57b302c0,2024-06-18,True
165c2b9d6575,2024-01-30,True
2b38a62e26ae,2024-07-29,True
5275a69f830f,2024-09-07,True
ee50bde33f2e,2024-02-14,True
467eec3e84bb,2024-03-01,True
0a7a6d7f3ba3,2024-08-16,True
86fd60cac2a6,2024-06-03,False
4fe6ae76b66a,2024-05-07,False
85991979008f,2024-01-09,False
c19caa483014,2024-12-17,True
5cd7d24ba602,2024-04-17,False
32115f5907ca,2024-09-06,True
dd2ecddff1c4,2024-12-24,True
8ad92323b219,2024-07-08,True
2768e7d396da,2024-03-27,True
1ec2fa9b6a35,2024-01-14,True
8a63d99ca1a0,2024-10-04,True
2e7ff4607097,2024-07-30,False
76c99794f37f,2024-12-18,False
8804894be543,2024-02-26,False
449ac32c2f83,2024-04-12,True
eea7178dcd06,2024-03-31,False
7b80bee0b722,2024-01-16,True
5f553a5a7aa9,2024-07-13,True
3ec868279169,2024-01-28,True
e4c4fdd6aac7,2024-07-27,True
49573fa712b3,2024-01-07,True
a4bf81d08de2,2024-11-29,True
7e3afe6c3777,2024-08-10,False
38293bd690e3,2024-05-10,True
e7939d9e9a3e,2024-05-01,True
7b09a080221c,2024-09-20,True
899fab7536a8,2024-05-02,False
9e720c55076b,2024-12-18,False
7e79f97bed57,2024-10-02,True
aaf1a8e3faa0,2024-01-04,True
6d0ad87ab5f1,2024-09-08,False
60c9822f0afb,2024-12-06,True
14e223f43cd1,2024-02-20,False
a6e18db77d8d,2024-03-26,False
57f05b60c2d4,2024-02-25,False
a87ad1396cab,2024-01-23,True
9f241ddf2d84,2024-04-23,True
18476892f84e,2024-01-22,True
e785613d68d9,2024-06-17,True
d7e9dca4e746,2024-07-28,False
c55c0172cad2,2024-01-03,True
fecd723e43ec,2024-01-14,False
a026e06103a3,2024-03-15,True
4bfaccc4516c,2024-05-19,True
e460d9716bdc,2024-09-29,True
45974e2e8b4c,2024-10-08,False
97d3d83e598d,2024-05-02,True
4cd2f20b77c8,2024-09-13,True
bd64ec944017,2024-03-22,True
6b37dc517a64,2024-10-15,True
e484c427d7ef,2024-10-13,True
de01999159f2,2024-01-23,False
15f896895c4b,2024-11-23,True
b6f48032b1a8,2024-07-09,True
477c504d8dc8,2024-02-19,True
8197e8fcbc18,2024-10-03,True
3e839f76d2a8,2024-12-03,False
45097cb25be4,2024-10-22,True
4bcf0d7d1d3e,2024-06-22,True
de3fd23f5f41,2024-10-30,False
b96062d98f7b,2024-02-16,True
e06233bbb7ef,2024-01-01,True
cfbdd43761ca,2024-08-15,True
6c51ac2798ca,2024-04-15,True
a8bb3ea035e2,2024-11-20,True
7a31514739c4,2024-04-26,True
d01a57c72f23,2024-06-03,True
699e5d6ea19b,2024-04-26,True
6a41e53f6481,2024-02-10,True
12ed91b51354,2024-01-27,True
26de822357d9,2024-06-08,True
6e24d54ec632,2024-09-24,True
d9899a33ff61,2024-07-11,True
59528284ae79,2024-08-28,False
3768e81c9a3e,2024-08-17,True
8e047c954c61,2024-11-07,True
8421f5f55c3e,2024-11-28,True
da04d199f6b6,2024-10-03,True
803bd3da6921,2024-01-21,True
1dc855e1a12e,2024-10-27,True
7a57f4424faa,2024-10-29,True
179bb73a8e31,2024-12-05,True
f80ae33222c1,2024-05-03,True
b7acc1afc356,2024-07-25,True
7c008f558e86,2024-11-07,True
d62f48c0af67,2024-07-21,True
b612716590b5,2024-04-05,True
7c77f5371ae5,2024-11-29,True
e48d86f1ec64,2024-09-20,True
ff79aa7f6c3d,2024-12-16,True
02837b8033ee,2024-10-31,True
18efa74d9fd6,2024-11-28,True
1ce6c954a580,2024-05-24,True
680912f64066,2024-05-09,True
03d51b9d879d,2024-10-08,False
2519f3dd98d6,2024-04-11,True
b35742473333,2024-12-09,True
b7b2f4ddab1b,2024-02-27,False
ab18af9596d6,2024-03-05,False
787a0a41dcff,2024-10-05,True
c6ed68f08b3c,2024-07-30,True
80a01ac6b739,2024-02-20,True
2f26973ef39c,2024-08-20,True
ac3901434d43,2024-01-08,True
ceabd87203a4,2024-04-07,True
e53aacd32153,2024-10-17,True
0f991dad9941,2024-01-14,True
ca7b6eb42c4f,2024-10-13,True
e0ac109982bd,2024-10-20,True
db108baf3987,2024-04-06,True
ebec2f93b259,2024-08-04,True
01e986d382ea,2024-01-02,True
09d95dea6b24,2024-02-01,True
de2bfea0666b,2024-11-19,True
af7412fda969,2024-12-11,True
acea83b0cc9f,2024-12-15,True
4fb905922c22,2024-10-24,True
fd9b80c33c83,2024-09-26,True
4fb289ea4485,2024-07-24,True
82a0132eeab0,2024-01-19,True
bddf5ae15083,2024-07-01,True
c86d34a45571,2024-04-13,False
400f905579f0,2024-06-19,True
d489eb0aa04b,2024-11-29,False
597eb0374b6a,2024-02-06,True
cd7e88bad665,2024-12-03,False
9f3cda30a415,2024-06-27,True
2148a6d1fec2,2024-10-25,True
f1bd6eac7afb,2024-01-05,True
e6aeea62544e,2024-07-15,True
acc9ec0e2408,2024-09-12,True
1f50e0436ce9,2024-03-15,False
236f29e06d23,2024-05-05,True
fe4aa16b3525,2024-07-06,True
b87f5983af5e,2024-11-30,True
60ca91213475,2024-01-27,True
0a3fd19aada5,2024-01-07,True
53fea6bc599c,2024-11-24,True
7d36cdfa0571,2024-10-26,True
33d5e54af030,2024-06-21,True
5226fe416bd9,2024-11-23,True
18cc48cdaaa8,2024-01-02,True
a7f74387ff95,2024-09-24,True
878b1630241e,2024-03-28,True
05abf9205ffe,2024-09-24,True
1e8f484872c5,2024-04-11,True
604dd77a2450,2024-02-18,True
6b2747701f2f,2024-02-11,True
a699ceb87d4d,2024-11-21,False
00127723a461,2024-11-11,False
094c047e9d07,2024-07-03,True
fe0f7d20e395,2024-07-09,True
3ddc7f79f6fd,2024-08-06,True
a658a10e0d8a,2024-09-24,True
de5f3cc77b76,2024-09-09,True
6469a5dc6560,2024-10-19,True
6386c1a3a911,2024-09-07,True
bcf5189e2739,2024-06-11,True
08d5420c406a,2024-10-29,True
2291725d5246,2024-06-07,False
12872bae2d34,2024-04-02,True
e84fac764b23,2024-03-06,False
67af6538f922,2024-07-31,True
b695a39fdc6c,2024-09-02,False
9398e09c331a,2024-06-25,True
6f0d17ba1aef,2024-07-06,False
90a1eeef4ece,2024-08-24,False
befeff294fd4,2024-05-17,False
b72dab3dfc9c,2024-02-02,True
2df69f34a953,2024-03-19,True
9122c8226278,2024-12-12,True
84f9bd5bd211,2024-02-10,True
c0ed40362b94,2024-03-19,False
1f67d8dea143,2024-11-11,True
ffaf23c90f26,2024-11-22,True
b5f78a43ea76,2024-03-02,True
fca1c6a1f42a,2024-11-09,True
2b2840142de2,2024-05-12,True
994c6a01fcc5,2024-05-01,True
32ba2c37a65a,2024-05-17,True
004909339f20,2024-12-25,True
a651ec6ae825,2024-12-20,True
54c58abe57fc,2024-01-19,True
3add41fcd815,2024-01-18,True
6914cba09813,2024-12-06,True
e63a041a0edb,2024-04-12,True
4d2ef1db2808,2024-10-19,True
1fe9f2a0a331,2024-10-21,True
ad23fd8f1995,2024-02-25,True
020356e1d2d1,2024-10-11,True
a0dda1967733,2024-03-27,True
aefd0b81a2cf,2024-05-14,True
a11f48e005d3,2024-03-06,True
f3cb6995016b,2024-03-18,True
3e4ba145be2e,2024-10-31,False
4b3bed9c9307,2024-06-30,True
3441aea2a453,2024-09-22,True
14d115d54bc9,2024-08-31,True
5da2f16f9f03,2024-11-20,True
a962d9e12bbb,2024-08-04,True
6d4dde778aad,2024-10-08,True
828d702787ed,2024-11-22,True
f993d2cb26d0,2024-12-22,True
769d61d671b7,2024-04-01,True
79185e204fea,2024-08-29,True
f82e07a1c007,2024-10-16,True
477073f246e1,2024-06-26,False
a1ced0a408ce,2024-08-09,True
8595eaef2a66,2024-06-29,True
9d230a27bd93,2024-10-22,True
0ba87a6703c9,2024-07-12,True
d542ac1dc62b,2024-02-27,True
c73d2572187e,2024-11-10,True
0d3ff206b900,2024-01-11,True
34a49e6a276a,2024-10-20,True
3a89e799e2c2,2024-12-13,True
0e9febd938c8,2024-03-13,True
220f975afbbe,2024-02-17,True
11d2bb178e6c,2024-08-28,True
ec97e0e96654,2024-10-07,True
254d83316b53,2024-04-26,True
ef49815a87f4,2024-09-06,True
34c1a7826e42,2024-08-10,True
8557c150b443,2024-10-27,True
6f4357920c73,2024-04-13,False
48d0447a18d4,2024-09-20,True
b2c5f8b18bbf,2024-07-20,True
37392f2e8877,2024-01-17,True
d8261b9f6961,2024-12-05,True
bfe86df7b798,2024-01-24,False
5e3d2c0c970d,2024-02-24,False
3344036ec29c,2024-08-01,True
6da7787c7cc9,2024-08-28,True
941059e04656,2024-02-27,True
f05198aab13b,2024-11-25,True
cade6d78894f,2024-12-02,False
c2b8d44cd2d3,2024-07-27,True
32b0d01f9474,2024-11-10,False
3da94a882931,2024-08-18,True
29b04929b170,2024-12-04,True
b18f23628141,2024-04-19,True
78be1ad3c6f8,2024-10-17,True
13400e233ecf,2024-04-06,True
92f198191cd7,2024-11-10,True
5e6b9546dca1,2024-01-02,True
fd56f08ed3c8,2024-03-06,True
3ee9a17c0110,2024-04-11,True
72ee979e83c4,2024-04-24,True
08bda1e73718,2024-09-06,True
8ba9c051163c,2024-01-29,True
2baab39b68d4,2024-02-12,True
6cbc63b9eb6f,2024-11-28,True
7c7e2ae4d218,2024-10-29,True
da40567330c7,2024-06-17,True
cd29325e2e4f,2024-07-19,True
218e44bee7da,2024-11-14,True
373102c4f4e6,2024-10-29,True
fc513332aa29,2024-11-06,True
911bdd41be0d,2024-08-22,True
283c1d9d8454,2024-05-09,True
3c2b3d086ffc,2024-02-03,True
114d03f800a5,2024-07-16,False
f1bd27461e11,2024-10-24,True
78f625a68920,2024-08-10,True
5fdc96bab041,2024-03-04,False
dde61ae05ef8,2024-05-02,False
f21d395155ed,2024-05-29,True
b10df460e2b8,2024-05-14,True
775a26d9b293,2024-07-07,True
9b910fc244d1,2024-06-20,True
86767fee6c4a,2024-09-01,True
a21ceb80836b,2024-09-22,True
cb2c6292afb6,2024-11-21,True
ee18afc4167f,2024-03-31,True
ff949aba5d17,2024-02-06,True
b28796bdadd1,2024-12-09,False
7a7242c65c1c,2024-05-15,True
22f311014b74,2024-01-13,True
3273a0b56aa1,2024-07-13,False
6a6a3c8adeae,2024-12-24,True
41a1cfff0f34,2024-05-19,False
8550f9aa0b9a,2024-01-30,False
6d5f89035100,2024-01-23,False
16109883d109,2024-11-20,True
77dbdbbd3d0f,2024-11-08,True
285d1a934efa,2024-01-26,True
4261a8dece0e,2024-01-05,False
9772352b070c,2024-09-19,False
98eaed18cf61,2024-12-20,False
05cedb3bc13e,2024-11-07,True
321c10dc1b17,2024-11-18,True
b4ef64996477,2024-11-17,False
0479a91518b5,2024-01-10,False
41f234adf2f6,2024-02-14,True
984543f6d651,2024-08-14,True
838f3b0ceff5,2024-11-23,False
7e36b8d54137,2024-12-01,True
d1b25c4f4db1,2024-04-09,True
54eee1678ae6,2024-08-10,True
89a8bff3a7b6,2024-12-13,True
99a338fd42c9,2024-01-12,False
9df4fe26d49d,2024-03-16,True
9a5eb2c92eed,2024-04-19,True
327d67910f8a,2024-01-25,True
2f48cbd5d20e,2024-11-26,True
cadefd609425,2024-02-04,False
0ff17fbc9f91,2024-03-01,True
73969e261d22,2024-05-14,True
ec5b2433973c,2024-11-08,False
02808ddba897,2024-11-18,False
732db5b5a975,2024-02-11,True
cceff757ce82,2024-05-12,True
f20f149963f8,2024-02-29,True
d75c496f2b7a,2024-09-14,True
92c7ed9fdf36,2024-09-11,True
66d109aaa037,2024-09-08,True
3cc10fe5ce11,2024-03-05,True
ab3bdd8ef8e8,2024-07-27,True
ddaacbf5c45a,2024-01-06,True
967ddc914160,2024-06-26,True
cc54b803c1f9,2024-04-15,False
7281f82ea29e,2024-10-20,True
ed6c642aaf86,2024-09-01,True
77732e5cfc21,2024-09-05,False
32109a30c36b,2024-03-07,True
82554935ffcc,2024-10-07,True
b6b5126fb0a8,2024-06-16,True
acf331a963c7,2024-08-12,True
7307111bf24e,2024-01-03,True
c3a06a1631a7,2024-08-09,True
43c752787129,2024-05-13,True
9930804d119d,2024-11-02,True
4531787f6708,2024-06-03,True
a5486f9cbd6f,2024-07-23,True
5d6b06b8a996,2024-03-28,False
98763b382b1d,2024-07-27,True
84132f27222f,2024-01-02,True
9fc8167d84e1,2024-06-12,True
badd6a335468,2024-01-05,True
9facabb0af21,2024-05-11,True
ea7753834fe2,2024-07-02,True
8dde920a1e79,2024-10-13,True
2e95fa66a839,2024-05-10,True
bfc9c250e8a6,2024-07-01,True
d51bdbc41b72,2024-02-28,True
109859f7e72c,2024-10-04,True
e250f200c98d,2024-09-08,False
d19e1068782e,2024-12-20,True
3698dc1732e4,2024-10-21,False
4686d1c44e4b,2024-04-16,True
f5fcba22ff81,2024-08-09,True
cf6f4418f66f,2024-02-02,True
6a98c582dacd,2024-11-09,True
5564af32fea3,2024-10-15,True
233349addbcd,2024-10-07,False
344a3b311af1,2024-09-16,True
f538e2b08dfc,2024-07-26,True
73c7728295e0,2024-06-23,True
472b951f966d,2024-07-03,True
ab785e2bb06c,2024-05-17,True
600e6f69c8ff,2024-01-29,True
2a70f5cde719,2024-02-19,True
b72c3380251c,2024-12-04,True
3abc22551664,2024-04-10,True
366e45e521ad,2024-05-25,True
342eaaa4802a,2024-02-17,False
4c90c4f1cd99,2024-08-29,True
30f182025c7f,2024-02-24,True
5d7b9744d8e3,2024-11-18,True
26595087a9e9,2024-09-29,True
7da7c2077487,2024-12-13,True
97f93a957bf5,2024-09-03,True
b0b9566120d0,2024-05-09,True
759bc10f0e56,2024-09-06,True
ca9e1c4860bd,2024-08-27,True
c47721e706f6,2024-09-06,True
edeaafc45e65,2024-09-02,True
887319fab81b,2024-07-11,True
204d4a90ab7a,2024-03-30,False
5cad182dc5b4,2024-09-27,True
e65a705faba1,2024-01-22,True
ab2195b26930,2024-09-09,True
7afab105b670,2024-11-28,True
4113e1267ee8,2024-11-03,True
5519f78a975e,2024-07-09,True
afda75d84a8f,2024-11-21,False
ddc87791bb16,2024-01-22,True
accc26dd59b5,2024-12-11,True
c3adfa85f89c,2024-09-29,True
90ebff6e30b7,2024-09-14,False
5d7457c06d03,2024-06-10,True
566406dfbf12,2024-04-12,True
b746bf34b1ac,2024-12-19,True
ad5739f64aa3,2024-11-14,False
04c61a54cefa,2024-06-30,False
248a1b2ca1ed,2024-05-23,True
8d92703510dd,2024-03-27,True
c2185d2c869b,2024-01-20,False
2bdba006894f,2024-09-12,True
723185ff0352,2024-02-26,True
942afd37e9a9,2024-03-24,True
f627750a5342,2024-07-22,False
7eea2c95c375,2024-04-16,True
f59e156ed5b6,2024-10-17,False
b95537700ddb,2024-05-24,True
697699772589,2024-04-26,True
83441b5e20cf,2024-02-07,False
84902a89c887,2024-09-11,True
b626e93caa62,2024-04-11,True
6c2ce48cea56,2024-08-04,False
79dd89fd1be9,2024-07-24,True
29cb8e66bb48,2024-06-02,True
09d7c7094a27,2024-09-22,True
3e63db76045b,2024-08-30,True
ffeb9a825ecc,2024-06-11,False
27cf47478486,2024-07-02,True
1ea375d79667,2024-12-16,True
3ec40cc93719,2024-08-24,True
9638e89ec4ef,2024-11-16,True
9f79df63252a,2024-05-10,True
091578494837,2024-02-10,True
5443040f9150,2024-04-26,True
645f05c75582,2024-02-06,True
0bdbab248fb0,2024-07-02,True
351263b40af3,2024-02-11,True
1b09c3b269b3,2024-04-30,True
8a75802cbbc0,2024-09-16,True
2286ba3f8d75,2024-12-01,True
b35df34c3852,2024-01-27,True
36ff86579129,2024-03-14,True
5d6ef9343067,2024-10-26,True
465a28a4c385,2024-03-18,True
2695ae801aa3,2024-06-08,False
29906a48feac,2024-11-15,True
5e53b30ef698,2024-01-26,False
a9b740d07153,2024-09-14,True
a1a1ecef4624,2024-07-19,True
b77b440d2041,2024-06-23,True
6f98ac6a54f1,2024-02-01,True
b91e6f62164b,2024-12-23,False
fcd20baf7fd8,2024-09-07,True
8f837e475866,2024-10-16,True
2635d93e7cdd,2024-03-29,True
152eef60888c,2024-08-02,False
44e764330c7a,2024-03-02,True
5530f50da314,2024-09-12,True
5a3d24bf33a6,2024-01-19,True
a87944813bd1,2024-06-11,True
5711c412011b,2024-08-03,True
627947709849,2024-01-13,True
b5341a05fb07,2024-03-16,True
65a9ea1dcfb1,2024-12-24,False
873b87bf1878,2024-09-23,False
20121423764f,2024-12-07,True
38af0bb7a5c9,2024-02-03,True
259411b1b219,2024-02-23,True
2d631a4d47ce,2024-09-25,True
b648761ae44b,2024-04-29,True
424ab8fd1e2f,2024-10-30,False
e26446a2734a,2024-09-11,True
88d9b569ff8e,2024-07-17,True
930a04947d01,2024-07-31,True
f23898b37088,2024-02-01,False
4cfc0db4e8db,2024-10-21,True
4adb7b5a00cc,2024-09-13,True
a4061a9c6184,2024-05-26,True
80b6215db679,2024-12-06,True
b930ba985efe,2024-02-18,True
e5b1a860bc75,2024-04-10,True
ece9187f0430,2024-12-04,True
9149efdb6c15,2024-08-19,False
1c90b141e553,2024-03-20,True
58b10f6a1614,2024-02-23,True
187fe42fae53,2024-11-01,False
7a8d1356ca5d,2024-07-25,True
4ba1ed0359da,2024-04-07,False
061a9cab67a2,2024-09-03,True
f30e8d72f066,2024-07-09,True
36dca48f9d48,2024-09-10,True
79a4c12ac6a1,2024-09-21,False
3a2d22cea3b4,2024-03-05,True
3a0af23e2d7a,2024-02-29,True
784b4acdb454,2024-07-31,True
13cdb98b2063,2024-07-02,True
f417cb6f4b06,2024-07-14,True
dd930f31276b,2024-08-23,False
470a3bf70917,2024-03-20,True
e1ebd721ab44,2024-10-12,True
2f233a920415,2024-06-27,True
d6a111cc4cc6,2024-12-22,True
2347cd0cf626,2024-11-16,True
130fe91faa4c,2024-10-17,False
34e219796671,2024-11-16,True
f45c40399f0e,2024-05-26,False
613b86954d14,2024-05-29,True
0aa8b192abad,2024-11-05,True
01950ed2f899,2024-03-22,False
dedb5c41589b,2024-02-17,True
a155f68ab928,2024-06-02,True
b04fe9eb97cc,2024-03-26,False
ee073bdf4de0,2024-07-13,True
4a2119c7a807,2024-11-01,True
5e3a418e0c0f,2024-11-26,True
4cb77340806c,2024-06-28,False
1c781dfba6b6,2024-11-17,True
52f966ee4da6,2024-01-04,True
7f545651b301,2024-02-12,True
d9a784640b57,2024-03-29,True
a4e8676bb6d9,2024-12-22,True
fbe29e82461e,2024-02-16,True
163b973e7049,2024-08-30,True
18ef1b2cd0c7,2024-06-23,True
1a5a6fb2e6da,2024-11-26,True
c61d91339daa,2024-08-31,False
d689ae001104,2024-06-16,True
b5a9e15da95d,2024-02-28,False
8aae5d096c67,2024-06-07,True
16b0c06ea24d,2024-01-06,True
20003bcd3f28,2024-07-10,True
6e278096baac,2024-04-19,True
32b6408eac99,2024-06-07,True
e1978797463c,2024-12-09,True
bb9d552408c6,2024-12-25,True
91b487e96f22,2024-05-13,True
521fc79ecba5,2024-05-02,True
de261d8fe113,2024-12-05,True
a652b9432cef,2024-04-18,True
42bb6198ea27,2024-01-03,True
45e91265de97,2024-08-25,True
3be415a06166,2024-10-17,True
27fdee0b806a,2024-08-28,False
8c4b579f6ba1,2024-11-16,True
769de5ce2d3b,2024-12-14,True
3672ccba5fed,2024-05-18,True
16723a052201,2024-07-23,True
bc56b50d0ac4,2024-07-06,True
1beac5b64cda,2024-03-24,True
16cb3baa30a8,2024-01-22,True
bad420bbb59e,2024-07-29,True
f547c2e5ab3b,2024-08-18,True
300b580c9d0f,2024-07-01,True
43123fcc11f4,2024-09-02,True
95bee15f6dbf,2024-07-09,True
7f9c0b195348,2024-04-30,True
331664326b77,2024-05-03,True
fabb8429ccf8,2024-04-15,True
f4a8ae09a0c2,2024-11-05,True
277cd6307dd8,2024-07-05,True
45ea279729ae,2024-02-02,True
cea3a2e6cac2,2024-08-23,True
b7f8c46e6d80,2024-03-20,False
15479a1e300f,2024-01-16,True
b7e09c17297e,2024-10-11,True
16fae78cdbc1,2024-10-02,True
c20bf6694462,2024-04-20,True
9ea7450dd289,2024-03-14,True
a68971683a58,2024-07-29,True
495ef5b51c00,2024-11-07,True
704cbad1a600,2024-03-03,True
f961a33558d5,2024-04-10,True
4598a7d2f5f3,2024-11-09,True
cb401c5fbd75,2024-06-04,True
9cbee2a31402,2024-11-22,True
cfd77fb0401a,2024-01-14,True
fc8b575c0cd4,2024-04-23,True
ad4f7b4e1dc5,2024-08-03,True
7effdc78397b,2024-09-04,False
7414f8cab8be,2024-10-26,True
36a985dbbdb4,2024-10-17,True
693b8d7eeb5e,2024-12-06,True
572432d53455,2024-02-12,True
79d9b19b742f,2024-11-05,False
bb7a19d3dce0,2024-01-25,True
2637e421f6d1,2024-08-12,True
568db72b5353,2024-08-08,True
bd111c44abff,2024-02-26,False
71ad5becd516,2024-09-06,True
d43cb2ae44db,2024-02-01,True
e0de11f92598,2024-06-13,True
6137b715505b,2024-01-23,True
13f301e3e608,2024-10-04,True
f129013476a4,2024-05-07,True
d31fef5b0a13,2024-03-06,True
4aabaa757798,2024-08-04,True
f1aae5477401,2024-10-11,True
231c6e6d0c71,2024-01-17,True
0f034c540784,2024-05-12,True
64372af06c57,2024-06-17,True
d4196019db56,2024-05-30,True
0a8d3e2e71a7,2024-01-05,True
c826283fa311,2024-09-10,True
67c649837ae8,2024-03-20,True
4a85b1ef34de,2024-02-19,True
68471fbdd9aa,2024-12-14,True
fd192db31f1a,2024-10-21,True
b2b8f2a34600,2024-09-14,True
b4844806feae,2024-06-30,True
3aebed88c815,2024-08-23,False
309a27361ee1,2024-09-18,False
cfcf683ad196,2024-04-18,False
bac1b523a2cf,2024-07-11,True
f9728e638945,2024-01-22,True
bf1d7aebb3be,2024-11-12,True
ce8d54a0639e,2024-01-23,True
ec81d09dd98b,2024-02-14,True
4e6487b6e8ca,2024-10-06,True
3be6a5801e02,2024-02-18,True
c3082c1cbbe2,2024-11-24,True
4e46fbd1d336,2024-12-06,True
ce5b03057976,2024-09-07,True
a6dc7387bd48,2024-03-21,True
fb046b28aaed,2024-07-21,False
926e8626724c,2024-05-04,True
75a852c56911,2024-02-12,True
9d4cd718a555,2024-01-09,False
fe2c7ad0d3ff,2024-05-18,True
280dc395446d,2024-05-22,False
316f5ef90097,2024-12-07,False
1268f1a21f27,2024-05-03,True
b3ff2f9e45b8,2024-08-15,True
1de5a377161d,2024-07-14,True
79c0a15b4808,2024-08-18,False
783c424c4c04,2024-01-23,False
0a5aad4042f8,2024-01-21,True
0d80d1d91e0c,2024-03-11,True
a9358d376bc9,2024-10-26,False
89bddebcdb76,2024-06-23,True
88b3b2ad0745,2024-05-31,True
2a0a4e7f7eb9,2024-11-28,True
e677047ec1dd,2024-04-15,True
6ee8ea71c20e,2024-09-09,True
affffb87b28d,2024-11-27,True
9412cda08c37,2024-09-20,True
409926f1fe75,2024-08-25,True
d7038adf7607,2024-04-04,False
1bccbbd3172a,2024-01-22,True
40377f549f10,2024-05-13,True
72ac1ad32553,2024-03-31,True
424416451231,2024-12-20,True
9a330734f89f,2024-07-24,True
bd616d3ed1f5,2024-03-01,True
70ab8bee3e9f,2024-03-16,True
2c270286504d,2024-11-10,False
a07597118074,2024-05-27,True
bb3f789fd1ee,2024-04-10,True
e25cc3623a88,2024-12-24,True
7583d3a26f15,2024-10-03,False
aa4b0524831a,2024-12-13,True
dca116a133a7,2024-08-07,True
f06b47911c88,2024-06-20,True
3575b2d9736e,2024-08-19,False
c61145b31d8d,2024-08-28,False
aed84f8873c8,2024-02-17,True
0e123bee983c,2024-11-22,True
ebbf9ba6eda7,2024-09-24,True
3e0021fe51b7,2024-08-16,True
b66162f779d1,2024-05-04,True
a8f87865b841,2024-04-20,False
f9433d349fe5,2024-12-01,True
27bfd5bb2782,2024-02-02,False
f1e85633ef13,2024-07-15,True
0e4d2af946a1,2024-03-10,True
26fdb7c31c1c,2024-03-14,True
a76748413235,2024-07-03,True
fd8ceae5272c,2024-12-13,True
e0dfb431e408,2024-12-13,True
1ee727a6da64,2024-02-29,True
21c88a820fbf,2024-01-23,True
ab1017562d9b,2024-01-21,True
3a2f766e6b6a,2024-04-09,True
c3a77a1c54e9,2024-02-05,True
4d3210bc699d,2024-12-24,True
bd6a980ef5d3,2024-02-13,True
3b41827c10f0,2024-01-08,True
7bdb27baed78,2024-08-29,True
4926d1fac169,2024-07-28,True
570358204331,2024-03-09,True
0e370b7188a3,2024-01-18,True
aa9a57be266a,2024-05-12,False
d24a3d9edbd0,2024-10-12,True
c52644daf562,2024-01-22,True
6043acb84c88,2024-06-29,True
44697ec4ffa3,2024-06-05,True
69569eb53b8a,2024-05-08,False
35ad3b9bbc90,2024-03-01,True
67589454212c,2024-06-15,True
dd587c52ab06,2024-02-03,True
8f52564ed13a,2024-12-08,False
43d920c257a3,2024-05-24,True
ea9f86785d1b,2024-02-10,True
938b1f12501a,2024-07-19,True
0dfe4363f4b1,2024-06-24,True
51189ee06c78,2024-06-14,True
0328e47b033e,2024-04-14,True
997ed4305ceb,2024-04-13,True
d21073694307,2024-10-14,True
ca990ba8fda4,2024-09-06,True
28f3bff5fa72,2024-12-24,True
277cc87822af,2024-04-23,True
03a911143c5f,2024-11-04,True
953adc9b3656,2024-06-11,True
e3492a8ae221,2024-05-22,True
f88d6b89548e,2024-11-01,True
d63869c62f90,2024-04-29,True
d9a04abb1278,2024-09-29,True
9f03ee2493f6,2024-05-12,True
a44791034439,2024-12-14,True
9797615e626b,2024-07-29,True
1e2847428370,2024-10-17,False
3ffbd42ebc08,2024-11-21,True
077fe77b8386,2024-05-03,True
144534473403,2024-03-02,False
9358bf9bbcfb,2024-02-28,True
8f4cbbee1ff5,2024-04-08,False
14a4b95f667c,2024-02-07,True
da4e5fc76966,2024-11-23,True
6a290d731c37,2024-07-28,True
ec6c6ba265c4,2024-12-20,False
1e2841f616af,2024-11-24,False
b5b9e7efe92f,2024-10-31,True
294a6be88c77,2024-04-16,True
4dc27305d432,2024-03-26,True
30a9ce16486f,2024-04-24,False
fcbd0f67b156,2024-07-05,False
80b99916b364,2024-06-29,True
a3b3cdd69986,2024-08-31,True
484fe1fe3911,2024-12-24,False
2dee89b28019,2024-11-15,True
e07315421b9f,2024-10-21,True
7c77889246e1,2024-07-04,True
2be80ae58301,2024-02-07,True
97168be9115f,2024-08-30,False
ac7c0b63290d,2024-09-06,True
1d86e48c7b28,2024-06-26,True
81b9a584822c,2024-04-14,True
17fc1d1ef6a7,2024-05-21,True
b37aad048b98,2024-03-02,False
50ee86a2e998,2024-06-03,False
4225d284b725,2024-11-28,True
29418e40c25a,2024-08-26,False
baf25960ca35,2024-11-12,False
60b4ee470cd5,2024-08-08,True
ef4731394c42,2024-06-04,False
e747cb4adb56,2024-03-14,True
f6a6c252a9d2,2024-08-14,True
2d32cc35b232,2024-06-04,True
b5ffbe891480,2024-01-24,True
c180afabe69a,2024-02-27,True
e5b88c196dfb,2024-05-26,True
a63acad322bf,2024-09-28,True
3c1be721b2ba,2024-01-07,True
be63ec85641e,2024-07-21,True
38cd838e2205,2024-09-29,True
35aed43ee22c,2024-08-16,True
469ef2e74b73,2024-05-01,True
d45dc6b64c3f,2024-09-18,True
9811c314ff5e,2024-01-05,True
736a55d0e6ca,2024-09-04,False
e725b344bba9,2024-07-21,True
c192a33dfabf,2024-12-15,False
b7fe8b8aaeb6,2024-09-20,True
5eae18c64d90,2024-01-18,True
5a19252949a1,2024-06-03,True
48144993fc7e,2024-11-30,True
df967608f7b8,2024-07-03,True
94de2a242999,2024-05-11,False
01a4e5e9509b,2024-05-23,True
f6d66c5c4f97,2024-06-07,True
d4bf9834c7b2,2024-04-24,True
886619ea7ce3,2024-07-13,True
10a43153300a,2024-10-19,True
dcdefde39a33,2024-01-25,False
7f6a95393a1d,2024-03-18,True
912cf2daf931,2024-06-25,True
c86c11af5b15,2024-09-17,True
08209313bef4,2024-11-17,True
858385387bd3,2024-06-22,True
7f38cf5a7101,2024-02-18,True
46cb718118b0,2024-10-20,True
86a8cda42b2d,2024-10-07,False
eca8a5cf9257,2024-01-14,False
86eecdf18f4a,2024-05-07,True
6791fd6e4cba,2024-01-23,True
ca617f48d9f2,2024-02-04,True
9fab3e52e795,2024-07-26,True
513f5783b407,2024-08-09,True
b81831de62c6,2024-08-28,True
7a5f2bf176b6,2024-04-20,True
2cf3c0b1280f,2024-04-03,True
08d16dc59848,2024-01-06,True
020f5f6e0907,2024-01-21,True
2d105068e6cd,2024-02-29,True
608901b1271c,2024-04-25,False
e4c8afacce84,2024-06-13,False
32cd7f976d27,2024-12-08,True
43d7923bc733,2024-03-24,False
d5af65049c8e,2024-10-21,True
effb2802ae8f,2024-01-08,True
9f69c2de66e9,2024-03-26,True
fafeb92b4dfe,2024-05-13,True
a8714a8c5737,2024-10-22,True
a36079a4c518,2024-06-19,True
806635ad2411,2024-09-12,True
46ee4452ce3b,2024-11-28,False
64c370b3ef88,2024-07-27,False
c92f5985cf53,2024-08-30,True
197b697edc97,2024-05-11,False
c13b2089d83a,2024-03-21,False
11adb6890944,2024-05-28,True
cc14fd12dddc,2024-10-28,True
62f5601a64d4,2024-04-04,True
56e4971ff931,2024-06-27,True
dab5650a4996,2024-02-18,True
320ccd0e9607,2024-05-29,False
7c9244f0d653,2024-09-06,True
a3c67030d435,2024-04-25,True
394c821cd65c,2024-10-15,True
96aa6aace9ad,2024-09-06,False
dbef99a3e961,2024-08-16,True
d425b7c8a52a,2024-11-04,False
97ee11c7499b,2024-09-25,True
6e43a6195982,2024-05-27,False
43295b96f238,2024-06-20,False
e9a4009d3d1f,2024-09-28,True
61ff1ebade83,2024-11-20,True
125d775f9bc5,2024-06-24,True
da2fb9ebaaa0,2024-03-18,True
c3e270fd3984,2024-11-07,True
9aa6ae5b946f,2024-03-23,False
20e1a2bd5e33,2024-01-24,True
b6d6ea760058,2024-09-24,True
36acec49345e,2024-11-08,True
4209a5ef52a8,2024-07-20,False
4581527c34aa,2024-03-10,True
284d91cd640d,2024-05-31,True
dc860b0e5e4d,2024-05-06,True
488130f6b6ed,2024-12-01,True
7695cd8120c3,2024-10-14,True
9a40b049a884,2024-06-01,True
69af901a0e67,2024-05-07,True
f2eddb5a3176,2024-03-31,True
980a0e954e69,2024-02-05,True
091aed5d2b65,2024-03-12,True
01afeaee050e,2024-04-18,True
f2f7b2985ec3,2024-01-04,True
ff95ec669a6e,2024-10-18,True
5f47a9bc155c,2024-04-28,True
97a22c989510,2024-01-28,True
4ec3dbf74fc3,2024-01-19,True
96a36c7709f3,2024-08-01,True
a7bd9dcedbf7,2024-07-07,True
7663284e552b,2024-04-09,True
233d07dc27c2,2024-03-15,False
2f6514a43ca4,2024-10-26,False
9b7f41a30524,2024-08-18,True
396a75d12b8e,2024-06-30,True
8de1beb889d1,2024-05-19,True
cd94c137e5b9,2024-02-27,True
d1a67b6c6048,2024-06-25,True
9aea8e2b0161,2024-02-12,True
51bc8e1906da,2024-05-02,True
d0e820e8ec52,2024-01-14,True
8f68ef6a4bc0,2024-11-18,True
9133ec85b141,2024-10-04,False
38a83363f764,2024-10-23,True
660c4dcbec5b,2024-04-29,False
7d47deac1558,2024-10-08,True
5fc953caa089,2024-10-10,True
c608d1d09d3e,2024-02-13,True
ca0512e587ee,2024-09-29,True
9981eb896cf3,2024-07-14,True
9f083b55749a,2024-09-26,False
04895bef2775,2024-06-22,False
94277f6274c7,2024-11-16,False
233b6644b89a,2024-12-24,False
167948d440a9,2024-03-23,True
4f69e9e934be,2024-07-03,False
994371e48334,2024-09-17,False
3bb6cfc7c16f,2024-02-02,True
2eef1dd781ff,2024-08-14,True
1df4feeac70d,2024-10-22,True
123e029f0e52,2024-02-12,True
6b2378b8932f,2024-01-28,True
2b66ca3c400e,2024-08-30,True
249c6cceb746,2024-02-18,False
0e6c4c27dc42,2024-11-22,True
1a76811ab2a8,2024-07-14,False
c4fe8e8e45a3,2024-12-19,True
e2f9deeba450,2024-08-03,False
e0b05b2aee5b,2024-10-20,True
725fe498d6bb,2024-12-02,True
d7a3788559c4,2024-07-11,True
66cccf3363d5,2024-03-03,False
389b8241af5e,2024-01-11,True
f95db861b1cd,2024-05-27,False
58dbe938d560,2024-06-09,False
f1a0d07ce9cb,2024-06-18,True
1a5c524a3b29,2024-03-22,False
e2b0d149f41a,2024-04-19,True
be95b1d6fa0a,2024-06-07,False
83f904179367,2024-01-15,True
e77780572a5e,2024-04-25,False
80cbc25cc267,2024-11-06,True
cd739a96ab53,2024-07-22,False
1483a82db906,2024-01-01,True
c783f13598c6,2024-11-07,True
9f4084369280,2024-11-03,True
cc0394d2fede,2024-07-09,True
5db07fdaf9a5,2024-10-07,True
a4122bd396f6,2024-01-15,False
f9f8796ed4b0,2024-01-08,True
e32af4b118d8,2024-05-08,True
0a982ac22a01,2024-01-24,True
92172443f77c,2024-01-05,True
f3ed19abf962,2024-01-13,True
9346a6150713,2024-03-16,True
12cf7186ab89,2024-08-27,True
e0981ebd77d8,2024-11-01,True
5ccbe6c7c66e,2024-09-27,True
94170a2cf0c0,2024-04-08,True
ec3f3d966f53,2024-05-28,True
42350a76f3b4,2024-12-12,True
905331fe7b8a,2024-02-19,True
eaa34c04745b,2024-07-14,True
5b07acc00246,2024-06-04,True
a874e9453d7d,2024-08-18,True
6ab56d66e29e,2024-04-08,True
0a24eda47f5e,2024-08-21,True
215957917cd6,2024-07-29,True
a1090e7d2316,2024-01-10,True
29abe41bcd74,2024-08-31,True
faf3b9a4b00f,2024-05-29,True
f819e946cb34,2024-04-22,True
c253c95577df,2024-05-27,True
46ef183d5362,2024-12-16,True
0f969e217186,2024-03-29,True
ea9f9f2a38d8,2024-01-06,False
3199e6dd8d88,2024-01-06,True
9ea20175b9c2,2024-02-06,False
9a3e99a7bdc5,2024-02-24,False
93e69b1e4f46,2024-10-29,True
03f64d430359,2024-04-12,True
2def7f372b1d,2024-04-25,False
dc7a2a372f06,2024-04-21,True
432e6981c45e,2024-05-29,True
2cf2ef2e7a2c,2024-07-29,True
4dd7eaf431b6,2024-03-23,True
9abcffa853d7,2024-04-13,True
9dbf6357b55c,2024-07-28,True
d001c08e4513,2024-02-15,True
1d70b46a300f,2024-10-31,True
95ddbd211cfd,2024-09-14,True
0e1cad273b33,2024-06-05,False
63084641524a,2024-03-28,True
1b5340f5238d,2024-07-26,True
a868a74448f9,2024-07-15,True
adf638242cc4,2024-06-21,True
63d941e189b9,2024-08-23,True
a40a25f15817,2024-06-07,True
82fa68d8fac6,2024-06-18,True
9549c6b67352,2024-09-10,True
a7463cba2bb4,2024-06-26,True
2430d0097e01,2024-01-18,True
48a56fc0eb57,2024-01-24,True
4fc9ea862ec1,2024-09-30,False
a1586bb9f962,2024-07-27,True
b3cea262273e,2024-06-24,True
e0de987761ba,2024-02-06,True
956d028db8ec,2024-06-21,False
d80d8476d2d4,2024-03-05,True
36a8558bbea3,2024-11-23,True
7f23b0c972a6,2024-02-24,False
93a1da7d564f,2024-12-14,False
23df2c6931ba,2024-11-17,False
8e318589eb31,2024-02-28,True
a43912314a5e,2024-07-18,True
74e705eeb4fc,2024-01-29,False
ec69d4969b3a,2024-09-06,False
eda413b2446e,2024-10-23,False
68c1e113c5f9,2024-03-29,True
a8ea55281490,2024-11-11,True
dddce626c7bd,2024-12-18,True
522b1b9b1679,2024-06-16,True
6bd5c739df93,2024-09-02,False
a0e282e1f501,2024-04-16,True
53cf794caef8,2024-08-06,False
b5eab152b167,2024-09-30,False
6da55b7e6e7f,2024-12-15,True
94f7afc3622f,2024-05-17,True
b809404cd629,2024-08-29,True
8d86ef915c07,2024-03-22,True
ee4a424abdb2,2024-05-06,False
a90cfc13af63,2024-05-25,False
9da3679b4f69,2024-09-27,True
a74f96efdbe4,2024-10-13,False
54551870ba29,2024-12-20,True
224878667fad,2024-03-24,True
e14c1e61c83f,2024-08-04,True
61735c866176,2024-07-31,True
880581623fcd,2024-12-12,True
7438001a6c72,2024-08-25,True
1f204535d8d7,2024-03-07,True
b1d9cb1c4d9b,2024-01-19,False
fa15e293597a,2024-02-19,True
27f524fcd788,2024-07-06,True
929192fe4d26,2024-08-14,True
04c5b2984aea,2024-04-05,True
355a8d4ed334,2024-02-12,True
80809b9a3090,2024-01-18,True
df838def34b2,2024-09-18,True
86b2d534b82a,2024-11-30,True
ba29b11ed0a1,2024-02-22,True
49b9d588fe3d,2024-04-08,True
7c00f679bc07,2024-09-18,True
ce8fdcf8cdf2,2024-07-14,True
40fa756fd782,2024-05-23,True
892359d9e55c,2024-11-08,True
41a7184b483f,2024-07-26,False
b4166590468a,2024-08-08,True
a9c705d99c91,2024-10-07,True
5bf90223daea,2024-10-15,False
21311915ed4b,2024-11-12,True
7ac2f15ac502,2024-05-01,True
e9c2c820d212,2024-11-13,True
15248b2bfd4c,2024-09-22,True
e17c67991550,2024-12-10,True
9c50f78ffa47,2024-02-06,False
966dfc45ae65,2024-05-05,True
9133e30878e4,2024-11-09,True
113cdd02006b,2024-04-29,True
377413350636,2024-03-20,True
c098ad15b5c8,2024-11-28,False
61d83f31961a,2024-11-24,False
ebfaccfe15ca,2024-02-19,True
3f624e8f3a6e,2024-07-17,False
c80fc1ca52a9,2024-11-16,True
fee41a641163,2024-05-08,True
bd248ba66a87,2024-08-24,True
c39dcc354b38,2024-08-03,True
72ae4f03fe6b,2024-12-17,False
b76bd67032db,2024-10-21,True
3182b999ba0b,2024-01-27,True
0ea6eb05a36d,2024-11-09,True
4d08c9a6db7d,2024-05-11,True
4b677f3e591a,2024-02-28,True
ea85ba49a95d,2024-04-26,True
597e2e7698d1,2024-09-22,True
21ed3d13d72d,2024-08-20,True
ee9a2e64f5c1,2024-04-23,True
20af5708699a,2024-06-10,True
b403476010f2,2024-07-26,False
851801d94302,2024-09-21,True
5d1dc16a3371,2024-12-23,True
025a9d2656e7,2024-02-03,True
b98b8ffef89b,2024-09-05,True
cb20528bbacb,2024-05-29,True
5b8f0742465e,2024-05-12,True
e6555de9e580,2024-11-21,True
5ad77786015e,2024-02-17,False
21cc94ac529c,2024-03-28,True
da86daad7ea3,2024-04-20,True
037571ee3014,2024-05-17,True
404394c6acd6,2024-03-07,True
ff9fdc51b7a7,2024-04-25,True
510a7d6de082,2024-10-10,False
5eccf60566ee,2024-10-19,True
99a3932a7ca6,2024-09-08,True
8afa53abc3d6,2024-06-30,True
ee26ca97553f,2024-03-28,True
a7e5fec3e005,2024-03-28,True
834e0897a55a,2024-06-03,True
f32a1286f257,2024-03-26,True
50a30fc27bb4,2024-05-02,True
b3a81ca8a889,2024-06-27,True
5adcac6cd633,2024-09-27,True
222b03a9305b,2024-07-15,True
c082e1afa817,2024-01-07,True
0907f6db03c4,2024-01-15,True
4e330f7d1008,2024-09-29,True
988b9fa4674b,2024-07-30,False
87822fb8896e,2024-10-14,True
3c0e4e3c4a99,2024-10-28,True
87f06ae1d6d1,2024-08-02,True
17dc7a41059c,2024-12-08,True
96d0355ce194,2024-05-05,True
560b09922bda,2024-02-08,False
